abo-B000HDJ4TI	1	https://amazon-berkeley-objects.s3.amazonaws.com/images/original/06/06cca770.jpg
abo-B000HDJ4TI	2	https://amazon-berkeley-objects.s3.amazonaws.com/images/original/c3/c3dddb4a.jpg
abo-B000HDJ4TI	3	https://amazon-berkeley-objects.s3.amazonaws.com/images/original/ca/ca0506ac.jpg
abo-B000HDMU9E	1	https://amazon-berkeley-objects.s3.amazonaws.com/images/original/7d/7d3243e2.jpg
abo-B000HDMU9E	2	https://amazon-berkeley-objects.s3.amazonaws.com/images/original/67/6715a62f.jpg
abo-B000HDMU9E	3	https://amazon-berkeley-objects.s3.amazonaws.com/images/original/8b/8be724b8.jpg
abo-B000HDMU9E	4	https://amazon-berkeley-objects.s3.amazonaws.com/images/original/43/43d226e2.jpg
abo-B000L12R2W	1	https://amazon-berkeley-objects.s3.amazonaws.com/images/original/29/29e67005.jpg
abo-B000L12R2W	2	https://amazon-berkeley-objects.s3.amazonaws.com/images/original/90/90f5cde3.jpg
abo-B000MCFMP4	1	https://amazon-berkeley-objects.s3.amazonaws.com/images/original/ad/ad781f74.jpg
abo-B000MCFMP4	2	https://amazon-berkeley-objects.s3.amazonaws.com/images/original/ac/ac278843.jpg
abo-B000MCFMP4	3	https://amazon-berkeley-objects.s3.amazonaws.com/images/original/2b/2ba7fa81.jpg
abo-B000MCFMP4	4	https://amazon-berkeley-objects.s3.amazonaws.com/images/original/d7/d79cd236.jpg
abo-B000MCFMR2	1	https://amazon-berkeley-objects.s3.amazonaws.com/images/original/1f/1f92da14.jpg
abo-B000MCFMR2	2	https://amazon-berkeley-objects.s3.amazonaws.com/images/original/5c/5cebe35c.jpg
abo-B000MCFMR2	3	https://amazon-berkeley-objects.s3.amazonaws.com/images/original/e2/e2cf146b.jpg
abo-B000MCFMR2	4	https://amazon-berkeley-objects.s3.amazonaws.com/images/original/48/488c9f65.jpg
abo-B000MCJIA4	1	https://amazon-berkeley-objects.s3.amazonaws.com/images/original/8d/8d2df882.jpg
abo-B000MCJIA4	2	https://amazon-berkeley-objects.s3.amazonaws.com/images/original/3d/3d87f073.jpg
abo-B000MCJIA4	3	https://amazon-berkeley-objects.s3.amazonaws.com/images/original/5b/5b793046.jpg
abo-B000MCJIA4	4	https://amazon-berkeley-objects.s3.amazonaws.com/images/original/0e/0eecdc79.jpg
abo-B000MCL42O	1	https://amazon-berkeley-objects.s3.amazonaws.com/images/original/86/86a0e966.jpg
abo-B000MCL42O	2	https://amazon-berkeley-objects.s3.amazonaws.com/images/original/0e/0ed22bec.jpg
abo-B000MCL42O	3	https://amazon-berkeley-objects.s3.amazonaws.com/images/original/81/81418fc4.jpg
abo-B000MCL42O	4	https://amazon-berkeley-objects.s3.amazonaws.com/images/original/e9/e9c618bd.jpg
abo-B000MFFCFQ	1	https://amazon-berkeley-objects.s3.amazonaws.com/images/original/66/6695bfea.jpg
abo-B000MFFCFQ	2	https://amazon-berkeley-objects.s3.amazonaws.com/images/original/c2/c271c0dc.jpg
abo-B000NDHMQ4	1	https://amazon-berkeley-objects.s3.amazonaws.com/images/original/a7/a79dfc4b.jpg
abo-B000NDHMQ4	2	https://amazon-berkeley-objects.s3.amazonaws.com/images/original/e7/e7937734.jpg
abo-B000NDHMRS	1	https://amazon-berkeley-objects.s3.amazonaws.com/images/original/04/043763a5.jpg
abo-B000NDHMRS	2	https://amazon-berkeley-objects.s3.amazonaws.com/images/original/f3/f3193f37.jpg
abo-B000NDHN04	1	https://amazon-berkeley-objects.s3.amazonaws.com/images/original/40/40e9bcf1.jpg
abo-B000NDHN04	2	https://amazon-berkeley-objects.s3.amazonaws.com/images/original/00/0026293f.jpg
abo-B000NDHN04	3	https://amazon-berkeley-objects.s3.amazonaws.com/images/original/36/36c75411.jpg
abo-B000NDLNR8	1	https://amazon-berkeley-objects.s3.amazonaws.com/images/original/b0/b0516d00.jpg
abo-B000NDLNR8	2	https://amazon-berkeley-objects.s3.amazonaws.com/images/original/36/36813831.jpg
abo-B000NDLNR8	3	https://amazon-berkeley-objects.s3.amazonaws.com/images/original/ce/ce44d260.jpg
abo-B000NDLNR8	4	https://amazon-berkeley-objects.s3.amazonaws.com/images/original/1c/1c82ae22.jpg
abo-B000NDLO1I	1	https://amazon-berkeley-objects.s3.amazonaws.com/images/original/c0/c0705ba4.jpg
abo-B000NDLO1I	2	https://amazon-berkeley-objects.s3.amazonaws.com/images/original/ff/fff1be9d.jpg
abo-B000NDLO1I	3	https://amazon-berkeley-objects.s3.amazonaws.com/images/original/20/200a50f6.jpg
abo-B000NDLO86	1	https://amazon-berkeley-objects.s3.amazonaws.com/images/original/4a/4a8393b0.jpg
abo-B000NDLO86	2	https://amazon-berkeley-objects.s3.amazonaws.com/images/original/51/51ef3a38.jpg
abo-B000NDLO86	3	https://amazon-berkeley-objects.s3.amazonaws.com/images/original/8c/8ce45d5f.jpg
abo-B000NDMNM2	1	https://amazon-berkeley-objects.s3.amazonaws.com/images/original/df/dfd6bcbf.jpg
abo-B000NDMNM2	2	https://amazon-berkeley-objects.s3.amazonaws.com/images/original/06/06b97716.jpg
abo-B000NDMNM2	3	https://amazon-berkeley-objects.s3.amazonaws.com/images/original/6c/6cfa875a.jpg
abo-B000NDMNM2	4	https://amazon-berkeley-objects.s3.amazonaws.com/images/original/cf/cfaff645.jpg
abo-B000NDMNNG	1	https://amazon-berkeley-objects.s3.amazonaws.com/images/original/d3/d3f2f0d2.jpg
abo-B000NDMNNG	2	https://amazon-berkeley-objects.s3.amazonaws.com/images/original/73/73f9b066.jpg
abo-B000NDMNNG	3	https://amazon-berkeley-objects.s3.amazonaws.com/images/original/1f/1ff8274c.jpg
abo-B000NDMNNG	4	https://amazon-berkeley-objects.s3.amazonaws.com/images/original/8d/8d843245.jpg
abo-B000NDMNUO	1	https://amazon-berkeley-objects.s3.amazonaws.com/images/original/90/90091ecc.jpg
abo-B000NDMNUO	2	https://amazon-berkeley-objects.s3.amazonaws.com/images/original/51/512cd166.jpg
abo-B000NDMO0S	1	https://amazon-berkeley-objects.s3.amazonaws.com/images/original/23/23040e16.jpg
abo-B000NDMO0S	2	https://amazon-berkeley-objects.s3.amazonaws.com/images/original/0d/0d39d36b.jpg
abo-B000NDMO0S	3	https://amazon-berkeley-objects.s3.amazonaws.com/images/original/34/341fcbc6.jpg
abo-B000NDMO3K	1	https://amazon-berkeley-objects.s3.amazonaws.com/images/original/fe/fee4282f.jpg
abo-B000NDMO3K	2	https://amazon-berkeley-objects.s3.amazonaws.com/images/original/94/9492a228.jpg
abo-B000NDMO3K	3	https://amazon-berkeley-objects.s3.amazonaws.com/images/original/4e/4e619953.jpg
abo-B000NDMO4E	1	https://amazon-berkeley-objects.s3.amazonaws.com/images/original/d3/d3c1c7ef.jpg
abo-B000NDMO4E	2	https://amazon-berkeley-objects.s3.amazonaws.com/images/original/57/57850435.jpg
abo-B000NDMO4E	3	https://amazon-berkeley-objects.s3.amazonaws.com/images/original/96/963ea7f8.jpg
abo-B000NDOEK6	1	https://amazon-berkeley-objects.s3.amazonaws.com/images/original/ea/ea67dd26.jpg
abo-B000NDOEK6	2	https://amazon-berkeley-objects.s3.amazonaws.com/images/original/85/854a794a.jpg
abo-B000NDOEK6	3	https://amazon-berkeley-objects.s3.amazonaws.com/images/original/fa/fa3d038b.jpg
abo-B000NDOEK6	4	https://amazon-berkeley-objects.s3.amazonaws.com/images/original/27/2793c6f1.jpg
abo-B000NDOEL0	1	https://amazon-berkeley-objects.s3.amazonaws.com/images/original/55/55084dde.jpg
abo-B000NDOEL0	2	https://amazon-berkeley-objects.s3.amazonaws.com/images/original/b9/b9db8fd0.jpg
abo-B000NDOEL0	3	https://amazon-berkeley-objects.s3.amazonaws.com/images/original/31/31223e9d.jpg
abo-B000NDOEL0	4	https://amazon-berkeley-objects.s3.amazonaws.com/images/original/bb/bba8fedc.jpg
abo-B000NDOEMY	1	https://amazon-berkeley-objects.s3.amazonaws.com/images/original/89/890dc254.jpg
abo-B000NDOEMY	2	https://amazon-berkeley-objects.s3.amazonaws.com/images/original/a9/a9f8fc11.jpg
abo-B000NDOEMY	3	https://amazon-berkeley-objects.s3.amazonaws.com/images/original/b5/b5044b47.jpg
abo-B000NDOEMY	4	https://amazon-berkeley-objects.s3.amazonaws.com/images/original/51/51fb11f4.jpg
abo-B000NDOEMY	5	https://amazon-berkeley-objects.s3.amazonaws.com/images/original/91/91022b26.jpg
abo-B000NDOEMY	6	https://amazon-berkeley-objects.s3.amazonaws.com/images/original/e6/e6de2710.jpg
abo-B000NDOEMY	7	https://amazon-berkeley-objects.s3.amazonaws.com/images/original/ec/ece6cbe8.jpg
abo-B000NDOEMY	8	https://amazon-berkeley-objects.s3.amazonaws.com/images/original/f2/f227261f.jpg
abo-B000NDOEWE	1	https://amazon-berkeley-objects.s3.amazonaws.com/images/original/85/85e7b881.jpg
abo-B000NDOEWE	2	https://amazon-berkeley-objects.s3.amazonaws.com/images/original/a0/a0d57d53.jpg
abo-B000NDOEY2	1	https://amazon-berkeley-objects.s3.amazonaws.com/images/original/90/90091ecc.jpg
abo-B000NDOEY2	2	https://amazon-berkeley-objects.s3.amazonaws.com/images/original/51/512cd166.jpg
abo-B000NDOF0U	1	https://amazon-berkeley-objects.s3.amazonaws.com/images/original/3b/3beb68dd.jpg
abo-B000NDOF0U	2	https://amazon-berkeley-objects.s3.amazonaws.com/images/original/cb/cb257547.jpg
abo-B000NDOF0U	3	https://amazon-berkeley-objects.s3.amazonaws.com/images/original/84/8498cd55.jpg
abo-B000NDOF9Q	1	https://amazon-berkeley-objects.s3.amazonaws.com/images/original/bb/bbd504b4.jpg
abo-B000NDOF9Q	2	https://amazon-berkeley-objects.s3.amazonaws.com/images/original/55/55e25406.jpg
abo-B000NDOF9Q	3	https://amazon-berkeley-objects.s3.amazonaws.com/images/original/ee/eed92bd7.jpg
abo-B000NDOFBY	1	https://amazon-berkeley-objects.s3.amazonaws.com/images/original/40/40e9bcf1.jpg
abo-B000NDOFBY	2	https://amazon-berkeley-objects.s3.amazonaws.com/images/original/00/0026293f.jpg
abo-B000NDOFBY	3	https://amazon-berkeley-objects.s3.amazonaws.com/images/original/36/36c75411.jpg
abo-B000NJBMZA	1	https://amazon-berkeley-objects.s3.amazonaws.com/images/original/16/169ee0d8.jpg
abo-B000NJBMZA	2	https://amazon-berkeley-objects.s3.amazonaws.com/images/original/5e/5e169a4e.jpg
abo-B000NJBMZA	3	https://amazon-berkeley-objects.s3.amazonaws.com/images/original/39/391a1ff3.jpg
abo-B000NJBN6I	1	https://amazon-berkeley-objects.s3.amazonaws.com/images/original/8e/8eb6e22b.jpg
abo-B000NJBN6I	2	https://amazon-berkeley-objects.s3.amazonaws.com/images/original/83/835ab2a5.jpg
abo-B000NJBN6I	3	https://amazon-berkeley-objects.s3.amazonaws.com/images/original/5a/5a1d5820.jpg
abo-B000NJBN6I	4	https://amazon-berkeley-objects.s3.amazonaws.com/images/original/4f/4f64119c.jpg
abo-B000NJCQNW	1	https://amazon-berkeley-objects.s3.amazonaws.com/images/original/7c/7c4e9947.jpg
abo-B000NJCQNW	2	https://amazon-berkeley-objects.s3.amazonaws.com/images/original/48/481d64ac.jpg
abo-B000NJCQNW	3	https://amazon-berkeley-objects.s3.amazonaws.com/images/original/51/51a9c2d4.jpg
abo-B000NJEU8G	1	https://amazon-berkeley-objects.s3.amazonaws.com/images/original/4a/4a9d6e4a.jpg
abo-B000NJEU8G	2	https://amazon-berkeley-objects.s3.amazonaws.com/images/original/94/94a28e82.jpg
abo-B000NJEU8G	3	https://amazon-berkeley-objects.s3.amazonaws.com/images/original/0a/0aa5fa1f.jpg
abo-B000NJGCVE	1	https://amazon-berkeley-objects.s3.amazonaws.com/images/original/a7/a74327ab.jpg
abo-B000NJGCVE	2	https://amazon-berkeley-objects.s3.amazonaws.com/images/original/ba/bacceb0d.jpg
abo-B000NJGCVE	3	https://amazon-berkeley-objects.s3.amazonaws.com/images/original/3b/3b2d9611.jpg
abo-B000NLUMYA	1	https://amazon-berkeley-objects.s3.amazonaws.com/images/original/c8/c843cd78.jpg
abo-B000NLUMYA	2	https://amazon-berkeley-objects.s3.amazonaws.com/images/original/97/97af830c.jpg
abo-B000NLUMYA	3	https://amazon-berkeley-objects.s3.amazonaws.com/images/original/ad/ad82efb3.jpg
abo-B000NLUMYA	4	https://amazon-berkeley-objects.s3.amazonaws.com/images/original/27/27dcd40e.jpg
abo-B000NLWQ8A	1	https://amazon-berkeley-objects.s3.amazonaws.com/images/original/67/67130852.jpg
abo-B000NLWQ8A	2	https://amazon-berkeley-objects.s3.amazonaws.com/images/original/17/1750ca2e.jpg
abo-B000NLWQ8A	3	https://amazon-berkeley-objects.s3.amazonaws.com/images/original/44/44862d6e.jpg
abo-B000NLWQ8A	4	https://amazon-berkeley-objects.s3.amazonaws.com/images/original/d7/d73dd4bd.jpg
abo-B000NLYRIM	1	https://amazon-berkeley-objects.s3.amazonaws.com/images/original/f2/f211d43b.jpg
abo-B000NLYRIM	2	https://amazon-berkeley-objects.s3.amazonaws.com/images/original/a4/a4eae866.jpg
abo-B000NLYRIM	3	https://amazon-berkeley-objects.s3.amazonaws.com/images/original/46/46b5cefa.jpg
abo-B000NLYRIM	4	https://amazon-berkeley-objects.s3.amazonaws.com/images/original/e7/e72ff35f.jpg
abo-B000NXFV6C	1	https://amazon-berkeley-objects.s3.amazonaws.com/images/original/b4/b4855108.jpg
abo-B000NXFV6C	2	https://amazon-berkeley-objects.s3.amazonaws.com/images/original/20/20917bb0.jpg
abo-B000NXIMKY	1	https://amazon-berkeley-objects.s3.amazonaws.com/images/original/a4/a445db04.jpg
abo-B000NXIMKY	2	https://amazon-berkeley-objects.s3.amazonaws.com/images/original/d8/d8827481.jpg
abo-B000NXIMKY	3	https://amazon-berkeley-objects.s3.amazonaws.com/images/original/d7/d7e1987b.jpg
abo-B000NXIMKY	4	https://amazon-berkeley-objects.s3.amazonaws.com/images/original/6f/6f4f8f3a.jpg
abo-B000VDI8UK	1	https://amazon-berkeley-objects.s3.amazonaws.com/images/original/14/14aabb75.jpg
abo-B000VDI8UK	2	https://amazon-berkeley-objects.s3.amazonaws.com/images/original/c4/c454a1b4.jpg
abo-B000VDI8UK	3	https://amazon-berkeley-objects.s3.amazonaws.com/images/original/ea/ead82e68.jpg
abo-B000VDI8UK	4	https://amazon-berkeley-objects.s3.amazonaws.com/images/original/16/161e78d1.jpg
abo-B000W9UXVU	1	https://amazon-berkeley-objects.s3.amazonaws.com/images/original/0a/0ae6e2f6.jpg
abo-B000W9UXVU	2	https://amazon-berkeley-objects.s3.amazonaws.com/images/original/ab/ab08a562.jpg
abo-B000W9UXVU	3	https://amazon-berkeley-objects.s3.amazonaws.com/images/original/18/1862ea0f.jpg
abo-B0014C2BGO	1	https://amazon-berkeley-objects.s3.amazonaws.com/images/original/d7/d7f28697.jpg
abo-B0014C2BGO	2	https://amazon-berkeley-objects.s3.amazonaws.com/images/original/6a/6a6a0b94.jpg
abo-B0014C2BGO	3	https://amazon-berkeley-objects.s3.amazonaws.com/images/original/fc/fcc24afb.jpg
abo-B004X7I1FC	1	https://amazon-berkeley-objects.s3.amazonaws.com/images/original/6a/6affb47f.jpg
abo-B004X7I1FC	2	https://amazon-berkeley-objects.s3.amazonaws.com/images/original/99/99b49b63.jpg
abo-B004X7I1FC	3	https://amazon-berkeley-objects.s3.amazonaws.com/images/original/f5/f5ee2320.jpg
abo-B004X7I1FC	4	https://amazon-berkeley-objects.s3.amazonaws.com/images/original/c7/c7d841cc.jpg
abo-B00BXBGG76	1	https://amazon-berkeley-objects.s3.amazonaws.com/images/original/6e/6ec1de19.jpg
abo-B00BXBGG76	2	https://amazon-berkeley-objects.s3.amazonaws.com/images/original/d2/d29f37f2.jpg
abo-B00BXBGG76	3	https://amazon-berkeley-objects.s3.amazonaws.com/images/original/f5/f5047137.jpg
abo-B00BXBGG76	4	https://amazon-berkeley-objects.s3.amazonaws.com/images/original/84/84a3beac.jpg
abo-B00NUS5D4C	1	https://amazon-berkeley-objects.s3.amazonaws.com/images/original/e5/e558b2e0.jpg
abo-B00NUS5D4C	2	https://amazon-berkeley-objects.s3.amazonaws.com/images/original/24/24eace01.jpg
abo-B00NUS5D4C	3	https://amazon-berkeley-objects.s3.amazonaws.com/images/original/fc/fcb6e984.jpg
abo-B00NUS5D4C	4	https://amazon-berkeley-objects.s3.amazonaws.com/images/original/32/32176996.jpg
abo-B00NUS5D4C	5	https://amazon-berkeley-objects.s3.amazonaws.com/images/original/83/83611665.jpg
abo-B00NUS5D4C	6	https://amazon-berkeley-objects.s3.amazonaws.com/images/original/28/28fff552.jpg
abo-B00NUS5D4C	7	https://amazon-berkeley-objects.s3.amazonaws.com/images/original/88/882c548c.jpg
abo-B00NUS5D4C	8	https://amazon-berkeley-objects.s3.amazonaws.com/images/original/9f/9fab9b02.jpg
abo-B00NUS5GXA	1	https://amazon-berkeley-objects.s3.amazonaws.com/images/original/f2/f298222c.jpg
abo-B00NUS5GXA	2	https://amazon-berkeley-objects.s3.amazonaws.com/images/original/bb/bbec5b81.jpg
abo-B00NUS5GXA	3	https://amazon-berkeley-objects.s3.amazonaws.com/images/original/eb/ebf530b1.jpg
abo-B00NUS5GXA	4	https://amazon-berkeley-objects.s3.amazonaws.com/images/original/53/53899724.jpg
abo-B00NUS5GXA	5	https://amazon-berkeley-objects.s3.amazonaws.com/images/original/01/019827ad.jpg
abo-B00NUS5GXA	6	https://amazon-berkeley-objects.s3.amazonaws.com/images/original/55/5522bf34.jpg
abo-B00NUS5GXA	7	https://amazon-berkeley-objects.s3.amazonaws.com/images/original/da/da453bdc.jpg
abo-B00NUS5GXA	8	https://amazon-berkeley-objects.s3.amazonaws.com/images/original/e1/e12d3c77.jpg
abo-B00OS7ELK6	1	https://amazon-berkeley-objects.s3.amazonaws.com/images/original/1f/1fa0b0e3.jpg
abo-B00OS7ELK6	2	https://amazon-berkeley-objects.s3.amazonaws.com/images/original/2d/2dc52130.jpg
abo-B00OS7ELK6	3	https://amazon-berkeley-objects.s3.amazonaws.com/images/original/e2/e2d17ae5.jpg
abo-B00OS7ELK6	4	https://amazon-berkeley-objects.s3.amazonaws.com/images/original/ea/eaa42590.jpg
abo-B00TIFV5BG	1	https://amazon-berkeley-objects.s3.amazonaws.com/images/original/34/34a5e944.jpg
abo-B00TIFV5BG	2	https://amazon-berkeley-objects.s3.amazonaws.com/images/original/2d/2dc52130.jpg
abo-B00TIFV5BG	3	https://amazon-berkeley-objects.s3.amazonaws.com/images/original/e2/e2d17ae5.jpg
abo-B00TIFV5BG	4	https://amazon-berkeley-objects.s3.amazonaws.com/images/original/ea/eaa42590.jpg
abo-B00TP1BWMK	1	https://amazon-berkeley-objects.s3.amazonaws.com/images/original/f5/f5d7c02b.jpg
abo-B00TP1BWMK	2	https://amazon-berkeley-objects.s3.amazonaws.com/images/original/d3/d39f8cdc.jpg
abo-B00TP1BWMK	3	https://amazon-berkeley-objects.s3.amazonaws.com/images/original/a8/a880fa07.jpg
abo-B00TP1BWMK	4	https://amazon-berkeley-objects.s3.amazonaws.com/images/original/1e/1ee86a3b.jpg
abo-B00TP1C1UC	1	https://amazon-berkeley-objects.s3.amazonaws.com/images/original/b6/b60752e5.jpg
abo-B00TP1C1UC	2	https://amazon-berkeley-objects.s3.amazonaws.com/images/original/1e/1ec682e5.jpg
abo-B00TP1C1UC	3	https://amazon-berkeley-objects.s3.amazonaws.com/images/original/ab/abdc9b5f.jpg
abo-B00TP1C1UC	4	https://amazon-berkeley-objects.s3.amazonaws.com/images/original/28/28218f00.jpg
abo-B010UGLL60	1	https://amazon-berkeley-objects.s3.amazonaws.com/images/original/ac/ac5d973a.jpg
abo-B010UGLL60	2	https://amazon-berkeley-objects.s3.amazonaws.com/images/original/39/39a76e27.jpg
abo-B010UGLL60	3	https://amazon-berkeley-objects.s3.amazonaws.com/images/original/71/713b464e.jpg
abo-B010UGLL60	4	https://amazon-berkeley-objects.s3.amazonaws.com/images/original/56/56edab6f.jpg
abo-B011KQ2CVW	1	https://amazon-berkeley-objects.s3.amazonaws.com/images/original/76/768f343c.jpg
abo-B011KQ2CVW	2	https://amazon-berkeley-objects.s3.amazonaws.com/images/original/bd/bde71bbb.jpg
abo-B011KQ2CVW	3	https://amazon-berkeley-objects.s3.amazonaws.com/images/original/00/00d5c1e8.jpg
abo-B011KQ2CVW	4	https://amazon-berkeley-objects.s3.amazonaws.com/images/original/9b/9b0bc521.jpg
abo-B015X2NHOK	1	https://amazon-berkeley-objects.s3.amazonaws.com/images/original/42/4269d3b4.jpg
abo-B015X2NHOK	2	https://amazon-berkeley-objects.s3.amazonaws.com/images/original/f7/f722c88b.jpg
abo-B015X2NHOK	3	https://amazon-berkeley-objects.s3.amazonaws.com/images/original/9d/9dd43309.jpg
abo-B015X2NHOK	4	https://amazon-berkeley-objects.s3.amazonaws.com/images/original/61/617ef50c.jpg
abo-B015X2NHOK	5	https://amazon-berkeley-objects.s3.amazonaws.com/images/original/04/04cecc90.jpg
abo-B015X2NHOK	6	https://amazon-berkeley-objects.s3.amazonaws.com/images/original/e6/e6c5e94f.jpg
abo-B015X2NHOK	7	https://amazon-berkeley-objects.s3.amazonaws.com/images/original/d1/d18fee65.jpg
abo-B015X2NHOK	8	https://amazon-berkeley-objects.s3.amazonaws.com/images/original/9d/9decd807.jpg
abo-B017LSIXDE	1	https://amazon-berkeley-objects.s3.amazonaws.com/images/original/c7/c70f4b63.jpg
abo-B017LSIXDE	2	https://amazon-berkeley-objects.s3.amazonaws.com/images/original/f8/f8585b11.jpg
abo-B017LSIXDE	3	https://amazon-berkeley-objects.s3.amazonaws.com/images/original/35/352fc5fc.jpg
abo-B017LSIXDE	4	https://amazon-berkeley-objects.s3.amazonaws.com/images/original/00/0001bac4.jpg
abo-B01BYO79UE	1	https://amazon-berkeley-objects.s3.amazonaws.com/images/original/32/32effc7a.jpg
abo-B01BYO79UE	2	https://amazon-berkeley-objects.s3.amazonaws.com/images/original/d9/d91e9beb.jpg
abo-B01BYO79UE	3	https://amazon-berkeley-objects.s3.amazonaws.com/images/original/09/095c956b.jpg
abo-B01BYO79UE	4	https://amazon-berkeley-objects.s3.amazonaws.com/images/original/2f/2fb9dd6f.jpg
abo-B01IIDF51E	1	https://amazon-berkeley-objects.s3.amazonaws.com/images/original/4d/4d323048.jpg
abo-B01IIDF51E	2	https://amazon-berkeley-objects.s3.amazonaws.com/images/original/06/0640098c.jpg
abo-B01IIDF51E	3	https://amazon-berkeley-objects.s3.amazonaws.com/images/original/25/25b50035.jpg
abo-B01LX0XCSO	1	https://amazon-berkeley-objects.s3.amazonaws.com/images/original/b2/b206600b.jpg
abo-B01LX0XCSO	2	https://amazon-berkeley-objects.s3.amazonaws.com/images/original/3c/3c7aefa3.jpg
abo-B01LX0XCSO	3	https://amazon-berkeley-objects.s3.amazonaws.com/images/original/c6/c660a549.jpg
abo-B01LX0XCSO	4	https://amazon-berkeley-objects.s3.amazonaws.com/images/original/a7/a786b04b.jpg
abo-B01LX0XCSO	5	https://amazon-berkeley-objects.s3.amazonaws.com/images/original/e5/e5b8c17e.jpg
abo-B01LX0XCSO	6	https://amazon-berkeley-objects.s3.amazonaws.com/images/original/b9/b933f69a.jpg
abo-B01LX0XCSO	7	https://amazon-berkeley-objects.s3.amazonaws.com/images/original/4e/4eb88529.jpg
abo-B01LX0XCSO	8	https://amazon-berkeley-objects.s3.amazonaws.com/images/original/72/72b71f28.jpg
abo-B01LX0XEQU	1	https://amazon-berkeley-objects.s3.amazonaws.com/images/original/05/05be6fb9.jpg
abo-B01LX0XEQU	2	https://amazon-berkeley-objects.s3.amazonaws.com/images/original/05/056cfd6e.jpg
abo-B01LX0XEQU	3	https://amazon-berkeley-objects.s3.amazonaws.com/images/original/08/089dd453.jpg
abo-B01LX0XEQU	4	https://amazon-berkeley-objects.s3.amazonaws.com/images/original/73/73fe4b6e.jpg
abo-B01LX0XEQU	5	https://amazon-berkeley-objects.s3.amazonaws.com/images/original/ff/ff7f0a51.jpg
abo-B01LX0XEQU	6	https://amazon-berkeley-objects.s3.amazonaws.com/images/original/95/958e94f5.jpg
abo-B01LX0XEQU	7	https://amazon-berkeley-objects.s3.amazonaws.com/images/original/b8/b8c2f3c5.jpg
abo-B01LX0XEQU	8	https://amazon-berkeley-objects.s3.amazonaws.com/images/original/ab/ab397316.jpg
abo-B01LYNZPVJ	1	https://amazon-berkeley-objects.s3.amazonaws.com/images/original/76/766674ed.jpg
abo-B01LYNZPVJ	2	https://amazon-berkeley-objects.s3.amazonaws.com/images/original/9a/9ac7bef3.jpg
abo-B01LYNZPVJ	3	https://amazon-berkeley-objects.s3.amazonaws.com/images/original/93/930720e8.jpg
abo-B01LYNZPVJ	4	https://amazon-berkeley-objects.s3.amazonaws.com/images/original/85/85e293d5.jpg
abo-B01LYNZPVJ	5	https://amazon-berkeley-objects.s3.amazonaws.com/images/original/ed/ed93595e.jpg
abo-B01LYNZPVJ	6	https://amazon-berkeley-objects.s3.amazonaws.com/images/original/41/4118cebd.jpg
abo-B01LYNZPVJ	7	https://amazon-berkeley-objects.s3.amazonaws.com/images/original/72/72465b66.jpg
abo-B01LYNZPVJ	8	https://amazon-berkeley-objects.s3.amazonaws.com/images/original/59/59f5df54.jpg
abo-B01LYZ7U4I	1	https://amazon-berkeley-objects.s3.amazonaws.com/images/original/51/51a86200.jpg
abo-B01LYZ7U4I	2	https://amazon-berkeley-objects.s3.amazonaws.com/images/original/96/96d99014.jpg
abo-B01LYZ7U4I	3	https://amazon-berkeley-objects.s3.amazonaws.com/images/original/35/3573004e.jpg
abo-B01LYZ7U4I	4	https://amazon-berkeley-objects.s3.amazonaws.com/images/original/1b/1b09b721.jpg
abo-B01LZAV8KH	1	https://amazon-berkeley-objects.s3.amazonaws.com/images/original/3f/3f5067f6.jpg
abo-B01LZAV8KH	2	https://amazon-berkeley-objects.s3.amazonaws.com/images/original/5a/5ac59c86.jpg
abo-B01LZAV8KH	3	https://amazon-berkeley-objects.s3.amazonaws.com/images/original/d4/d4a9e915.jpg
abo-B01LZAV8KH	4	https://amazon-berkeley-objects.s3.amazonaws.com/images/original/ff/ffc97ec3.jpg
abo-B01MQJK2U3	1	https://amazon-berkeley-objects.s3.amazonaws.com/images/original/f5/f5599073.jpg
abo-B01MQJK2U3	2	https://amazon-berkeley-objects.s3.amazonaws.com/images/original/f5/f5047137.jpg
abo-B01MQJK2U3	3	https://amazon-berkeley-objects.s3.amazonaws.com/images/original/6b/6bcea891.jpg
abo-B01MQJK2U3	4	https://amazon-berkeley-objects.s3.amazonaws.com/images/original/84/84a3beac.jpg
abo-B01MQJK54W	1	https://amazon-berkeley-objects.s3.amazonaws.com/images/original/4f/4f47fe61.jpg
abo-B01MQJK54W	2	https://amazon-berkeley-objects.s3.amazonaws.com/images/original/25/25620b7e.jpg
abo-B01MQJK54W	3	https://amazon-berkeley-objects.s3.amazonaws.com/images/original/f5/f5047137.jpg
abo-B01MQJK54W	4	https://amazon-berkeley-objects.s3.amazonaws.com/images/original/6b/6b1d73a0.jpg
abo-B01MR5LL7P	1	https://amazon-berkeley-objects.s3.amazonaws.com/images/original/2b/2b58ab7b.jpg
abo-B01MR5LL7P	2	https://amazon-berkeley-objects.s3.amazonaws.com/images/original/d0/d0abb568.jpg
abo-B01MR5LL7P	3	https://amazon-berkeley-objects.s3.amazonaws.com/images/original/c1/c1526b93.jpg
abo-B01MR5LL7P	4	https://amazon-berkeley-objects.s3.amazonaws.com/images/original/e7/e7371887.jpg
abo-B01MR891US	1	https://amazon-berkeley-objects.s3.amazonaws.com/images/original/96/9626a6aa.jpg
abo-B01MR891US	2	https://amazon-berkeley-objects.s3.amazonaws.com/images/original/f5/f5688c02.jpg
abo-B01MR891US	3	https://amazon-berkeley-objects.s3.amazonaws.com/images/original/ba/ba8844c3.jpg
abo-B01MR891US	4	https://amazon-berkeley-objects.s3.amazonaws.com/images/original/90/908731f8.jpg
abo-B01MR891WD	1	https://amazon-berkeley-objects.s3.amazonaws.com/images/original/84/845289b1.jpg
abo-B01MR891WD	2	https://amazon-berkeley-objects.s3.amazonaws.com/images/original/ef/efa3282b.jpg
abo-B01MR891WD	3	https://amazon-berkeley-objects.s3.amazonaws.com/images/original/27/27ec32da.jpg
abo-B01MR891WD	4	https://amazon-berkeley-objects.s3.amazonaws.com/images/original/83/83a7dce9.jpg
abo-B01MR892ED	1	https://amazon-berkeley-objects.s3.amazonaws.com/images/original/6d/6dbe6f79.jpg
abo-B01MR892ED	2	https://amazon-berkeley-objects.s3.amazonaws.com/images/original/9d/9d541fc2.jpg
abo-B01MR892ED	3	https://amazon-berkeley-objects.s3.amazonaws.com/images/original/40/407fd6f6.jpg
abo-B01MR892ED	4	https://amazon-berkeley-objects.s3.amazonaws.com/images/original/4f/4ff1b82c.jpg
abo-B01MR892S8	1	https://amazon-berkeley-objects.s3.amazonaws.com/images/original/a7/a768785b.jpg
abo-B01MR892S8	2	https://amazon-berkeley-objects.s3.amazonaws.com/images/original/2a/2a5d9208.jpg
abo-B01MR892S8	3	https://amazon-berkeley-objects.s3.amazonaws.com/images/original/0b/0b224ed0.jpg
abo-B01MR892S8	4	https://amazon-berkeley-objects.s3.amazonaws.com/images/original/72/724ad764.jpg
abo-B01MR8942L	1	https://amazon-berkeley-objects.s3.amazonaws.com/images/original/65/653587b5.jpg
abo-B01MR8942L	2	https://amazon-berkeley-objects.s3.amazonaws.com/images/original/b6/b6de1c20.jpg
abo-B01MR8942L	3	https://amazon-berkeley-objects.s3.amazonaws.com/images/original/61/61a85ed9.jpg
abo-B01MR8942L	4	https://amazon-berkeley-objects.s3.amazonaws.com/images/original/bb/bbd52a68.jpg
abo-B01MR895GG	1	https://amazon-berkeley-objects.s3.amazonaws.com/images/original/8e/8eb86268.jpg
abo-B01MR895GG	2	https://amazon-berkeley-objects.s3.amazonaws.com/images/original/2c/2c241cdb.jpg
abo-B01MR895GG	3	https://amazon-berkeley-objects.s3.amazonaws.com/images/original/8f/8f523306.jpg
abo-B01MR895GG	4	https://amazon-berkeley-objects.s3.amazonaws.com/images/original/6e/6e4450b6.jpg
abo-B01MR896Z9	1	https://amazon-berkeley-objects.s3.amazonaws.com/images/original/35/35ec60ef.jpg
abo-B01MR896Z9	2	https://amazon-berkeley-objects.s3.amazonaws.com/images/original/0b/0bb9c036.jpg
abo-B01MR896Z9	3	https://amazon-berkeley-objects.s3.amazonaws.com/images/original/06/06cf2289.jpg
abo-B01MR896Z9	4	https://amazon-berkeley-objects.s3.amazonaws.com/images/original/4d/4d522a67.jpg
abo-B01MR897AA	1	https://amazon-berkeley-objects.s3.amazonaws.com/images/original/d3/d37b981d.jpg
abo-B01MR897AA	2	https://amazon-berkeley-objects.s3.amazonaws.com/images/original/55/5562f4fd.jpg
abo-B01MR897AA	3	https://amazon-berkeley-objects.s3.amazonaws.com/images/original/40/40d54c7a.jpg
abo-B01MR897AA	4	https://amazon-berkeley-objects.s3.amazonaws.com/images/original/b2/b29614d4.jpg
abo-B01MR897CA	1	https://amazon-berkeley-objects.s3.amazonaws.com/images/original/ec/ecb3a1fb.jpg
abo-B01MR897CA	2	https://amazon-berkeley-objects.s3.amazonaws.com/images/original/5e/5e7886b6.jpg
abo-B01MR897CA	3	https://amazon-berkeley-objects.s3.amazonaws.com/images/original/7d/7dea597e.jpg
abo-B01MR897CA	4	https://amazon-berkeley-objects.s3.amazonaws.com/images/original/24/2473e608.jpg
abo-B01MR897RC	1	https://amazon-berkeley-objects.s3.amazonaws.com/images/original/f0/f0f842b3.jpg
abo-B01MR897RC	2	https://amazon-berkeley-objects.s3.amazonaws.com/images/original/f2/f2ea0562.jpg
abo-B01MR897RC	3	https://amazon-berkeley-objects.s3.amazonaws.com/images/original/6b/6b3e25e9.jpg
abo-B01MR897RC	4	https://amazon-berkeley-objects.s3.amazonaws.com/images/original/e1/e1dd070e.jpg
abo-B01MRKXW6J	1	https://amazon-berkeley-objects.s3.amazonaws.com/images/original/ce/ceb2f137.jpg
abo-B01MRKXW6J	2	https://amazon-berkeley-objects.s3.amazonaws.com/images/original/f5/f5047137.jpg
abo-B01MRKXW6J	3	https://amazon-berkeley-objects.s3.amazonaws.com/images/original/bb/bb123658.jpg
abo-B01MRKXW6J	4	https://amazon-berkeley-objects.s3.amazonaws.com/images/original/fc/fca0d2bd.jpg
abo-B01MRKXX6E	1	https://amazon-berkeley-objects.s3.amazonaws.com/images/original/6e/6ec1de19.jpg
abo-B01MRKXX6E	2	https://amazon-berkeley-objects.s3.amazonaws.com/images/original/d2/d29f37f2.jpg
abo-B01MRKXX6E	3	https://amazon-berkeley-objects.s3.amazonaws.com/images/original/f5/f5047137.jpg
abo-B01MRKXX6E	4	https://amazon-berkeley-objects.s3.amazonaws.com/images/original/84/84a3beac.jpg
abo-B01MS9NR0I	1	https://amazon-berkeley-objects.s3.amazonaws.com/images/original/b1/b184d369.jpg
abo-B01MS9NR0I	2	https://amazon-berkeley-objects.s3.amazonaws.com/images/original/b2/b2e77045.jpg
abo-B01MS9NR0I	3	https://amazon-berkeley-objects.s3.amazonaws.com/images/original/c6/c66c7e87.jpg
abo-B01MS9NR0I	4	https://amazon-berkeley-objects.s3.amazonaws.com/images/original/04/04490aa7.jpg
abo-B01MS9NRMB	1	https://amazon-berkeley-objects.s3.amazonaws.com/images/original/0d/0d65e620.jpg
abo-B01MS9NRMB	2	https://amazon-berkeley-objects.s3.amazonaws.com/images/original/58/58403a40.jpg
abo-B01MS9NRMB	3	https://amazon-berkeley-objects.s3.amazonaws.com/images/original/94/94e04bbc.jpg
abo-B01MS9NRMB	4	https://amazon-berkeley-objects.s3.amazonaws.com/images/original/5e/5e130ed9.jpg
abo-B01MS9NRWK	1	https://amazon-berkeley-objects.s3.amazonaws.com/images/original/6c/6c63141a.jpg
abo-B01MS9NRWK	2	https://amazon-berkeley-objects.s3.amazonaws.com/images/original/40/40f50d84.jpg
abo-B01MS9NRWK	3	https://amazon-berkeley-objects.s3.amazonaws.com/images/original/9a/9a2135ba.jpg
abo-B01MS9NRWK	4	https://amazon-berkeley-objects.s3.amazonaws.com/images/original/9b/9b2ca3fd.jpg
abo-B01MS9NRWK	5	https://amazon-berkeley-objects.s3.amazonaws.com/images/original/d5/d520ae02.jpg
abo-B01MS9NRWK	6	https://amazon-berkeley-objects.s3.amazonaws.com/images/original/c0/c0598edf.jpg
abo-B01MS9NRWK	7	https://amazon-berkeley-objects.s3.amazonaws.com/images/original/3c/3c115f93.jpg
abo-B01MS9NU0O	1	https://amazon-berkeley-objects.s3.amazonaws.com/images/original/8e/8eb86268.jpg
abo-B01MS9NU0O	2	https://amazon-berkeley-objects.s3.amazonaws.com/images/original/8f/8f523306.jpg
abo-B01MS9NU0O	3	https://amazon-berkeley-objects.s3.amazonaws.com/images/original/6e/6e4450b6.jpg
abo-B01MS9NU0O	4	https://amazon-berkeley-objects.s3.amazonaws.com/images/original/b2/b2522e94.jpg
abo-B01MSMK8UQ	1	https://amazon-berkeley-objects.s3.amazonaws.com/images/original/0a/0ac6319e.jpg
abo-B01MSMK8UQ	2	https://amazon-berkeley-objects.s3.amazonaws.com/images/original/f5/f5047137.jpg
abo-B01MSMK8UQ	3	https://amazon-berkeley-objects.s3.amazonaws.com/images/original/64/646df63f.jpg
abo-B01MSMK8UQ	4	https://amazon-berkeley-objects.s3.amazonaws.com/images/original/5e/5ea7405f.jpg
abo-B01MSMKBFU	1	https://amazon-berkeley-objects.s3.amazonaws.com/images/original/98/98c495df.jpg
abo-B01MSMKBFU	2	https://amazon-berkeley-objects.s3.amazonaws.com/images/original/25/25620b7e.jpg
abo-B01MSMKBFU	3	https://amazon-berkeley-objects.s3.amazonaws.com/images/original/f5/f5047137.jpg
abo-B01MSMKBFU	4	https://amazon-berkeley-objects.s3.amazonaws.com/images/original/c1/c111046d.jpg
abo-B01MSMKBG3	1	https://amazon-berkeley-objects.s3.amazonaws.com/images/original/29/2960f5db.jpg
abo-B01MSMKBG3	2	https://amazon-berkeley-objects.s3.amazonaws.com/images/original/f5/f5047137.jpg
abo-B01MSMKBG3	3	https://amazon-berkeley-objects.s3.amazonaws.com/images/original/80/80d0804b.jpg
abo-B01MSMKC61	1	https://amazon-berkeley-objects.s3.amazonaws.com/images/original/65/652ac09d.jpg
abo-B01MSMKC61	2	https://amazon-berkeley-objects.s3.amazonaws.com/images/original/32/32d4ccd6.jpg
abo-B01MSMKC61	3	https://amazon-berkeley-objects.s3.amazonaws.com/images/original/f5/f5047137.jpg
abo-B01MSMKC61	4	https://amazon-berkeley-objects.s3.amazonaws.com/images/original/fe/feafb30f.jpg
abo-B01MT8J483	1	https://amazon-berkeley-objects.s3.amazonaws.com/images/original/4a/4aef8aa3.jpg
abo-B01MT8J483	2	https://amazon-berkeley-objects.s3.amazonaws.com/images/original/d0/d0abb568.jpg
abo-B01MT8J483	3	https://amazon-berkeley-objects.s3.amazonaws.com/images/original/c1/c1526b93.jpg
abo-B01MT8J483	4	https://amazon-berkeley-objects.s3.amazonaws.com/images/original/e7/e7371887.jpg
abo-B01MTB9QXS	1	https://amazon-berkeley-objects.s3.amazonaws.com/images/original/95/95e98bdd.jpg
abo-B01MTB9QXS	2	https://amazon-berkeley-objects.s3.amazonaws.com/images/original/65/65cf3379.jpg
abo-B01MTB9QXS	3	https://amazon-berkeley-objects.s3.amazonaws.com/images/original/16/1622a4e8.jpg
abo-B01MTB9QXS	4	https://amazon-berkeley-objects.s3.amazonaws.com/images/original/2e/2e2fadeb.jpg
abo-B01MTB9QXS	5	https://amazon-berkeley-objects.s3.amazonaws.com/images/original/05/0520f206.jpg
abo-B01MTB9QXS	6	https://amazon-berkeley-objects.s3.amazonaws.com/images/original/6a/6af6a4d3.jpg
abo-B01MTB9QXS	7	https://amazon-berkeley-objects.s3.amazonaws.com/images/original/91/91f9f21c.jpg
abo-B01MTB9RGG	1	https://amazon-berkeley-objects.s3.amazonaws.com/images/original/7e/7e3aa454.jpg
abo-B01MTB9RGG	2	https://amazon-berkeley-objects.s3.amazonaws.com/images/original/58/58d5582c.jpg
abo-B01MTB9RGG	3	https://amazon-berkeley-objects.s3.amazonaws.com/images/original/6f/6f732ad3.jpg
abo-B01MTB9RGG	4	https://amazon-berkeley-objects.s3.amazonaws.com/images/original/15/1543191d.jpg
abo-B01MTB9RVS	1	https://amazon-berkeley-objects.s3.amazonaws.com/images/original/00/00ec7764.jpg
abo-B01MTB9RVS	2	https://amazon-berkeley-objects.s3.amazonaws.com/images/original/53/5320743a.jpg
abo-B01MTB9RVS	3	https://amazon-berkeley-objects.s3.amazonaws.com/images/original/21/217d03a2.jpg
abo-B01MTB9RVS	4	https://amazon-berkeley-objects.s3.amazonaws.com/images/original/4b/4b5f4e7b.jpg
abo-B01MTB9SIM	1	https://amazon-berkeley-objects.s3.amazonaws.com/images/original/15/15a8cea4.jpg
abo-B01MTB9SIM	2	https://amazon-berkeley-objects.s3.amazonaws.com/images/original/42/4280698f.jpg
abo-B01MTB9SIM	3	https://amazon-berkeley-objects.s3.amazonaws.com/images/original/f2/f26adb49.jpg
abo-B01MTB9SIM	4	https://amazon-berkeley-objects.s3.amazonaws.com/images/original/8c/8c1b990c.jpg
abo-B01MTB9V5L	1	https://amazon-berkeley-objects.s3.amazonaws.com/images/original/e2/e2706e31.jpg
abo-B01MTB9V5L	2	https://amazon-berkeley-objects.s3.amazonaws.com/images/original/5b/5b5fdf94.jpg
abo-B01MTB9V5L	3	https://amazon-berkeley-objects.s3.amazonaws.com/images/original/f5/f5958270.jpg
abo-B01MTB9V5L	4	https://amazon-berkeley-objects.s3.amazonaws.com/images/original/4c/4c49fd74.jpg
abo-B01MTB9V7K	1	https://amazon-berkeley-objects.s3.amazonaws.com/images/original/d4/d4581260.jpg
abo-B01MTB9V7K	2	https://amazon-berkeley-objects.s3.amazonaws.com/images/original/01/0174668b.jpg
abo-B01MTB9V7K	3	https://amazon-berkeley-objects.s3.amazonaws.com/images/original/a2/a2cdf440.jpg
abo-B01MTB9V7K	4	https://amazon-berkeley-objects.s3.amazonaws.com/images/original/dd/ddbae83b.jpg
abo-B01MTB9VC3	1	https://amazon-berkeley-objects.s3.amazonaws.com/images/original/ca/ca180e8c.jpg
abo-B01MTB9VC3	2	https://amazon-berkeley-objects.s3.amazonaws.com/images/original/6b/6bc3a19f.jpg
abo-B01MTB9VC3	3	https://amazon-berkeley-objects.s3.amazonaws.com/images/original/0b/0b7baab7.jpg
abo-B01MTB9VC3	4	https://amazon-berkeley-objects.s3.amazonaws.com/images/original/1f/1f7abc60.jpg
abo-B01MTB9VOO	1	https://amazon-berkeley-objects.s3.amazonaws.com/images/original/94/94a4518b.jpg
abo-B01MTB9VOO	2	https://amazon-berkeley-objects.s3.amazonaws.com/images/original/11/113acc70.jpg
abo-B01MTB9VOO	3	https://amazon-berkeley-objects.s3.amazonaws.com/images/original/ca/caff5e18.jpg
abo-B01MTB9VOO	4	https://amazon-berkeley-objects.s3.amazonaws.com/images/original/6e/6e22a080.jpg
abo-B01MTB9WYA	1	https://amazon-berkeley-objects.s3.amazonaws.com/images/original/d9/d9a5614e.jpg
abo-B01MTB9WYA	2	https://amazon-berkeley-objects.s3.amazonaws.com/images/original/b0/b0ca7d88.jpg
abo-B01MTB9WYA	3	https://amazon-berkeley-objects.s3.amazonaws.com/images/original/04/048ffe2d.jpg
abo-B01MTB9WYA	4	https://amazon-berkeley-objects.s3.amazonaws.com/images/original/2f/2f0252bb.jpg
abo-B01MTB9YJ5	1	https://amazon-berkeley-objects.s3.amazonaws.com/images/original/44/449f1475.jpg
abo-B01MTB9YJ5	2	https://amazon-berkeley-objects.s3.amazonaws.com/images/original/b1/b12df5d9.jpg
abo-B01MTB9YJ5	3	https://amazon-berkeley-objects.s3.amazonaws.com/images/original/e1/e1b3e364.jpg
abo-B01MTB9YJ5	4	https://amazon-berkeley-objects.s3.amazonaws.com/images/original/a2/a25cce95.jpg
abo-B01MTO0XLX	1	https://amazon-berkeley-objects.s3.amazonaws.com/images/original/f5/f5599073.jpg
abo-B01MTO0XLX	2	https://amazon-berkeley-objects.s3.amazonaws.com/images/original/f5/f5047137.jpg
abo-B01MTO0XLX	3	https://amazon-berkeley-objects.s3.amazonaws.com/images/original/6b/6bcea891.jpg
abo-B01MTO0XLX	4	https://amazon-berkeley-objects.s3.amazonaws.com/images/original/84/84a3beac.jpg
abo-B01MTO10T6	1	https://amazon-berkeley-objects.s3.amazonaws.com/images/original/5e/5ea954c6.jpg
abo-B01MTO10T6	2	https://amazon-berkeley-objects.s3.amazonaws.com/images/original/dc/dcace9b5.jpg
abo-B01MTO10T6	3	https://amazon-berkeley-objects.s3.amazonaws.com/images/original/f5/f5047137.jpg
abo-B01MTO10T6	4	https://amazon-berkeley-objects.s3.amazonaws.com/images/original/b3/b38bc2cf.jpg
abo-B01MTO1155	1	https://amazon-berkeley-objects.s3.amazonaws.com/images/original/21/21aedfe8.jpg
abo-B01MTO1155	2	https://amazon-berkeley-objects.s3.amazonaws.com/images/original/b2/b2f8ae37.jpg
abo-B01MTO1155	3	https://amazon-berkeley-objects.s3.amazonaws.com/images/original/f5/f5047137.jpg
abo-B01MTO1155	4	https://amazon-berkeley-objects.s3.amazonaws.com/images/original/f5/f547b0d1.jpg
abo-B01MTO11GI	1	https://amazon-berkeley-objects.s3.amazonaws.com/images/original/6e/6ec1de19.jpg
abo-B01MTO11GI	2	https://amazon-berkeley-objects.s3.amazonaws.com/images/original/d2/d29f37f2.jpg
abo-B01MTO11GI	3	https://amazon-berkeley-objects.s3.amazonaws.com/images/original/f5/f5047137.jpg
abo-B01MTO11GI	4	https://amazon-berkeley-objects.s3.amazonaws.com/images/original/84/84a3beac.jpg
abo-B01MTO12UJ	1	https://amazon-berkeley-objects.s3.amazonaws.com/images/original/23/23658052.jpg
abo-B01MTO12UJ	2	https://amazon-berkeley-objects.s3.amazonaws.com/images/original/20/20d0906b.jpg
abo-B01MTO12UJ	3	https://amazon-berkeley-objects.s3.amazonaws.com/images/original/f5/f5047137.jpg
abo-B01MUAASQA	1	https://amazon-berkeley-objects.s3.amazonaws.com/images/original/63/63ba448e.jpg
abo-B01MUAASQA	2	https://amazon-berkeley-objects.s3.amazonaws.com/images/original/54/545076d3.jpg
abo-B01MUAASQA	3	https://amazon-berkeley-objects.s3.amazonaws.com/images/original/86/86cdf5ce.jpg
abo-B01MUAASQA	4	https://amazon-berkeley-objects.s3.amazonaws.com/images/original/af/af41e738.jpg
abo-B01MUCW4VA	1	https://amazon-berkeley-objects.s3.amazonaws.com/images/original/06/06b24937.jpg
abo-B01MUCW4VA	2	https://amazon-berkeley-objects.s3.amazonaws.com/images/original/ce/ceda2235.jpg
abo-B01MUCW4VA	3	https://amazon-berkeley-objects.s3.amazonaws.com/images/original/6e/6e6e2e5c.jpg
abo-B01MUCW4VA	4	https://amazon-berkeley-objects.s3.amazonaws.com/images/original/11/114f38d9.jpg
abo-B01MUCW4YZ	1	https://amazon-berkeley-objects.s3.amazonaws.com/images/original/f8/f8cfe3e0.jpg
abo-B01MUCW4YZ	2	https://amazon-berkeley-objects.s3.amazonaws.com/images/original/f4/f4f56e9e.jpg
abo-B01MUCW4YZ	3	https://amazon-berkeley-objects.s3.amazonaws.com/images/original/e1/e1236e72.jpg
abo-B01MUCW4YZ	4	https://amazon-berkeley-objects.s3.amazonaws.com/images/original/dd/ddce295e.jpg
abo-B01MUCW4ZD	1	https://amazon-berkeley-objects.s3.amazonaws.com/images/original/e8/e82c3bbb.jpg
abo-B01MUCW4ZD	2	https://amazon-berkeley-objects.s3.amazonaws.com/images/original/81/8130cacc.jpg
abo-B01MUCW4ZD	3	https://amazon-berkeley-objects.s3.amazonaws.com/images/original/dd/ddc211f6.jpg
abo-B01MUCW4ZD	4	https://amazon-berkeley-objects.s3.amazonaws.com/images/original/fc/fce57545.jpg
abo-B01MUCW82F	1	https://amazon-berkeley-objects.s3.amazonaws.com/images/original/ff/ffedc5e3.jpg
abo-B01MUCW82F	2	https://amazon-berkeley-objects.s3.amazonaws.com/images/original/e5/e5c4c88c.jpg
abo-B01MUCW82F	3	https://amazon-berkeley-objects.s3.amazonaws.com/images/original/8f/8fe58e17.jpg
abo-B01MUCW82F	4	https://amazon-berkeley-objects.s3.amazonaws.com/images/original/29/292f9410.jpg
abo-B01MUCW89X	1	https://amazon-berkeley-objects.s3.amazonaws.com/images/original/98/98315900.jpg
abo-B01MUCW89X	2	https://amazon-berkeley-objects.s3.amazonaws.com/images/original/d2/d267b7f4.jpg
abo-B01MUCW89X	3	https://amazon-berkeley-objects.s3.amazonaws.com/images/original/7c/7ce5ec4a.jpg
abo-B01MUCW89X	4	https://amazon-berkeley-objects.s3.amazonaws.com/images/original/ec/ec59f086.jpg
abo-B01MUCW8VC	1	https://amazon-berkeley-objects.s3.amazonaws.com/images/original/a8/a8a063d6.jpg
abo-B01MUCW8VC	2	https://amazon-berkeley-objects.s3.amazonaws.com/images/original/e5/e5c5b76b.jpg
abo-B01MUCW8VC	3	https://amazon-berkeley-objects.s3.amazonaws.com/images/original/65/6579876a.jpg
abo-B01MUCW8VC	4	https://amazon-berkeley-objects.s3.amazonaws.com/images/original/0b/0bfa019b.jpg
abo-B01MUCW9HA	1	https://amazon-berkeley-objects.s3.amazonaws.com/images/original/d3/d35a18e0.jpg
abo-B01MUCW9HA	2	https://amazon-berkeley-objects.s3.amazonaws.com/images/original/0c/0c3c9fc2.jpg
abo-B01MUCW9HA	3	https://amazon-berkeley-objects.s3.amazonaws.com/images/original/ca/caa9ebb0.jpg
abo-B01MUCW9HA	4	https://amazon-berkeley-objects.s3.amazonaws.com/images/original/da/daddc834.jpg
abo-B01MUCWAF5	1	https://amazon-berkeley-objects.s3.amazonaws.com/images/original/20/206d4282.jpg
abo-B01MUCWAF5	2	https://amazon-berkeley-objects.s3.amazonaws.com/images/original/42/42d44027.jpg
abo-B01MUCWAF5	3	https://amazon-berkeley-objects.s3.amazonaws.com/images/original/e4/e40ae85c.jpg
abo-B01MUCWAF5	4	https://amazon-berkeley-objects.s3.amazonaws.com/images/original/44/4408b5db.jpg
abo-B01MUCWAPK	1	https://amazon-berkeley-objects.s3.amazonaws.com/images/original/35/358c99e0.jpg
abo-B01MUCWAPK	2	https://amazon-berkeley-objects.s3.amazonaws.com/images/original/41/416db460.jpg
abo-B01MUCWAPK	3	https://amazon-berkeley-objects.s3.amazonaws.com/images/original/c2/c2d9ca6e.jpg
abo-B01MUCWAPK	4	https://amazon-berkeley-objects.s3.amazonaws.com/images/original/74/744b4618.jpg
abo-B01MUCWAUF	1	https://amazon-berkeley-objects.s3.amazonaws.com/images/original/7c/7c79542d.jpg
abo-B01MUCWAUF	2	https://amazon-berkeley-objects.s3.amazonaws.com/images/original/59/5968d7ea.jpg
abo-B01MUCWAUF	3	https://amazon-berkeley-objects.s3.amazonaws.com/images/original/50/50460df6.jpg
abo-B01MUCWAUF	4	https://amazon-berkeley-objects.s3.amazonaws.com/images/original/a1/a16320b5.jpg
abo-B01MUCWAYW	1	https://amazon-berkeley-objects.s3.amazonaws.com/images/original/55/55dd8e88.jpg
abo-B01MUCWAYW	2	https://amazon-berkeley-objects.s3.amazonaws.com/images/original/57/57efcec3.jpg
abo-B01MUCWAYW	3	https://amazon-berkeley-objects.s3.amazonaws.com/images/original/83/83bc0763.jpg
abo-B01MUCWAYW	4	https://amazon-berkeley-objects.s3.amazonaws.com/images/original/7b/7b501205.jpg
abo-B01MUCWB14	1	https://amazon-berkeley-objects.s3.amazonaws.com/images/original/be/be051615.jpg
abo-B01MUCWB14	2	https://amazon-berkeley-objects.s3.amazonaws.com/images/original/e7/e706e246.jpg
abo-B01MUCWB14	3	https://amazon-berkeley-objects.s3.amazonaws.com/images/original/40/40d06853.jpg
abo-B01MUCWB14	4	https://amazon-berkeley-objects.s3.amazonaws.com/images/original/41/4129c665.jpg
abo-B01MXLSEJ8	1	https://amazon-berkeley-objects.s3.amazonaws.com/images/original/98/98c495df.jpg
abo-B01MXLSEJ8	2	https://amazon-berkeley-objects.s3.amazonaws.com/images/original/25/25620b7e.jpg
abo-B01MXLSEJ8	3	https://amazon-berkeley-objects.s3.amazonaws.com/images/original/f5/f5047137.jpg
abo-B01MXLSEJ8	4	https://amazon-berkeley-objects.s3.amazonaws.com/images/original/c1/c111046d.jpg
abo-B01MXLSK5W	1	https://amazon-berkeley-objects.s3.amazonaws.com/images/original/fe/fef3b1ae.jpg
abo-B01MXLSK5W	2	https://amazon-berkeley-objects.s3.amazonaws.com/images/original/4d/4df690a4.jpg
abo-B01MXLSK5W	3	https://amazon-berkeley-objects.s3.amazonaws.com/images/original/f5/f5047137.jpg
abo-B01MXLSK5W	4	https://amazon-berkeley-objects.s3.amazonaws.com/images/original/23/2348c72d.jpg
abo-B01MY7VEFC	1	https://amazon-berkeley-objects.s3.amazonaws.com/images/original/71/7154ee56.jpg
abo-B01MY7VEFC	2	https://amazon-berkeley-objects.s3.amazonaws.com/images/original/54/545076d3.jpg
abo-B01MY7VEFC	3	https://amazon-berkeley-objects.s3.amazonaws.com/images/original/30/308c5dd8.jpg
abo-B01MY7VEFC	4	https://amazon-berkeley-objects.s3.amazonaws.com/images/original/af/af41e738.jpg
abo-B01MYAGFLP	1	https://amazon-berkeley-objects.s3.amazonaws.com/images/original/04/048c83c7.jpg
abo-B01MYAGFLP	2	https://amazon-berkeley-objects.s3.amazonaws.com/images/original/7c/7c449f35.jpg
abo-B01MYAGFLP	3	https://amazon-berkeley-objects.s3.amazonaws.com/images/original/4b/4b61f42f.jpg
abo-B01MYAGFLP	4	https://amazon-berkeley-objects.s3.amazonaws.com/images/original/1f/1f6d2cff.jpg
abo-B01MYAGG15	1	https://amazon-berkeley-objects.s3.amazonaws.com/images/original/84/8494c2d7.jpg
abo-B01MYAGG15	2	https://amazon-berkeley-objects.s3.amazonaws.com/images/original/d0/d03b66c2.jpg
abo-B01MYAGG15	3	https://amazon-berkeley-objects.s3.amazonaws.com/images/original/d0/d0a792dd.jpg
abo-B01MYAGG15	4	https://amazon-berkeley-objects.s3.amazonaws.com/images/original/a7/a7f1f3fd.jpg
abo-B01MYAGGIH	1	https://amazon-berkeley-objects.s3.amazonaws.com/images/original/36/364d3b08.jpg
abo-B01MYAGGIH	2	https://amazon-berkeley-objects.s3.amazonaws.com/images/original/96/960e62b4.jpg
abo-B01MYAGGIH	3	https://amazon-berkeley-objects.s3.amazonaws.com/images/original/f1/f192ac39.jpg
abo-B01MYAGGIH	4	https://amazon-berkeley-objects.s3.amazonaws.com/images/original/79/7978303c.jpg
abo-B01MYAGI09	1	https://amazon-berkeley-objects.s3.amazonaws.com/images/original/5b/5bb35442.jpg
abo-B01MYAGI09	2	https://amazon-berkeley-objects.s3.amazonaws.com/images/original/6c/6c7a72cf.jpg
abo-B01MYAGI09	3	https://amazon-berkeley-objects.s3.amazonaws.com/images/original/bc/bc52ebbb.jpg
abo-B01MYAGI09	4	https://amazon-berkeley-objects.s3.amazonaws.com/images/original/cf/cff19730.jpg
abo-B01MYAGJUV	1	https://amazon-berkeley-objects.s3.amazonaws.com/images/original/83/8350866d.jpg
abo-B01MYAGJUV	2	https://amazon-berkeley-objects.s3.amazonaws.com/images/original/3f/3f72fc86.jpg
abo-B01MYAGJUV	3	https://amazon-berkeley-objects.s3.amazonaws.com/images/original/d0/d0a8e9af.jpg
abo-B01MYAGJUV	4	https://amazon-berkeley-objects.s3.amazonaws.com/images/original/52/528cfa84.jpg
abo-B01MYAGKEJ	1	https://amazon-berkeley-objects.s3.amazonaws.com/images/original/64/6411ed8a.jpg
abo-B01MYAGKEJ	2	https://amazon-berkeley-objects.s3.amazonaws.com/images/original/ac/acef9dbf.jpg
abo-B01MYAGKEJ	3	https://amazon-berkeley-objects.s3.amazonaws.com/images/original/24/240dbe57.jpg
abo-B01MYAGKEJ	4	https://amazon-berkeley-objects.s3.amazonaws.com/images/original/08/080bb199.jpg
abo-B01MYNAKG3	1	https://amazon-berkeley-objects.s3.amazonaws.com/images/original/8f/8fae76ba.jpg
abo-B01MYNAKG3	2	https://amazon-berkeley-objects.s3.amazonaws.com/images/original/f5/f5047137.jpg
abo-B01MYNAKG3	3	https://amazon-berkeley-objects.s3.amazonaws.com/images/original/29/2960f5db.jpg
abo-B01MYNAKG3	4	https://amazon-berkeley-objects.s3.amazonaws.com/images/original/7f/7fbaf52e.jpg
abo-B01MYNAOP5	1	https://amazon-berkeley-objects.s3.amazonaws.com/images/original/ad/ad40a0c7.jpg
abo-B01MYNAOP5	2	https://amazon-berkeley-objects.s3.amazonaws.com/images/original/4d/4df690a4.jpg
abo-B01MYNAOP5	3	https://amazon-berkeley-objects.s3.amazonaws.com/images/original/f5/f5047137.jpg
abo-B01MYNAOP5	4	https://amazon-berkeley-objects.s3.amazonaws.com/images/original/7f/7fbaf52e.jpg
abo-B01MZC0Z6V	1	https://amazon-berkeley-objects.s3.amazonaws.com/images/original/ab/ab5de901.jpg
abo-B01MZC0Z6V	2	https://amazon-berkeley-objects.s3.amazonaws.com/images/original/29/292408c7.jpg
abo-B01MZC0Z6V	3	https://amazon-berkeley-objects.s3.amazonaws.com/images/original/c1/c170d7d5.jpg
abo-B01MZC0Z6V	4	https://amazon-berkeley-objects.s3.amazonaws.com/images/original/b1/b1fde75f.jpg
abo-B01MZC0ZQ5	1	https://amazon-berkeley-objects.s3.amazonaws.com/images/original/e6/e69f2e71.jpg
abo-B01MZC0ZQ5	2	https://amazon-berkeley-objects.s3.amazonaws.com/images/original/6e/6e22a080.jpg
abo-B01MZC0ZQ5	3	https://amazon-berkeley-objects.s3.amazonaws.com/images/original/02/029ff242.jpg
abo-B01MZC0ZQ5	4	https://amazon-berkeley-objects.s3.amazonaws.com/images/original/96/96e8ef2c.jpg
abo-B01MZC119C	1	https://amazon-berkeley-objects.s3.amazonaws.com/images/original/91/9128d185.jpg
abo-B01MZC119C	2	https://amazon-berkeley-objects.s3.amazonaws.com/images/original/41/410c0d8b.jpg
abo-B01MZC119C	3	https://amazon-berkeley-objects.s3.amazonaws.com/images/original/ee/ee17a5c0.jpg
abo-B01MZC119C	4	https://amazon-berkeley-objects.s3.amazonaws.com/images/original/c3/c3f6800c.jpg
abo-B01MZC12ZZ	1	https://amazon-berkeley-objects.s3.amazonaws.com/images/original/13/1324844c.jpg
abo-B01MZC12ZZ	2	https://amazon-berkeley-objects.s3.amazonaws.com/images/original/4d/4df237a0.jpg
abo-B01MZC12ZZ	3	https://amazon-berkeley-objects.s3.amazonaws.com/images/original/36/36aceba7.jpg
abo-B01MZC12ZZ	4	https://amazon-berkeley-objects.s3.amazonaws.com/images/original/95/95f9a886.jpg
abo-B01MZC166Y	1	https://amazon-berkeley-objects.s3.amazonaws.com/images/original/f9/f96d01fc.jpg
abo-B01MZC166Y	2	https://amazon-berkeley-objects.s3.amazonaws.com/images/original/a8/a8be0362.jpg
abo-B01MZC166Y	3	https://amazon-berkeley-objects.s3.amazonaws.com/images/original/5e/5e8823bf.jpg
abo-B01MZC166Y	4	https://amazon-berkeley-objects.s3.amazonaws.com/images/original/d7/d7b17038.jpg
abo-B01MZC16EQ	1	https://amazon-berkeley-objects.s3.amazonaws.com/images/original/20/2052df90.jpg
abo-B01MZC16EQ	2	https://amazon-berkeley-objects.s3.amazonaws.com/images/original/cc/cc4341be.jpg
abo-B01MZC16EQ	3	https://amazon-berkeley-objects.s3.amazonaws.com/images/original/c3/c3e39064.jpg
abo-B01MZC16EQ	4	https://amazon-berkeley-objects.s3.amazonaws.com/images/original/78/787fed31.jpg
abo-B01N0EC7I9	1	https://amazon-berkeley-objects.s3.amazonaws.com/images/original/98/98c495df.jpg
abo-B01N0EC7I9	2	https://amazon-berkeley-objects.s3.amazonaws.com/images/original/25/25620b7e.jpg
abo-B01N0EC7I9	3	https://amazon-berkeley-objects.s3.amazonaws.com/images/original/f5/f5047137.jpg
abo-B01N0EC7I9	4	https://amazon-berkeley-objects.s3.amazonaws.com/images/original/c1/c111046d.jpg
abo-B01N0EC9BQ	1	https://amazon-berkeley-objects.s3.amazonaws.com/images/original/fe/fe4eff82.jpg
abo-B01N0EC9BQ	2	https://amazon-berkeley-objects.s3.amazonaws.com/images/original/f5/f5047137.jpg
abo-B01N0EC9BQ	3	https://amazon-berkeley-objects.s3.amazonaws.com/images/original/54/548b23aa.jpg
abo-B01N0EC9BQ	4	https://amazon-berkeley-objects.s3.amazonaws.com/images/original/fc/fca0d2bd.jpg
abo-B01N0EC9DJ	1	https://amazon-berkeley-objects.s3.amazonaws.com/images/original/0a/0ac6319e.jpg
abo-B01N0EC9DJ	2	https://amazon-berkeley-objects.s3.amazonaws.com/images/original/c3/c3b2acef.jpg
abo-B01N0EC9DJ	3	https://amazon-berkeley-objects.s3.amazonaws.com/images/original/f5/f5047137.jpg
abo-B01N0EC9DJ	4	https://amazon-berkeley-objects.s3.amazonaws.com/images/original/34/341d74c3.jpg
abo-B01N0ECARJ	1	https://amazon-berkeley-objects.s3.amazonaws.com/images/original/f5/f5599073.jpg
abo-B01N0ECARJ	2	https://amazon-berkeley-objects.s3.amazonaws.com/images/original/f5/f5047137.jpg
abo-B01N0ECARJ	3	https://amazon-berkeley-objects.s3.amazonaws.com/images/original/6b/6bcea891.jpg
abo-B01N0ECARJ	4	https://amazon-berkeley-objects.s3.amazonaws.com/images/original/84/84a3beac.jpg
abo-B01N135PPL	1	https://amazon-berkeley-objects.s3.amazonaws.com/images/original/a9/a9671903.jpg
abo-B01N135PPL	2	https://amazon-berkeley-objects.s3.amazonaws.com/images/original/f1/f192ac39.jpg
abo-B01N135PPL	3	https://amazon-berkeley-objects.s3.amazonaws.com/images/original/10/106c1944.jpg
abo-B01N135PPL	4	https://amazon-berkeley-objects.s3.amazonaws.com/images/original/de/de0dd4b1.jpg
abo-B01N135SLM	1	https://amazon-berkeley-objects.s3.amazonaws.com/images/original/4c/4c96f63b.jpg
abo-B01N135SLM	2	https://amazon-berkeley-objects.s3.amazonaws.com/images/original/df/df6f63a6.jpg
abo-B01N135SLM	3	https://amazon-berkeley-objects.s3.amazonaws.com/images/original/d4/d430817b.jpg
abo-B01N135SLM	4	https://amazon-berkeley-objects.s3.amazonaws.com/images/original/db/db1781ac.jpg
abo-B01N135VOH	1	https://amazon-berkeley-objects.s3.amazonaws.com/images/original/ad/aded27a7.jpg
abo-B01N135VOH	2	https://amazon-berkeley-objects.s3.amazonaws.com/images/original/a5/a558cc77.jpg
abo-B01N135VOH	3	https://amazon-berkeley-objects.s3.amazonaws.com/images/original/b9/b908a86e.jpg
abo-B01N135VOH	4	https://amazon-berkeley-objects.s3.amazonaws.com/images/original/16/16b35cdf.jpg
abo-B01N135WPA	1	https://amazon-berkeley-objects.s3.amazonaws.com/images/original/af/afe74ffc.jpg
abo-B01N135WPA	2	https://amazon-berkeley-objects.s3.amazonaws.com/images/original/8c/8c81d69a.jpg
abo-B01N135WPA	3	https://amazon-berkeley-objects.s3.amazonaws.com/images/original/df/df6c03fa.jpg
abo-B01N135WPA	4	https://amazon-berkeley-objects.s3.amazonaws.com/images/original/31/3105b919.jpg
abo-B01N135YA4	1	https://amazon-berkeley-objects.s3.amazonaws.com/images/original/96/9626a6aa.jpg
abo-B01N135YA4	2	https://amazon-berkeley-objects.s3.amazonaws.com/images/original/f5/f5688c02.jpg
abo-B01N135YA4	3	https://amazon-berkeley-objects.s3.amazonaws.com/images/original/ba/ba8844c3.jpg
abo-B01N135YA4	4	https://amazon-berkeley-objects.s3.amazonaws.com/images/original/90/908731f8.jpg
abo-B01N135YE4	1	https://amazon-berkeley-objects.s3.amazonaws.com/images/original/73/73554a31.jpg
abo-B01N135YE4	2	https://amazon-berkeley-objects.s3.amazonaws.com/images/original/85/85540c0a.jpg
abo-B01N135YE4	3	https://amazon-berkeley-objects.s3.amazonaws.com/images/original/e1/e1b3e364.jpg
abo-B01N135YE4	4	https://amazon-berkeley-objects.s3.amazonaws.com/images/original/a2/a25cce95.jpg
abo-B01N135YPT	1	https://amazon-berkeley-objects.s3.amazonaws.com/images/original/ca/ca0a872c.jpg
abo-B01N135YPT	2	https://amazon-berkeley-objects.s3.amazonaws.com/images/original/09/09cb2662.jpg
abo-B01N135YPT	3	https://amazon-berkeley-objects.s3.amazonaws.com/images/original/4d/4d2f5157.jpg
abo-B01N135YPT	4	https://amazon-berkeley-objects.s3.amazonaws.com/images/original/05/05f97b5f.jpg
abo-B01N135ZCW	1	https://amazon-berkeley-objects.s3.amazonaws.com/images/original/35/358c99e0.jpg
abo-B01N135ZCW	2	https://amazon-berkeley-objects.s3.amazonaws.com/images/original/41/416db460.jpg
abo-B01N135ZCW	3	https://amazon-berkeley-objects.s3.amazonaws.com/images/original/21/21fe61e4.jpg
abo-B01N135ZCW	4	https://amazon-berkeley-objects.s3.amazonaws.com/images/original/82/8285869a.jpg
abo-B01N1360M1	1	https://amazon-berkeley-objects.s3.amazonaws.com/images/original/7b/7b2b3c85.jpg
abo-B01N1360M1	2	https://amazon-berkeley-objects.s3.amazonaws.com/images/original/45/45b6998d.jpg
abo-B01N1360M1	3	https://amazon-berkeley-objects.s3.amazonaws.com/images/original/52/52b9d0a5.jpg
abo-B01N1360M1	4	https://amazon-berkeley-objects.s3.amazonaws.com/images/original/94/94d24b9b.jpg
abo-B01N1362UO	1	https://amazon-berkeley-objects.s3.amazonaws.com/images/original/a6/a6e735a0.jpg
abo-B01N1362UO	2	https://amazon-berkeley-objects.s3.amazonaws.com/images/original/c9/c9f89f17.jpg
abo-B01N1362UO	3	https://amazon-berkeley-objects.s3.amazonaws.com/images/original/0e/0eba80e7.jpg
abo-B01N1362UO	4	https://amazon-berkeley-objects.s3.amazonaws.com/images/original/80/80382d5a.jpg
abo-B01N13646M	1	https://amazon-berkeley-objects.s3.amazonaws.com/images/original/09/09c97b13.jpg
abo-B01N13646M	2	https://amazon-berkeley-objects.s3.amazonaws.com/images/original/85/85cf66ec.jpg
abo-B01N13646M	3	https://amazon-berkeley-objects.s3.amazonaws.com/images/original/e1/e1b3e364.jpg
abo-B01N13646M	4	https://amazon-berkeley-objects.s3.amazonaws.com/images/original/a2/a25cce95.jpg
abo-B01N1FTWOK	1	https://amazon-berkeley-objects.s3.amazonaws.com/images/original/98/98c495df.jpg
abo-B01N1FTWOK	2	https://amazon-berkeley-objects.s3.amazonaws.com/images/original/25/25620b7e.jpg
abo-B01N1FTWOK	3	https://amazon-berkeley-objects.s3.amazonaws.com/images/original/f5/f5047137.jpg
abo-B01N1FTWOK	4	https://amazon-berkeley-objects.s3.amazonaws.com/images/original/c1/c111046d.jpg
abo-B01N1FTY9W	1	https://amazon-berkeley-objects.s3.amazonaws.com/images/original/9e/9e264f5a.jpg
abo-B01N1FTY9W	2	https://amazon-berkeley-objects.s3.amazonaws.com/images/original/ae/ae33121d.jpg
abo-B01N1FTY9W	3	https://amazon-berkeley-objects.s3.amazonaws.com/images/original/f5/f5047137.jpg
abo-B01N1FTY9W	4	https://amazon-berkeley-objects.s3.amazonaws.com/images/original/ce/ce3ca0d4.jpg
abo-B01N24KM72	1	https://amazon-berkeley-objects.s3.amazonaws.com/images/original/8d/8d758d5e.jpg
abo-B01N24KM72	2	https://amazon-berkeley-objects.s3.amazonaws.com/images/original/bf/bfa028f4.jpg
abo-B01N24KM72	3	https://amazon-berkeley-objects.s3.amazonaws.com/images/original/7d/7dfecf88.jpg
abo-B01N24KM72	4	https://amazon-berkeley-objects.s3.amazonaws.com/images/original/47/478c2b68.jpg
abo-B01N24KOZS	1	https://amazon-berkeley-objects.s3.amazonaws.com/images/original/6e/6e78efc8.jpg
abo-B01N24KOZS	2	https://amazon-berkeley-objects.s3.amazonaws.com/images/original/da/da00d9f4.jpg
abo-B01N24KOZS	3	https://amazon-berkeley-objects.s3.amazonaws.com/images/original/7b/7b39354d.jpg
abo-B01N24KOZS	4	https://amazon-berkeley-objects.s3.amazonaws.com/images/original/52/52f684b1.jpg
abo-B01N24KPIK	1	https://amazon-berkeley-objects.s3.amazonaws.com/images/original/9b/9bae3038.jpg
abo-B01N24KPIK	2	https://amazon-berkeley-objects.s3.amazonaws.com/images/original/0e/0eb3da50.jpg
abo-B01N24KPIK	3	https://amazon-berkeley-objects.s3.amazonaws.com/images/original/75/75effbf7.jpg
abo-B01N24KPIK	4	https://amazon-berkeley-objects.s3.amazonaws.com/images/original/99/99133af9.jpg
abo-B01N24KPIK	5	https://amazon-berkeley-objects.s3.amazonaws.com/images/original/30/3070aabb.jpg
abo-B01N24KPIK	6	https://amazon-berkeley-objects.s3.amazonaws.com/images/original/7b/7bdde606.jpg
abo-B01N24KPIK	7	https://amazon-berkeley-objects.s3.amazonaws.com/images/original/db/db593d8c.jpg
abo-B01N24KPR7	1	https://amazon-berkeley-objects.s3.amazonaws.com/images/original/bd/bd247681.jpg
abo-B01N24KPR7	2	https://amazon-berkeley-objects.s3.amazonaws.com/images/original/15/15aa2b3d.jpg
abo-B01N24KPR7	3	https://amazon-berkeley-objects.s3.amazonaws.com/images/original/73/738495ad.jpg
abo-B01N24KPR7	4	https://amazon-berkeley-objects.s3.amazonaws.com/images/original/9c/9c770ce0.jpg
abo-B01N24KQMF	1	https://amazon-berkeley-objects.s3.amazonaws.com/images/original/f9/f939e068.jpg
abo-B01N24KQMF	2	https://amazon-berkeley-objects.s3.amazonaws.com/images/original/d9/d98c19fc.jpg
abo-B01N24KQMF	3	https://amazon-berkeley-objects.s3.amazonaws.com/images/original/f4/f4b61049.jpg
abo-B01N24KQMF	4	https://amazon-berkeley-objects.s3.amazonaws.com/images/original/84/84159817.jpg
abo-B01N24KR7N	1	https://amazon-berkeley-objects.s3.amazonaws.com/images/original/28/289a97e9.jpg
abo-B01N24KR7N	2	https://amazon-berkeley-objects.s3.amazonaws.com/images/original/e9/e9431c13.jpg
abo-B01N24KR7N	3	https://amazon-berkeley-objects.s3.amazonaws.com/images/original/af/af38c00e.jpg
abo-B01N24KR7N	4	https://amazon-berkeley-objects.s3.amazonaws.com/images/original/06/060cb36b.jpg
abo-B01N2HCPVH	1	https://amazon-berkeley-objects.s3.amazonaws.com/images/original/4f/4f47fe61.jpg
abo-B01N2HCPVH	2	https://amazon-berkeley-objects.s3.amazonaws.com/images/original/25/25620b7e.jpg
abo-B01N2HCPVH	3	https://amazon-berkeley-objects.s3.amazonaws.com/images/original/f5/f5047137.jpg
abo-B01N2HCPVH	4	https://amazon-berkeley-objects.s3.amazonaws.com/images/original/6b/6b1d73a0.jpg
abo-B01N2HCPWC	1	https://amazon-berkeley-objects.s3.amazonaws.com/images/original/eb/eb742c73.jpg
abo-B01N2HCPWC	2	https://amazon-berkeley-objects.s3.amazonaws.com/images/original/ad/adbc8c84.jpg
abo-B01N2HCPWC	3	https://amazon-berkeley-objects.s3.amazonaws.com/images/original/ab/abeeadd1.jpg
abo-B01N2HCPWC	4	https://amazon-berkeley-objects.s3.amazonaws.com/images/original/f5/f5047137.jpg
abo-B01N2HCRN6	1	https://amazon-berkeley-objects.s3.amazonaws.com/images/original/56/56bab303.jpg
abo-B01N2HCRN6	2	https://amazon-berkeley-objects.s3.amazonaws.com/images/original/c3/c3b2acef.jpg
abo-B01N2HCRN6	3	https://amazon-berkeley-objects.s3.amazonaws.com/images/original/f5/f5047137.jpg
abo-B01N2HCRN6	4	https://amazon-berkeley-objects.s3.amazonaws.com/images/original/05/05debae1.jpg
abo-B01N365CB2	1	https://amazon-berkeley-objects.s3.amazonaws.com/images/original/1e/1e71ee4c.jpg
abo-B01N365CB2	2	https://amazon-berkeley-objects.s3.amazonaws.com/images/original/50/50801953.jpg
abo-B01N365CB2	3	https://amazon-berkeley-objects.s3.amazonaws.com/images/original/af/af398616.jpg
abo-B01N365CB2	4	https://amazon-berkeley-objects.s3.amazonaws.com/images/original/4a/4a4f8c2c.jpg
abo-B01N365HAA	1	https://amazon-berkeley-objects.s3.amazonaws.com/images/original/fa/fafbccf4.jpg
abo-B01N365HAA	2	https://amazon-berkeley-objects.s3.amazonaws.com/images/original/6e/6edc93c0.jpg
abo-B01N365HAA	3	https://amazon-berkeley-objects.s3.amazonaws.com/images/original/93/936ace52.jpg
abo-B01N365HAA	4	https://amazon-berkeley-objects.s3.amazonaws.com/images/original/78/789cfa9a.jpg
abo-B01N365HAA	5	https://amazon-berkeley-objects.s3.amazonaws.com/images/original/28/28438347.jpg
abo-B01N365HAA	6	https://amazon-berkeley-objects.s3.amazonaws.com/images/original/96/96ad385c.jpg
abo-B01N365HAA	7	https://amazon-berkeley-objects.s3.amazonaws.com/images/original/1c/1c5c4f3c.jpg
abo-B01N365MFF	1	https://amazon-berkeley-objects.s3.amazonaws.com/images/original/61/6157ddb0.jpg
abo-B01N365MFF	2	https://amazon-berkeley-objects.s3.amazonaws.com/images/original/3f/3f72fc86.jpg
abo-B01N365MFF	3	https://amazon-berkeley-objects.s3.amazonaws.com/images/original/7f/7f809227.jpg
abo-B01N365MFF	4	https://amazon-berkeley-objects.s3.amazonaws.com/images/original/6d/6dcbc48a.jpg
abo-B01N365OSW	1	https://amazon-berkeley-objects.s3.amazonaws.com/images/original/d8/d8e21fcc.jpg
abo-B01N365OSW	2	https://amazon-berkeley-objects.s3.amazonaws.com/images/original/9e/9ee28ef4.jpg
abo-B01N365OSW	3	https://amazon-berkeley-objects.s3.amazonaws.com/images/original/e8/e8799337.jpg
abo-B01N365OSW	4	https://amazon-berkeley-objects.s3.amazonaws.com/images/original/6c/6ce5b7fa.jpg
abo-B01N365QIU	1	https://amazon-berkeley-objects.s3.amazonaws.com/images/original/94/944e8fb8.jpg
abo-B01N365QIU	2	https://amazon-berkeley-objects.s3.amazonaws.com/images/original/32/323d9d15.jpg
abo-B01N365QIU	3	https://amazon-berkeley-objects.s3.amazonaws.com/images/original/91/910eeb4f.jpg
abo-B01N365QIU	4	https://amazon-berkeley-objects.s3.amazonaws.com/images/original/ef/efd3a42c.jpg
abo-B01N365QZ3	1	https://amazon-berkeley-objects.s3.amazonaws.com/images/original/6d/6d6b7d02.jpg
abo-B01N365QZ3	2	https://amazon-berkeley-objects.s3.amazonaws.com/images/original/de/de8acdd0.jpg
abo-B01N365QZ3	3	https://amazon-berkeley-objects.s3.amazonaws.com/images/original/3e/3e44a05b.jpg
abo-B01N365QZ3	4	https://amazon-berkeley-objects.s3.amazonaws.com/images/original/ad/adbed468.jpg
abo-B01N365QZR	1	https://amazon-berkeley-objects.s3.amazonaws.com/images/original/94/94b10448.jpg
abo-B01N365QZR	2	https://amazon-berkeley-objects.s3.amazonaws.com/images/original/bc/bc8a9030.jpg
abo-B01N365QZR	3	https://amazon-berkeley-objects.s3.amazonaws.com/images/original/58/58f7c5b5.jpg
abo-B01N365QZR	4	https://amazon-berkeley-objects.s3.amazonaws.com/images/original/13/139845dd.jpg
abo-B01N365RKY	1	https://amazon-berkeley-objects.s3.amazonaws.com/images/original/ab/ab5de901.jpg
abo-B01N365RKY	2	https://amazon-berkeley-objects.s3.amazonaws.com/images/original/c1/c170d7d5.jpg
abo-B01N365RKY	3	https://amazon-berkeley-objects.s3.amazonaws.com/images/original/29/292408c7.jpg
abo-B01N365RKY	4	https://amazon-berkeley-objects.s3.amazonaws.com/images/original/b1/b1fde75f.jpg
abo-B01N365SRJ	1	https://amazon-berkeley-objects.s3.amazonaws.com/images/original/48/488cd9eb.jpg
abo-B01N365SRJ	2	https://amazon-berkeley-objects.s3.amazonaws.com/images/original/62/620d1705.jpg
abo-B01N365SRJ	3	https://amazon-berkeley-objects.s3.amazonaws.com/images/original/8f/8f705bc8.jpg
abo-B01N365SRJ	4	https://amazon-berkeley-objects.s3.amazonaws.com/images/original/b6/b6e61d1f.jpg
abo-B01N365TIC	1	https://amazon-berkeley-objects.s3.amazonaws.com/images/original/b6/b6c010df.jpg
abo-B01N365TIC	2	https://amazon-berkeley-objects.s3.amazonaws.com/images/original/d2/d28a9ca9.jpg
abo-B01N365TIC	3	https://amazon-berkeley-objects.s3.amazonaws.com/images/original/e1/e1b3e364.jpg
abo-B01N365TIC	4	https://amazon-berkeley-objects.s3.amazonaws.com/images/original/a2/a25cce95.jpg
abo-B01N41FKY5	1	https://amazon-berkeley-objects.s3.amazonaws.com/images/original/4f/4f47fe61.jpg
abo-B01N41FKY5	2	https://amazon-berkeley-objects.s3.amazonaws.com/images/original/25/25620b7e.jpg
abo-B01N41FKY5	3	https://amazon-berkeley-objects.s3.amazonaws.com/images/original/f5/f5047137.jpg
abo-B01N41FKY5	4	https://amazon-berkeley-objects.s3.amazonaws.com/images/original/6b/6b1d73a0.jpg
abo-B01N41FL2P	1	https://amazon-berkeley-objects.s3.amazonaws.com/images/original/de/de2c162e.jpg
abo-B01N41FL2P	2	https://amazon-berkeley-objects.s3.amazonaws.com/images/original/91/91d829d3.jpg
abo-B01N41FL2P	3	https://amazon-berkeley-objects.s3.amazonaws.com/images/original/f5/f5047137.jpg
abo-B01N41FL2P	4	https://amazon-berkeley-objects.s3.amazonaws.com/images/original/64/646df63f.jpg
abo-B01N41FP6K	1	https://amazon-berkeley-objects.s3.amazonaws.com/images/original/43/43c34777.jpg
abo-B01N41FP6K	2	https://amazon-berkeley-objects.s3.amazonaws.com/images/original/ab/abc18a0e.jpg
abo-B01N41FP6K	3	https://amazon-berkeley-objects.s3.amazonaws.com/images/original/f5/f5047137.jpg
abo-B01N41FP6K	4	https://amazon-berkeley-objects.s3.amazonaws.com/images/original/fc/fca0d2bd.jpg
abo-B01N41FPPP	1	https://amazon-berkeley-objects.s3.amazonaws.com/images/original/a1/a1d3a369.jpg
abo-B01N41FPPP	2	https://amazon-berkeley-objects.s3.amazonaws.com/images/original/00/00524370.jpg
abo-B01N41FPPP	3	https://amazon-berkeley-objects.s3.amazonaws.com/images/original/f5/f5047137.jpg
abo-B01N41FPPP	4	https://amazon-berkeley-objects.s3.amazonaws.com/images/original/22/22ebf918.jpg
abo-B01N41FPRT	1	https://amazon-berkeley-objects.s3.amazonaws.com/images/original/6d/6db73160.jpg
abo-B01N41FPRT	2	https://amazon-berkeley-objects.s3.amazonaws.com/images/original/0b/0b5fa07a.jpg
abo-B01N41FPRT	3	https://amazon-berkeley-objects.s3.amazonaws.com/images/original/f9/f9e34dc1.jpg
abo-B01N41FPRT	4	https://amazon-berkeley-objects.s3.amazonaws.com/images/original/f2/f2a11489.jpg
abo-B01N4Q81F7	1	https://amazon-berkeley-objects.s3.amazonaws.com/images/original/df/dff91b1f.jpg
abo-B01N4Q81F7	2	https://amazon-berkeley-objects.s3.amazonaws.com/images/original/58/58f32c62.jpg
abo-B01N4Q81F7	3	https://amazon-berkeley-objects.s3.amazonaws.com/images/original/93/93189907.jpg
abo-B01N4Q81F7	4	https://amazon-berkeley-objects.s3.amazonaws.com/images/original/16/168ed3c5.jpg
abo-B01N4Q9BH1	1	https://amazon-berkeley-objects.s3.amazonaws.com/images/original/a3/a3c3d1ec.jpg
abo-B01N4Q9BH1	2	https://amazon-berkeley-objects.s3.amazonaws.com/images/original/7a/7a20c24c.jpg
abo-B01N4Q9BH1	3	https://amazon-berkeley-objects.s3.amazonaws.com/images/original/21/219839ae.jpg
abo-B01N4Q9BH1	4	https://amazon-berkeley-objects.s3.amazonaws.com/images/original/25/25e239e2.jpg
abo-B01N4Q9BH1	5	https://amazon-berkeley-objects.s3.amazonaws.com/images/original/28/28bc1207.jpg
abo-B01N4Q9BH1	6	https://amazon-berkeley-objects.s3.amazonaws.com/images/original/29/29a268ca.jpg
abo-B01N4Q9BH1	7	https://amazon-berkeley-objects.s3.amazonaws.com/images/original/75/7520bc58.jpg
abo-B01N4Q9GHN	1	https://amazon-berkeley-objects.s3.amazonaws.com/images/original/b8/b825b46f.jpg
abo-B01N4Q9GHN	2	https://amazon-berkeley-objects.s3.amazonaws.com/images/original/dd/ddc1e0c8.jpg
abo-B01N4Q9GHN	3	https://amazon-berkeley-objects.s3.amazonaws.com/images/original/10/10de5038.jpg
abo-B01N4Q9GHN	4	https://amazon-berkeley-objects.s3.amazonaws.com/images/original/8f/8f51654a.jpg
abo-B01N4Q9HIH	1	https://amazon-berkeley-objects.s3.amazonaws.com/images/original/da/da6f7804.jpg
abo-B01N4Q9HIH	2	https://amazon-berkeley-objects.s3.amazonaws.com/images/original/54/54b9097e.jpg
abo-B01N4Q9HIH	3	https://amazon-berkeley-objects.s3.amazonaws.com/images/original/34/349e497d.jpg
abo-B01N4Q9HIH	4	https://amazon-berkeley-objects.s3.amazonaws.com/images/original/21/21bdd16b.jpg
abo-B01N52XD16	1	https://amazon-berkeley-objects.s3.amazonaws.com/images/original/8b/8b05bbd2.jpg
abo-B01N52XD16	2	https://amazon-berkeley-objects.s3.amazonaws.com/images/original/6e/6e5a3d98.jpg
abo-B01N52XD16	3	https://amazon-berkeley-objects.s3.amazonaws.com/images/original/f5/f5047137.jpg
abo-B01N52XD16	4	https://amazon-berkeley-objects.s3.amazonaws.com/images/original/64/646df63f.jpg
abo-B01N52XE6C	1	https://amazon-berkeley-objects.s3.amazonaws.com/images/original/98/98c495df.jpg
abo-B01N52XE6C	2	https://amazon-berkeley-objects.s3.amazonaws.com/images/original/25/25620b7e.jpg
abo-B01N52XE6C	3	https://amazon-berkeley-objects.s3.amazonaws.com/images/original/f5/f5047137.jpg
abo-B01N52XE6C	4	https://amazon-berkeley-objects.s3.amazonaws.com/images/original/c1/c111046d.jpg
abo-B01N5Q9SSB	1	https://amazon-berkeley-objects.s3.amazonaws.com/images/original/89/897aaf84.jpg
abo-B01N5Q9SSB	2	https://amazon-berkeley-objects.s3.amazonaws.com/images/original/84/84a53ddd.jpg
abo-B01N5Q9SSB	3	https://amazon-berkeley-objects.s3.amazonaws.com/images/original/07/07826304.jpg
abo-B01N5Q9SSB	4	https://amazon-berkeley-objects.s3.amazonaws.com/images/original/3d/3d2ec82e.jpg
abo-B01N5RJH7Z	1	https://amazon-berkeley-objects.s3.amazonaws.com/images/original/bf/bf40f0d9.jpg
abo-B01N5RJH7Z	2	https://amazon-berkeley-objects.s3.amazonaws.com/images/original/f4/f4986684.jpg
abo-B01N5RJH7Z	3	https://amazon-berkeley-objects.s3.amazonaws.com/images/original/9e/9ea2adff.jpg
abo-B01N5RJH7Z	4	https://amazon-berkeley-objects.s3.amazonaws.com/images/original/65/6510058b.jpg
abo-B01N5RJHHO	1	https://amazon-berkeley-objects.s3.amazonaws.com/images/original/e1/e1338ebd.jpg
abo-B01N5RJHHO	2	https://amazon-berkeley-objects.s3.amazonaws.com/images/original/b1/b18fc8fb.jpg
abo-B01N5RJHHO	3	https://amazon-berkeley-objects.s3.amazonaws.com/images/original/7c/7c62a677.jpg
abo-B01N5RJHHO	4	https://amazon-berkeley-objects.s3.amazonaws.com/images/original/36/368a1e81.jpg
abo-B01N5RJIK4	1	https://amazon-berkeley-objects.s3.amazonaws.com/images/original/20/206d4282.jpg
abo-B01N5RJIK4	2	https://amazon-berkeley-objects.s3.amazonaws.com/images/original/42/42d44027.jpg
abo-B01N5RJIK4	3	https://amazon-berkeley-objects.s3.amazonaws.com/images/original/44/4408b5db.jpg
abo-B01N5RJIK4	4	https://amazon-berkeley-objects.s3.amazonaws.com/images/original/e4/e40ae85c.jpg
abo-B01N5RJIWT	1	https://amazon-berkeley-objects.s3.amazonaws.com/images/original/0a/0a74b224.jpg
abo-B01N5RJIWT	2	https://amazon-berkeley-objects.s3.amazonaws.com/images/original/c4/c4e6679a.jpg
abo-B01N5RJIWT	3	https://amazon-berkeley-objects.s3.amazonaws.com/images/original/23/23ab762d.jpg
abo-B01N5RJIWT	4	https://amazon-berkeley-objects.s3.amazonaws.com/images/original/e4/e4de3870.jpg
abo-B01N5RJLEG	1	https://amazon-berkeley-objects.s3.amazonaws.com/images/original/c8/c89310b3.jpg
abo-B01N5RJLEG	2	https://amazon-berkeley-objects.s3.amazonaws.com/images/original/c8/c882a138.jpg
abo-B01N5RJLEG	3	https://amazon-berkeley-objects.s3.amazonaws.com/images/original/8d/8dede0f2.jpg
abo-B01N5RJLEG	4	https://amazon-berkeley-objects.s3.amazonaws.com/images/original/34/34f1099b.jpg
abo-B01N5RJLEO	1	https://amazon-berkeley-objects.s3.amazonaws.com/images/original/c4/c4bd0947.jpg
abo-B01N5RJLEO	2	https://amazon-berkeley-objects.s3.amazonaws.com/images/original/f2/f2399774.jpg
abo-B01N5RJLEO	3	https://amazon-berkeley-objects.s3.amazonaws.com/images/original/03/03b709e3.jpg
abo-B01N5RJLEO	4	https://amazon-berkeley-objects.s3.amazonaws.com/images/original/83/8359f52a.jpg
abo-B01N5RJMJB	1	https://amazon-berkeley-objects.s3.amazonaws.com/images/original/35/358c99e0.jpg
abo-B01N5RJMJB	2	https://amazon-berkeley-objects.s3.amazonaws.com/images/original/41/416db460.jpg
abo-B01N5RJMJB	3	https://amazon-berkeley-objects.s3.amazonaws.com/images/original/21/21fe61e4.jpg
abo-B01N5RJMJB	4	https://amazon-berkeley-objects.s3.amazonaws.com/images/original/82/8285869a.jpg
abo-B01N5RJMRZ	1	https://amazon-berkeley-objects.s3.amazonaws.com/images/original/0b/0bbfe085.jpg
abo-B01N5RJMRZ	2	https://amazon-berkeley-objects.s3.amazonaws.com/images/original/57/57e06698.jpg
abo-B01N5RJMRZ	3	https://amazon-berkeley-objects.s3.amazonaws.com/images/original/9a/9a6e4f07.jpg
abo-B01N5RJMRZ	4	https://amazon-berkeley-objects.s3.amazonaws.com/images/original/43/4336dbc0.jpg
abo-B01N64BSUT	1	https://amazon-berkeley-objects.s3.amazonaws.com/images/original/c4/c4438882.jpg
abo-B01N64BSUT	2	https://amazon-berkeley-objects.s3.amazonaws.com/images/original/f5/f5047137.jpg
abo-B01N64BSUT	3	https://amazon-berkeley-objects.s3.amazonaws.com/images/original/15/15dd0076.jpg
abo-B01N64BSUT	4	https://amazon-berkeley-objects.s3.amazonaws.com/images/original/fc/fca0d2bd.jpg
abo-B01N64BSX1	1	https://amazon-berkeley-objects.s3.amazonaws.com/images/original/f5/f5599073.jpg
abo-B01N64BSX1	2	https://amazon-berkeley-objects.s3.amazonaws.com/images/original/f5/f5047137.jpg
abo-B01N64BSX1	3	https://amazon-berkeley-objects.s3.amazonaws.com/images/original/6b/6bcea891.jpg
abo-B01N64BSX1	4	https://amazon-berkeley-objects.s3.amazonaws.com/images/original/84/84a3beac.jpg
abo-B01N64BU4B	1	https://amazon-berkeley-objects.s3.amazonaws.com/images/original/d3/d38b5dc4.jpg
abo-B01N64BU4B	2	https://amazon-berkeley-objects.s3.amazonaws.com/images/original/2a/2aeb94e3.jpg
abo-B01N64BU4B	3	https://amazon-berkeley-objects.s3.amazonaws.com/images/original/f5/f5047137.jpg
abo-B01N64BU4B	4	https://amazon-berkeley-objects.s3.amazonaws.com/images/original/1f/1f253d6b.jpg
abo-B01N64BUH1	1	https://amazon-berkeley-objects.s3.amazonaws.com/images/original/4f/4f47fe61.jpg
abo-B01N64BUH1	2	https://amazon-berkeley-objects.s3.amazonaws.com/images/original/25/25620b7e.jpg
abo-B01N64BUH1	3	https://amazon-berkeley-objects.s3.amazonaws.com/images/original/f5/f5047137.jpg
abo-B01N64BUH1	4	https://amazon-berkeley-objects.s3.amazonaws.com/images/original/6b/6b1d73a0.jpg
abo-B01N64BUPH	1	https://amazon-berkeley-objects.s3.amazonaws.com/images/original/fe/fef3b1ae.jpg
abo-B01N64BUPH	2	https://amazon-berkeley-objects.s3.amazonaws.com/images/original/4d/4df690a4.jpg
abo-B01N64BUPH	3	https://amazon-berkeley-objects.s3.amazonaws.com/images/original/f5/f5047137.jpg
abo-B01N64BUPH	4	https://amazon-berkeley-objects.s3.amazonaws.com/images/original/23/2348c72d.jpg
abo-B01N6SFE53	1	https://amazon-berkeley-objects.s3.amazonaws.com/images/original/81/81397df0.jpg
abo-B01N6SFE53	2	https://amazon-berkeley-objects.s3.amazonaws.com/images/original/d4/d429b3f0.jpg
abo-B01N6SFE53	3	https://amazon-berkeley-objects.s3.amazonaws.com/images/original/d0/d0e9b1da.jpg
abo-B01N6SFE53	4	https://amazon-berkeley-objects.s3.amazonaws.com/images/original/ff/ff12be42.jpg
abo-B01N6T68H5	1	https://amazon-berkeley-objects.s3.amazonaws.com/images/original/97/975e53b1.jpg
abo-B01N6T68H5	2	https://amazon-berkeley-objects.s3.amazonaws.com/images/original/c1/c1f63f0e.jpg
abo-B01N6T68H5	3	https://amazon-berkeley-objects.s3.amazonaws.com/images/original/49/49677437.jpg
abo-B01N6T68H5	4	https://amazon-berkeley-objects.s3.amazonaws.com/images/original/dd/ddd701e9.jpg
abo-B01N6T6BFC	1	https://amazon-berkeley-objects.s3.amazonaws.com/images/original/b5/b5e367f1.jpg
abo-B01N6T6BFC	2	https://amazon-berkeley-objects.s3.amazonaws.com/images/original/39/399c601a.jpg
abo-B01N6T6BFC	3	https://amazon-berkeley-objects.s3.amazonaws.com/images/original/f8/f8334049.jpg
abo-B01N6T6BFC	4	https://amazon-berkeley-objects.s3.amazonaws.com/images/original/93/935721cf.jpg
abo-B01N6T6DRB	1	https://amazon-berkeley-objects.s3.amazonaws.com/images/original/ff/ff9aa2c0.jpg
abo-B01N6T6DRB	2	https://amazon-berkeley-objects.s3.amazonaws.com/images/original/53/53ea533a.jpg
abo-B01N6T6DRB	3	https://amazon-berkeley-objects.s3.amazonaws.com/images/original/44/44b12cd8.jpg
abo-B01N6T6DRB	4	https://amazon-berkeley-objects.s3.amazonaws.com/images/original/86/8618f66f.jpg
abo-B01N6T6FC3	1	https://amazon-berkeley-objects.s3.amazonaws.com/images/original/f1/f122a28b.jpg
abo-B01N6T6FC3	2	https://amazon-berkeley-objects.s3.amazonaws.com/images/original/7a/7abddbc2.jpg
abo-B01N6T6FC3	3	https://amazon-berkeley-objects.s3.amazonaws.com/images/original/12/129f0c77.jpg
abo-B01N6T6FC3	4	https://amazon-berkeley-objects.s3.amazonaws.com/images/original/78/7886e098.jpg
abo-B01N6T6HRO	1	https://amazon-berkeley-objects.s3.amazonaws.com/images/original/20/20608f21.jpg
abo-B01N6T6HRO	2	https://amazon-berkeley-objects.s3.amazonaws.com/images/original/21/21eae58a.jpg
abo-B01N6T6HRO	3	https://amazon-berkeley-objects.s3.amazonaws.com/images/original/83/831fba76.jpg
abo-B01N6T6HRO	4	https://amazon-berkeley-objects.s3.amazonaws.com/images/original/c9/c9fdf513.jpg
abo-B01N6T6IXV	1	https://amazon-berkeley-objects.s3.amazonaws.com/images/original/70/7032aeb9.jpg
abo-B01N6T6IXV	2	https://amazon-berkeley-objects.s3.amazonaws.com/images/original/f9/f9679c33.jpg
abo-B01N6T6IXV	3	https://amazon-berkeley-objects.s3.amazonaws.com/images/original/24/246c4713.jpg
abo-B01N6T6IXV	4	https://amazon-berkeley-objects.s3.amazonaws.com/images/original/22/229f51f7.jpg
abo-B01N74WR77	1	https://amazon-berkeley-objects.s3.amazonaws.com/images/original/f5/f5599073.jpg
abo-B01N74WR77	2	https://amazon-berkeley-objects.s3.amazonaws.com/images/original/f5/f5047137.jpg
abo-B01N74WR77	3	https://amazon-berkeley-objects.s3.amazonaws.com/images/original/6b/6bcea891.jpg
abo-B01N74WR77	4	https://amazon-berkeley-objects.s3.amazonaws.com/images/original/84/84a3beac.jpg
abo-B01N75HF3F	1	https://amazon-berkeley-objects.s3.amazonaws.com/images/original/6e/6ec1de19.jpg
abo-B01N75HF3F	2	https://amazon-berkeley-objects.s3.amazonaws.com/images/original/d2/d29f37f2.jpg
abo-B01N75HF3F	3	https://amazon-berkeley-objects.s3.amazonaws.com/images/original/f5/f5047137.jpg
abo-B01N75HF3F	4	https://amazon-berkeley-objects.s3.amazonaws.com/images/original/84/84a3beac.jpg
abo-B01N75RRDH	1	https://amazon-berkeley-objects.s3.amazonaws.com/images/original/cf/cf141527.jpg
abo-B01N75RRDH	2	https://amazon-berkeley-objects.s3.amazonaws.com/images/original/b2/b2f8ae37.jpg
abo-B01N75RRDH	3	https://amazon-berkeley-objects.s3.amazonaws.com/images/original/f5/f5047137.jpg
abo-B01N75RRDH	4	https://amazon-berkeley-objects.s3.amazonaws.com/images/original/e9/e92d2f6b.jpg
abo-B01N75S937	1	https://amazon-berkeley-objects.s3.amazonaws.com/images/original/ff/ff143324.jpg
abo-B01N75S937	2	https://amazon-berkeley-objects.s3.amazonaws.com/images/original/13/1395d950.jpg
abo-B01N75S937	3	https://amazon-berkeley-objects.s3.amazonaws.com/images/original/22/22a7e310.jpg
abo-B01N75S937	4	https://amazon-berkeley-objects.s3.amazonaws.com/images/original/e7/e73e8dd4.jpg
abo-B01N7TOO9I	1	https://amazon-berkeley-objects.s3.amazonaws.com/images/original/6b/6b6e88c5.jpg
abo-B01N7TOO9I	2	https://amazon-berkeley-objects.s3.amazonaws.com/images/original/9b/9b202718.jpg
abo-B01N7TOO9I	3	https://amazon-berkeley-objects.s3.amazonaws.com/images/original/8c/8c384483.jpg
abo-B01N7TOO9I	4	https://amazon-berkeley-objects.s3.amazonaws.com/images/original/9d/9d516028.jpg
abo-B01N7TOO9X	1	https://amazon-berkeley-objects.s3.amazonaws.com/images/original/a9/a95ea5e9.jpg
abo-B01N7TOO9X	2	https://amazon-berkeley-objects.s3.amazonaws.com/images/original/47/47027eb2.jpg
abo-B01N7TOO9X	3	https://amazon-berkeley-objects.s3.amazonaws.com/images/original/e1/e1b3e364.jpg
abo-B01N7TOO9X	4	https://amazon-berkeley-objects.s3.amazonaws.com/images/original/a2/a25cce95.jpg
abo-B01N7UFWVD	1	https://amazon-berkeley-objects.s3.amazonaws.com/images/original/67/67c35194.jpg
abo-B01N7UFWVD	2	https://amazon-berkeley-objects.s3.amazonaws.com/images/original/77/77096543.jpg
abo-B01N7UFWVD	3	https://amazon-berkeley-objects.s3.amazonaws.com/images/original/bf/bfb19eca.jpg
abo-B01N7UFWVD	4	https://amazon-berkeley-objects.s3.amazonaws.com/images/original/bf/bf5b8de9.jpg
abo-B01N7UG1AH	1	https://amazon-berkeley-objects.s3.amazonaws.com/images/original/b4/b4577794.jpg
abo-B01N7UG1AH	2	https://amazon-berkeley-objects.s3.amazonaws.com/images/original/88/88ae4b9f.jpg
abo-B01N7UG1AH	3	https://amazon-berkeley-objects.s3.amazonaws.com/images/original/73/73658dbd.jpg
abo-B01N7UG1AH	4	https://amazon-berkeley-objects.s3.amazonaws.com/images/original/81/819ab2f3.jpg
abo-B01N7UG1AV	1	https://amazon-berkeley-objects.s3.amazonaws.com/images/original/5b/5b4331b3.jpg
abo-B01N7UG1AV	2	https://amazon-berkeley-objects.s3.amazonaws.com/images/original/ab/ab6c8444.jpg
abo-B01N7UG1AV	3	https://amazon-berkeley-objects.s3.amazonaws.com/images/original/23/23ab762d.jpg
abo-B01N7UG1AV	4	https://amazon-berkeley-objects.s3.amazonaws.com/images/original/e4/e4de3870.jpg
abo-B01N7UG1SW	1	https://amazon-berkeley-objects.s3.amazonaws.com/images/original/2b/2b6c37b2.jpg
abo-B01N7UG1SW	2	https://amazon-berkeley-objects.s3.amazonaws.com/images/original/8f/8f976fcf.jpg
abo-B01N7UG1SW	3	https://amazon-berkeley-objects.s3.amazonaws.com/images/original/27/27ca2744.jpg
abo-B01N7UG1SW	4	https://amazon-berkeley-objects.s3.amazonaws.com/images/original/12/1265f9d4.jpg
abo-B01N7UG2J3	1	https://amazon-berkeley-objects.s3.amazonaws.com/images/original/f1/f1d52ae4.jpg
abo-B01N7UG2J3	2	https://amazon-berkeley-objects.s3.amazonaws.com/images/original/4c/4c462e4e.jpg
abo-B01N7UG2J3	3	https://amazon-berkeley-objects.s3.amazonaws.com/images/original/1b/1bd37c6b.jpg
abo-B01N7UG2J3	4	https://amazon-berkeley-objects.s3.amazonaws.com/images/original/cb/cb592a48.jpg
abo-B01N9417GA	1	https://amazon-berkeley-objects.s3.amazonaws.com/images/original/d5/d5d9a778.jpg
abo-B01N9417GA	2	https://amazon-berkeley-objects.s3.amazonaws.com/images/original/32/32d4ccd6.jpg
abo-B01N9417GA	3	https://amazon-berkeley-objects.s3.amazonaws.com/images/original/f5/f5047137.jpg
abo-B01N9417GA	4	https://amazon-berkeley-objects.s3.amazonaws.com/images/original/fe/feafb30f.jpg
abo-B01N9454ZB	1	https://amazon-berkeley-objects.s3.amazonaws.com/images/original/8b/8b05bbd2.jpg
abo-B01N9454ZB	2	https://amazon-berkeley-objects.s3.amazonaws.com/images/original/e1/e1d39713.jpg
abo-B01N9454ZB	3	https://amazon-berkeley-objects.s3.amazonaws.com/images/original/f5/f5047137.jpg
abo-B01N9454ZB	4	https://amazon-berkeley-objects.s3.amazonaws.com/images/original/64/646df63f.jpg
abo-B01N94AH8L	1	https://amazon-berkeley-objects.s3.amazonaws.com/images/original/ad/ad40a0c7.jpg
abo-B01N94AH8L	2	https://amazon-berkeley-objects.s3.amazonaws.com/images/original/4d/4df690a4.jpg
abo-B01N94AH8L	3	https://amazon-berkeley-objects.s3.amazonaws.com/images/original/f5/f5047137.jpg
abo-B01N94AH8L	4	https://amazon-berkeley-objects.s3.amazonaws.com/images/original/7f/7fbaf52e.jpg
abo-B01N94CONG	1	https://amazon-berkeley-objects.s3.amazonaws.com/images/original/4f/4f47fe61.jpg
abo-B01N94CONG	2	https://amazon-berkeley-objects.s3.amazonaws.com/images/original/25/25620b7e.jpg
abo-B01N94CONG	3	https://amazon-berkeley-objects.s3.amazonaws.com/images/original/f5/f5047137.jpg
abo-B01N94CONG	4	https://amazon-berkeley-objects.s3.amazonaws.com/images/original/6b/6b1d73a0.jpg
abo-B01N94D4E0	1	https://amazon-berkeley-objects.s3.amazonaws.com/images/original/6e/6ec1de19.jpg
abo-B01N94D4E0	2	https://amazon-berkeley-objects.s3.amazonaws.com/images/original/d2/d29f37f2.jpg
abo-B01N94D4E0	3	https://amazon-berkeley-objects.s3.amazonaws.com/images/original/f5/f5047137.jpg
abo-B01N94D4E0	4	https://amazon-berkeley-objects.s3.amazonaws.com/images/original/84/84a3beac.jpg
abo-B01N94DKCO	1	https://amazon-berkeley-objects.s3.amazonaws.com/images/original/21/21aedfe8.jpg
abo-B01N94DKCO	2	https://amazon-berkeley-objects.s3.amazonaws.com/images/original/b2/b2f8ae37.jpg
abo-B01N94DKCO	3	https://amazon-berkeley-objects.s3.amazonaws.com/images/original/f5/f5047137.jpg
abo-B01N94DKCO	4	https://amazon-berkeley-objects.s3.amazonaws.com/images/original/f5/f547b0d1.jpg
abo-B01N94F22I	1	https://amazon-berkeley-objects.s3.amazonaws.com/images/original/ae/ae5fead4.jpg
abo-B01N94F22I	2	https://amazon-berkeley-objects.s3.amazonaws.com/images/original/07/07b8b402.jpg
abo-B01N94F22I	3	https://amazon-berkeley-objects.s3.amazonaws.com/images/original/f5/f5047137.jpg
abo-B01N94F22I	4	https://amazon-berkeley-objects.s3.amazonaws.com/images/original/fc/fca0d2bd.jpg
abo-B01N94J5XF	1	https://amazon-berkeley-objects.s3.amazonaws.com/images/original/5e/5ea954c6.jpg
abo-B01N94J5XF	2	https://amazon-berkeley-objects.s3.amazonaws.com/images/original/dc/dcace9b5.jpg
abo-B01N94J5XF	3	https://amazon-berkeley-objects.s3.amazonaws.com/images/original/f5/f5047137.jpg
abo-B01N94J5XF	4	https://amazon-berkeley-objects.s3.amazonaws.com/images/original/b3/b38bc2cf.jpg
abo-B01N94RBDR	1	https://amazon-berkeley-objects.s3.amazonaws.com/images/original/63/6332c503.jpg
abo-B01N94RBDR	2	https://amazon-berkeley-objects.s3.amazonaws.com/images/original/f5/f5047137.jpg
abo-B01N94RBDR	3	https://amazon-berkeley-objects.s3.amazonaws.com/images/original/7b/7bb1bf08.jpg
abo-B01N94RBDR	4	https://amazon-berkeley-objects.s3.amazonaws.com/images/original/fc/fca0d2bd.jpg
abo-B01N94RMCX	1	https://amazon-berkeley-objects.s3.amazonaws.com/images/original/f0/f0a76857.jpg
abo-B01N94RMCX	2	https://amazon-berkeley-objects.s3.amazonaws.com/images/original/89/8967ecfd.jpg
abo-B01N94RMCX	3	https://amazon-berkeley-objects.s3.amazonaws.com/images/original/f5/f5047137.jpg
abo-B01N94RMCX	4	https://amazon-berkeley-objects.s3.amazonaws.com/images/original/fc/fca0d2bd.jpg
abo-B01N94RMD9	1	https://amazon-berkeley-objects.s3.amazonaws.com/images/original/e7/e7efd383.jpg
abo-B01N94RMD9	2	https://amazon-berkeley-objects.s3.amazonaws.com/images/original/f5/f5047137.jpg
abo-B01N94RMD9	3	https://amazon-berkeley-objects.s3.amazonaws.com/images/original/64/64026913.jpg
abo-B01N94RMD9	4	https://amazon-berkeley-objects.s3.amazonaws.com/images/original/1f/1f253d6b.jpg
abo-B01N94VDAQ	1	https://amazon-berkeley-objects.s3.amazonaws.com/images/original/30/303dec82.jpg
abo-B01N94VDAQ	2	https://amazon-berkeley-objects.s3.amazonaws.com/images/original/6f/6f5cefab.jpg
abo-B01N94VDAQ	3	https://amazon-berkeley-objects.s3.amazonaws.com/images/original/9a/9afd80cf.jpg
abo-B01N94VDAQ	4	https://amazon-berkeley-objects.s3.amazonaws.com/images/original/f5/f5047137.jpg
abo-B01N9TY3VB	1	https://amazon-berkeley-objects.s3.amazonaws.com/images/original/a1/a1b22a0d.jpg
abo-B01N9TY3VB	2	https://amazon-berkeley-objects.s3.amazonaws.com/images/original/bf/bf031613.jpg
abo-B01N9TY3VB	3	https://amazon-berkeley-objects.s3.amazonaws.com/images/original/57/5732c8e9.jpg
abo-B01N9TY3VB	4	https://amazon-berkeley-objects.s3.amazonaws.com/images/original/67/67597f14.jpg
abo-B01N9TY56A	1	https://amazon-berkeley-objects.s3.amazonaws.com/images/original/58/58e1cfc3.jpg
abo-B01N9TY56A	2	https://amazon-berkeley-objects.s3.amazonaws.com/images/original/91/91a2d3c2.jpg
abo-B01N9TY56A	3	https://amazon-berkeley-objects.s3.amazonaws.com/images/original/c9/c9dbc7ce.jpg
abo-B01N9TY56A	4	https://amazon-berkeley-objects.s3.amazonaws.com/images/original/b0/b0372b79.jpg
abo-B01N9TY576	1	https://amazon-berkeley-objects.s3.amazonaws.com/images/original/22/22b89397.jpg
abo-B01N9TY576	2	https://amazon-berkeley-objects.s3.amazonaws.com/images/original/68/68fac8c4.jpg
abo-B01N9TY576	3	https://amazon-berkeley-objects.s3.amazonaws.com/images/original/51/51622d4e.jpg
abo-B01N9TY576	4	https://amazon-berkeley-objects.s3.amazonaws.com/images/original/ab/ab1e9d7e.jpg
abo-B01N9TY5SV	1	https://amazon-berkeley-objects.s3.amazonaws.com/images/original/29/293bbef8.jpg
abo-B01N9TY5SV	2	https://amazon-berkeley-objects.s3.amazonaws.com/images/original/b9/b908a86e.jpg
abo-B01N9TY5SV	3	https://amazon-berkeley-objects.s3.amazonaws.com/images/original/62/62e90a33.jpg
abo-B01N9TY5SV	4	https://amazon-berkeley-objects.s3.amazonaws.com/images/original/16/16b35cdf.jpg
abo-B01NBWHGY1	1	https://amazon-berkeley-objects.s3.amazonaws.com/images/original/a8/a8a063d6.jpg
abo-B01NBWHGY1	2	https://amazon-berkeley-objects.s3.amazonaws.com/images/original/e5/e5c5b76b.jpg
abo-B01NBWHGY1	3	https://amazon-berkeley-objects.s3.amazonaws.com/images/original/65/6579876a.jpg
abo-B01NBWHGY1	4	https://amazon-berkeley-objects.s3.amazonaws.com/images/original/0b/0bfa019b.jpg
abo-B01NBWJJE1	1	https://amazon-berkeley-objects.s3.amazonaws.com/images/original/89/89bc0520.jpg
abo-B01NBWJJE1	2	https://amazon-berkeley-objects.s3.amazonaws.com/images/original/5e/5e7886b6.jpg
abo-B01NBWJJE1	3	https://amazon-berkeley-objects.s3.amazonaws.com/images/original/7d/7dea597e.jpg
abo-B01NBWJJE1	4	https://amazon-berkeley-objects.s3.amazonaws.com/images/original/ac/ac7e9578.jpg
abo-B01NBWJJE1	5	https://amazon-berkeley-objects.s3.amazonaws.com/images/original/aa/aad308ad.jpg
abo-B01NBWJJE1	6	https://amazon-berkeley-objects.s3.amazonaws.com/images/original/af/afb437e6.jpg
abo-B01NBWJJE1	7	https://amazon-berkeley-objects.s3.amazonaws.com/images/original/69/69dd80bc.jpg
abo-B01NBWNQHL	1	https://amazon-berkeley-objects.s3.amazonaws.com/images/original/27/271a86d2.jpg
abo-B01NBWNQHL	2	https://amazon-berkeley-objects.s3.amazonaws.com/images/original/e3/e3803625.jpg
abo-B01NBWNQHL	3	https://amazon-berkeley-objects.s3.amazonaws.com/images/original/9d/9d48f5e6.jpg
abo-B01NBWNQHL	4	https://amazon-berkeley-objects.s3.amazonaws.com/images/original/0b/0b984d6d.jpg
abo-B01NBWTEG4	1	https://amazon-berkeley-objects.s3.amazonaws.com/images/original/97/975e53b1.jpg
abo-B01NBWTEG4	2	https://amazon-berkeley-objects.s3.amazonaws.com/images/original/bf/bffabff8.jpg
abo-B01NBWTEG4	3	https://amazon-berkeley-objects.s3.amazonaws.com/images/original/3e/3ea2eebc.jpg
abo-B01NBWTEG4	4	https://amazon-berkeley-objects.s3.amazonaws.com/images/original/c1/c1f63f0e.jpg
abo-B01NBWTGY3	1	https://amazon-berkeley-objects.s3.amazonaws.com/images/original/20/206d4282.jpg
abo-B01NBWTGY3	2	https://amazon-berkeley-objects.s3.amazonaws.com/images/original/42/42d44027.jpg
abo-B01NBWTGY3	3	https://amazon-berkeley-objects.s3.amazonaws.com/images/original/e4/e40ae85c.jpg
abo-B01NBWTGY3	4	https://amazon-berkeley-objects.s3.amazonaws.com/images/original/44/4408b5db.jpg
abo-B01NBWTH07	1	https://amazon-berkeley-objects.s3.amazonaws.com/images/original/b6/b68023ee.jpg
abo-B01NBWTH07	2	https://amazon-berkeley-objects.s3.amazonaws.com/images/original/12/125aa0f8.jpg
abo-B01NBWTH07	3	https://amazon-berkeley-objects.s3.amazonaws.com/images/original/ff/ff6df83b.jpg
abo-B01NBWTH07	4	https://amazon-berkeley-objects.s3.amazonaws.com/images/original/01/0191cb6c.jpg
abo-B01NBWTH07	5	https://amazon-berkeley-objects.s3.amazonaws.com/images/original/e9/e93f5d49.jpg
abo-B01NBWTH07	6	https://amazon-berkeley-objects.s3.amazonaws.com/images/original/a6/a62534dd.jpg
abo-B01NBWTH07	7	https://amazon-berkeley-objects.s3.amazonaws.com/images/original/ad/ad876c64.jpg
abo-B0711Q7WK7	1	https://amazon-berkeley-objects.s3.amazonaws.com/images/original/4b/4bf05f8b.jpg
abo-B0711Q7WK7	2	https://amazon-berkeley-objects.s3.amazonaws.com/images/original/1c/1c5582fc.jpg
abo-B0711Q7WK7	3	https://amazon-berkeley-objects.s3.amazonaws.com/images/original/77/77c5c18c.jpg
abo-B0711Q7WK7	4	https://amazon-berkeley-objects.s3.amazonaws.com/images/original/94/94baf069.jpg
abo-B0711YD5TK	1	https://amazon-berkeley-objects.s3.amazonaws.com/images/original/04/048f7819.jpg
abo-B0711YD5TK	2	https://amazon-berkeley-objects.s3.amazonaws.com/images/original/13/13a27ac8.jpg
abo-B0711YD5TK	3	https://amazon-berkeley-objects.s3.amazonaws.com/images/original/b7/b71b025c.jpg
abo-B0711YD5TK	4	https://amazon-berkeley-objects.s3.amazonaws.com/images/original/d7/d7b750c3.jpg
abo-B07149TB7Y	1	https://amazon-berkeley-objects.s3.amazonaws.com/images/original/c1/c1d163e6.jpg
abo-B07149TB7Y	2	https://amazon-berkeley-objects.s3.amazonaws.com/images/original/f1/f1aa97df.jpg
abo-B07149TB7Y	3	https://amazon-berkeley-objects.s3.amazonaws.com/images/original/3b/3bdea814.jpg
abo-B07149TB7Y	4	https://amazon-berkeley-objects.s3.amazonaws.com/images/original/59/593a98b7.jpg
abo-B0716WM8TJ	1	https://amazon-berkeley-objects.s3.amazonaws.com/images/original/a7/a7bad451.jpg
abo-B0716WM8TJ	2	https://amazon-berkeley-objects.s3.amazonaws.com/images/original/d9/d93c8005.jpg
abo-B0716WM8TJ	3	https://amazon-berkeley-objects.s3.amazonaws.com/images/original/e8/e859d4da.jpg
abo-B0716WM8TJ	4	https://amazon-berkeley-objects.s3.amazonaws.com/images/original/d0/d06bfe0d.jpg
abo-B0716YRXBF	1	https://amazon-berkeley-objects.s3.amazonaws.com/images/original/8c/8cbb76cc.jpg
abo-B0716YRXBF	2	https://amazon-berkeley-objects.s3.amazonaws.com/images/original/c2/c250df57.jpg
abo-B0716YRXBF	3	https://amazon-berkeley-objects.s3.amazonaws.com/images/original/0d/0d8f47f4.jpg
abo-B0716YRXBF	4	https://amazon-berkeley-objects.s3.amazonaws.com/images/original/e2/e2973c4b.jpg
abo-B0719H3KTX	1	https://amazon-berkeley-objects.s3.amazonaws.com/images/original/5d/5dbc05f7.jpg
abo-B0719H3KTX	2	https://amazon-berkeley-objects.s3.amazonaws.com/images/original/89/899a0606.jpg
abo-B0719H3KTX	3	https://amazon-berkeley-objects.s3.amazonaws.com/images/original/a8/a87c5c57.jpg
abo-B0719H3KTX	4	https://amazon-berkeley-objects.s3.amazonaws.com/images/original/e8/e81716a5.jpg
abo-B0719QB6HW	1	https://amazon-berkeley-objects.s3.amazonaws.com/images/original/e5/e5c7cf54.jpg
abo-B0719QB6HW	2	https://amazon-berkeley-objects.s3.amazonaws.com/images/original/29/29e8b35e.jpg
abo-B0719QB6HW	3	https://amazon-berkeley-objects.s3.amazonaws.com/images/original/29/2958ff18.jpg
abo-B0719QB6HW	4	https://amazon-berkeley-objects.s3.amazonaws.com/images/original/26/26af7c99.jpg
abo-B071DZHLXH	1	https://amazon-berkeley-objects.s3.amazonaws.com/images/original/20/20ceb727.jpg
abo-B071DZHLXH	2	https://amazon-berkeley-objects.s3.amazonaws.com/images/original/9a/9ac7bef3.jpg
abo-B071DZHLXH	3	https://amazon-berkeley-objects.s3.amazonaws.com/images/original/1e/1ee29c93.jpg
abo-B071DZHLXH	4	https://amazon-berkeley-objects.s3.amazonaws.com/images/original/b9/b9ad8654.jpg
abo-B071DZHLXH	5	https://amazon-berkeley-objects.s3.amazonaws.com/images/original/5a/5a1eebab.jpg
abo-B071DZHLXH	6	https://amazon-berkeley-objects.s3.amazonaws.com/images/original/ce/ce105104.jpg
abo-B071DZHLXH	7	https://amazon-berkeley-objects.s3.amazonaws.com/images/original/59/59f5df54.jpg
abo-B071DZHLXH	8	https://amazon-berkeley-objects.s3.amazonaws.com/images/original/fe/fe5cd5f6.jpg
abo-B071F6W28T	1	https://amazon-berkeley-objects.s3.amazonaws.com/images/original/71/71d50aac.jpg
abo-B071F6W28T	2	https://amazon-berkeley-objects.s3.amazonaws.com/images/original/d2/d2703a8f.jpg
abo-B071F6W28T	3	https://amazon-berkeley-objects.s3.amazonaws.com/images/original/32/32c3fd3a.jpg
abo-B071F6W28T	4	https://amazon-berkeley-objects.s3.amazonaws.com/images/original/0e/0e666290.jpg
abo-B071F6WJ9V	1	https://amazon-berkeley-objects.s3.amazonaws.com/images/original/6d/6d3a5fb1.jpg
abo-B071F6WJ9V	2	https://amazon-berkeley-objects.s3.amazonaws.com/images/original/2e/2e7b840c.jpg
abo-B071F6WJ9V	3	https://amazon-berkeley-objects.s3.amazonaws.com/images/original/4e/4ea3e0f2.jpg
abo-B071F6WJ9V	4	https://amazon-berkeley-objects.s3.amazonaws.com/images/original/ac/ac475bc4.jpg
abo-B071F6WK9H	1	https://amazon-berkeley-objects.s3.amazonaws.com/images/original/78/78737265.jpg
abo-B071F6WK9H	2	https://amazon-berkeley-objects.s3.amazonaws.com/images/original/5b/5b4a24c5.jpg
abo-B071F6WK9H	3	https://amazon-berkeley-objects.s3.amazonaws.com/images/original/ed/edbe4dbd.jpg
abo-B071F6WK9H	4	https://amazon-berkeley-objects.s3.amazonaws.com/images/original/94/94af716b.jpg
abo-B071F6WK9K	1	https://amazon-berkeley-objects.s3.amazonaws.com/images/original/0d/0d10c0bf.jpg
abo-B071F6WK9K	2	https://amazon-berkeley-objects.s3.amazonaws.com/images/original/5c/5c2fa693.jpg
abo-B071F6WK9K	3	https://amazon-berkeley-objects.s3.amazonaws.com/images/original/43/4380fc66.jpg
abo-B071F6WK9K	4	https://amazon-berkeley-objects.s3.amazonaws.com/images/original/ae/ae72ee99.jpg
abo-B071F6WK9K	5	https://amazon-berkeley-objects.s3.amazonaws.com/images/original/98/98347feb.jpg
abo-B071F6WK9K	6	https://amazon-berkeley-objects.s3.amazonaws.com/images/original/e0/e00fe205.jpg
abo-B071F6WK9K	7	https://amazon-berkeley-objects.s3.amazonaws.com/images/original/0c/0c8bac9b.jpg
abo-B071F6WK9K	8	https://amazon-berkeley-objects.s3.amazonaws.com/images/original/e2/e28a16d7.jpg
abo-B071F73XDB	1	https://amazon-berkeley-objects.s3.amazonaws.com/images/original/0d/0d6ec053.jpg
abo-B071F73XDB	2	https://amazon-berkeley-objects.s3.amazonaws.com/images/original/42/4266b59e.jpg
abo-B071F73XDB	3	https://amazon-berkeley-objects.s3.amazonaws.com/images/original/c5/c5a660a9.jpg
abo-B071F73XDB	4	https://amazon-berkeley-objects.s3.amazonaws.com/images/original/bd/bd107b22.jpg
abo-B071F9FBTD	1	https://amazon-berkeley-objects.s3.amazonaws.com/images/original/de/de302a81.jpg
abo-B071F9FBTD	2	https://amazon-berkeley-objects.s3.amazonaws.com/images/original/2d/2d4ba790.jpg
abo-B071F9FBTD	3	https://amazon-berkeley-objects.s3.amazonaws.com/images/original/30/30bff048.jpg
abo-B071F9FBTD	4	https://amazon-berkeley-objects.s3.amazonaws.com/images/original/01/010b6441.jpg
abo-B071HSMDRP	1	https://amazon-berkeley-objects.s3.amazonaws.com/images/original/36/3675895e.jpg
abo-B071HSMDRP	2	https://amazon-berkeley-objects.s3.amazonaws.com/images/original/54/540d0831.jpg
abo-B071HSMDRP	3	https://amazon-berkeley-objects.s3.amazonaws.com/images/original/19/19391196.jpg
abo-B071HSMDRP	4	https://amazon-berkeley-objects.s3.amazonaws.com/images/original/26/26acd87c.jpg
abo-B071HSMPHL	1	https://amazon-berkeley-objects.s3.amazonaws.com/images/original/9f/9f4d8d94.jpg
abo-B071HSMPHL	2	https://amazon-berkeley-objects.s3.amazonaws.com/images/original/61/61cc9770.jpg
abo-B071HSMPHL	3	https://amazon-berkeley-objects.s3.amazonaws.com/images/original/eb/eba59360.jpg
abo-B071HSMPHL	4	https://amazon-berkeley-objects.s3.amazonaws.com/images/original/42/424581c5.jpg
abo-B071LD87KZ	1	https://amazon-berkeley-objects.s3.amazonaws.com/images/original/54/54ce6eb3.jpg
abo-B071LD87KZ	2	https://amazon-berkeley-objects.s3.amazonaws.com/images/original/4d/4d7cf95b.jpg
abo-B071LD87KZ	3	https://amazon-berkeley-objects.s3.amazonaws.com/images/original/c7/c7dcc566.jpg
abo-B071LD87KZ	4	https://amazon-berkeley-objects.s3.amazonaws.com/images/original/f6/f605e3d8.jpg
abo-B071NZD6J2	1	https://amazon-berkeley-objects.s3.amazonaws.com/images/original/0c/0c8feaf0.jpg
abo-B071NZD6J2	2	https://amazon-berkeley-objects.s3.amazonaws.com/images/original/51/51b4269b.jpg
abo-B071NZD6J2	3	https://amazon-berkeley-objects.s3.amazonaws.com/images/original/6e/6e48f3d7.jpg
abo-B071NZD6J2	4	https://amazon-berkeley-objects.s3.amazonaws.com/images/original/14/14d1b10f.jpg
abo-B071S5F4CS	1	https://amazon-berkeley-objects.s3.amazonaws.com/images/original/36/36290b49.jpg
abo-B071S5F4CS	2	https://amazon-berkeley-objects.s3.amazonaws.com/images/original/e6/e6b3fd8b.jpg
abo-B071S5F4CS	3	https://amazon-berkeley-objects.s3.amazonaws.com/images/original/75/7528f438.jpg
abo-B071S5F4CS	4	https://amazon-berkeley-objects.s3.amazonaws.com/images/original/66/66801df7.jpg
abo-B071S7XL29	1	https://amazon-berkeley-objects.s3.amazonaws.com/images/original/08/08bdfee8.jpg
abo-B071S7XL29	2	https://amazon-berkeley-objects.s3.amazonaws.com/images/original/e5/e5dbed85.jpg
abo-B071S7XL29	3	https://amazon-berkeley-objects.s3.amazonaws.com/images/original/76/760af028.jpg
abo-B071S7XL29	4	https://amazon-berkeley-objects.s3.amazonaws.com/images/original/73/734fa853.jpg
abo-B071VR5JSP	1	https://amazon-berkeley-objects.s3.amazonaws.com/images/original/a7/a7f28531.jpg
abo-B071VR5JSP	2	https://amazon-berkeley-objects.s3.amazonaws.com/images/original/20/204251be.jpg
abo-B071VR5JSP	3	https://amazon-berkeley-objects.s3.amazonaws.com/images/original/af/afbaffe5.jpg
abo-B071VR5JSP	4	https://amazon-berkeley-objects.s3.amazonaws.com/images/original/25/25cb4381.jpg
abo-B0725NGTKK	1	https://amazon-berkeley-objects.s3.amazonaws.com/images/original/59/59dc413c.jpg
abo-B0725NGTKK	2	https://amazon-berkeley-objects.s3.amazonaws.com/images/original/b0/b02a400e.jpg
abo-B0725NGTKK	3	https://amazon-berkeley-objects.s3.amazonaws.com/images/original/6a/6a62cd82.jpg
abo-B0725NGTKK	4	https://amazon-berkeley-objects.s3.amazonaws.com/images/original/72/728fafea.jpg
abo-B072834HJZ	1	https://amazon-berkeley-objects.s3.amazonaws.com/images/original/de/de2c162e.jpg
abo-B072834HJZ	2	https://amazon-berkeley-objects.s3.amazonaws.com/images/original/c3/c3b2acef.jpg
abo-B072834HJZ	3	https://amazon-berkeley-objects.s3.amazonaws.com/images/original/f5/f5047137.jpg
abo-B072834HJZ	4	https://amazon-berkeley-objects.s3.amazonaws.com/images/original/25/259448e4.jpg
abo-B07288BM2Q	1	https://amazon-berkeley-objects.s3.amazonaws.com/images/original/03/03e0631c.jpg
abo-B07288BM2Q	2	https://amazon-berkeley-objects.s3.amazonaws.com/images/original/2d/2d2c880c.jpg
abo-B07288BM2Q	3	https://amazon-berkeley-objects.s3.amazonaws.com/images/original/42/428446f8.jpg
abo-B07288BM2Q	4	https://amazon-berkeley-objects.s3.amazonaws.com/images/original/cd/cd2b03a4.jpg
abo-B072HV8JT7	1	https://amazon-berkeley-objects.s3.amazonaws.com/images/original/c0/c0673b42.jpg
abo-B072HV8JT7	2	https://amazon-berkeley-objects.s3.amazonaws.com/images/original/f5/f5047137.jpg
abo-B072HV8JT7	3	https://amazon-berkeley-objects.s3.amazonaws.com/images/original/e5/e5389bd3.jpg
abo-B072HV8JT7	4	https://amazon-berkeley-objects.s3.amazonaws.com/images/original/d8/d838b0b0.jpg
abo-B0735CJJDM	1	https://amazon-berkeley-objects.s3.amazonaws.com/images/original/e3/e3c9a9c0.jpg
abo-B0735CJJDM	2	https://amazon-berkeley-objects.s3.amazonaws.com/images/original/46/46b075fe.jpg
abo-B0735CJJDM	3	https://amazon-berkeley-objects.s3.amazonaws.com/images/original/a4/a47d86d3.jpg
abo-B0735CKD6R	1	https://amazon-berkeley-objects.s3.amazonaws.com/images/original/a5/a508dded.jpg
abo-B0735CKD6R	2	https://amazon-berkeley-objects.s3.amazonaws.com/images/original/f9/f95df722.jpg
abo-B0735CKD6R	3	https://amazon-berkeley-objects.s3.amazonaws.com/images/original/6f/6f7cb168.jpg
abo-B0735CKFJK	1	https://amazon-berkeley-objects.s3.amazonaws.com/images/original/aa/aa202733.jpg
abo-B0735CKFJK	2	https://amazon-berkeley-objects.s3.amazonaws.com/images/original/cf/cf1ac9f2.jpg
abo-B0735CKFJK	3	https://amazon-berkeley-objects.s3.amazonaws.com/images/original/94/943d26da.jpg
abo-B07374C6R9	1	https://amazon-berkeley-objects.s3.amazonaws.com/images/original/06/06adcc7e.jpg
abo-B07374C6R9	2	https://amazon-berkeley-objects.s3.amazonaws.com/images/original/fe/fec3ca01.jpg
abo-B07374C6R9	3	https://amazon-berkeley-objects.s3.amazonaws.com/images/original/ee/ee6a5e45.jpg
abo-B07374C6R9	4	https://amazon-berkeley-objects.s3.amazonaws.com/images/original/2e/2e78c34a.jpg
abo-B07374K538	1	https://amazon-berkeley-objects.s3.amazonaws.com/images/original/28/283d9256.jpg
abo-B07374K538	2	https://amazon-berkeley-objects.s3.amazonaws.com/images/original/f3/f3b35a07.jpg
abo-B07374K538	3	https://amazon-berkeley-objects.s3.amazonaws.com/images/original/ee/eea7aa61.jpg
abo-B07374K538	4	https://amazon-berkeley-objects.s3.amazonaws.com/images/original/16/1666cace.jpg
abo-B07374K53B	1	https://amazon-berkeley-objects.s3.amazonaws.com/images/original/13/13ca9ada.jpg
abo-B07374K53B	2	https://amazon-berkeley-objects.s3.amazonaws.com/images/original/3d/3d51e840.jpg
abo-B07374K53B	3	https://amazon-berkeley-objects.s3.amazonaws.com/images/original/93/93b2b074.jpg
abo-B07374K53B	4	https://amazon-berkeley-objects.s3.amazonaws.com/images/original/3f/3f331197.jpg
abo-B07374K53C	1	https://amazon-berkeley-objects.s3.amazonaws.com/images/original/c3/c354ad6f.jpg
abo-B07374K53C	2	https://amazon-berkeley-objects.s3.amazonaws.com/images/original/48/4897000c.jpg
abo-B07374K53C	3	https://amazon-berkeley-objects.s3.amazonaws.com/images/original/8f/8ff344c9.jpg
abo-B07374K53C	4	https://amazon-berkeley-objects.s3.amazonaws.com/images/original/df/df90bd5c.jpg
abo-B07374M818	1	https://amazon-berkeley-objects.s3.amazonaws.com/images/original/f4/f4abab47.jpg
abo-B07374M818	2	https://amazon-berkeley-objects.s3.amazonaws.com/images/original/a1/a1fff3cc.jpg
abo-B07374M818	3	https://amazon-berkeley-objects.s3.amazonaws.com/images/original/0a/0aaa5306.jpg
abo-B07374M818	4	https://amazon-berkeley-objects.s3.amazonaws.com/images/original/b3/b3187f0b.jpg
abo-B07374M9ZT	1	https://amazon-berkeley-objects.s3.amazonaws.com/images/original/bf/bfa4262e.jpg
abo-B07374M9ZT	2	https://amazon-berkeley-objects.s3.amazonaws.com/images/original/69/69bd57b4.jpg
abo-B07374M9ZT	3	https://amazon-berkeley-objects.s3.amazonaws.com/images/original/19/1974d366.jpg
abo-B07374M9ZT	4	https://amazon-berkeley-objects.s3.amazonaws.com/images/original/1e/1e7e9c5c.jpg
abo-B07374P6MR	1	https://amazon-berkeley-objects.s3.amazonaws.com/images/original/87/8747a2b0.jpg
abo-B07374P6MR	2	https://amazon-berkeley-objects.s3.amazonaws.com/images/original/61/61b5950a.jpg
abo-B07374P6MR	3	https://amazon-berkeley-objects.s3.amazonaws.com/images/original/95/956e1ee2.jpg
abo-B07374P6MR	4	https://amazon-berkeley-objects.s3.amazonaws.com/images/original/80/80272acc.jpg
abo-B07374QFJ3	1	https://amazon-berkeley-objects.s3.amazonaws.com/images/original/2f/2f78a037.jpg
abo-B07374QFJ3	2	https://amazon-berkeley-objects.s3.amazonaws.com/images/original/da/da3a98ba.jpg
abo-B07374QFJ3	3	https://amazon-berkeley-objects.s3.amazonaws.com/images/original/d4/d44fd251.jpg
abo-B07374QFJ3	4	https://amazon-berkeley-objects.s3.amazonaws.com/images/original/70/70fd7314.jpg
abo-B07374QGD7	1	https://amazon-berkeley-objects.s3.amazonaws.com/images/original/7a/7a91396c.jpg
abo-B07374QGD7	2	https://amazon-berkeley-objects.s3.amazonaws.com/images/original/c0/c057c9eb.jpg
abo-B07374QGD7	3	https://amazon-berkeley-objects.s3.amazonaws.com/images/original/92/922a0026.jpg
abo-B07374QGD7	4	https://amazon-berkeley-objects.s3.amazonaws.com/images/original/dc/dccb2815.jpg
abo-B07374SBFM	1	https://amazon-berkeley-objects.s3.amazonaws.com/images/original/44/44bd8d56.jpg
abo-B07374SBFM	2	https://amazon-berkeley-objects.s3.amazonaws.com/images/original/48/480b0b65.jpg
abo-B07374SBFM	3	https://amazon-berkeley-objects.s3.amazonaws.com/images/original/e7/e76fa669.jpg
abo-B07374SBFM	4	https://amazon-berkeley-objects.s3.amazonaws.com/images/original/a0/a0e61049.jpg
abo-B07374VCVN	1	https://amazon-berkeley-objects.s3.amazonaws.com/images/original/6a/6a87a075.jpg
abo-B07374VCVN	2	https://amazon-berkeley-objects.s3.amazonaws.com/images/original/23/2325fba1.jpg
abo-B07374VCVN	3	https://amazon-berkeley-objects.s3.amazonaws.com/images/original/8a/8af6287c.jpg
abo-B07374VCVN	4	https://amazon-berkeley-objects.s3.amazonaws.com/images/original/4d/4d168ac8.jpg
abo-B07374VCVP	1	https://amazon-berkeley-objects.s3.amazonaws.com/images/original/a7/a7040be9.jpg
abo-B07374VCVP	2	https://amazon-berkeley-objects.s3.amazonaws.com/images/original/50/5098c351.jpg
abo-B07374VCVP	3	https://amazon-berkeley-objects.s3.amazonaws.com/images/original/05/05dbe110.jpg
abo-B073751DMJ	1	https://amazon-berkeley-objects.s3.amazonaws.com/images/original/bc/bcd28126.jpg
abo-B073751DMJ	2	https://amazon-berkeley-objects.s3.amazonaws.com/images/original/e1/e1c757e6.jpg
abo-B073751DMJ	3	https://amazon-berkeley-objects.s3.amazonaws.com/images/original/5c/5cf8faf0.jpg
abo-B073751DMJ	4	https://amazon-berkeley-objects.s3.amazonaws.com/images/original/a2/a204abfe.jpg
abo-B073751DMK	1	https://amazon-berkeley-objects.s3.amazonaws.com/images/original/eb/eb38cd91.jpg
abo-B073751DMK	2	https://amazon-berkeley-objects.s3.amazonaws.com/images/original/2a/2a9f7d34.jpg
abo-B073751DMK	3	https://amazon-berkeley-objects.s3.amazonaws.com/images/original/9e/9e266c7c.jpg
abo-B073751DMK	4	https://amazon-berkeley-objects.s3.amazonaws.com/images/original/53/53793df6.jpg
abo-B073751DML	1	https://amazon-berkeley-objects.s3.amazonaws.com/images/original/0c/0ce590f1.jpg
abo-B073751DML	2	https://amazon-berkeley-objects.s3.amazonaws.com/images/original/9b/9bc1dfb5.jpg
abo-B073751DML	3	https://amazon-berkeley-objects.s3.amazonaws.com/images/original/1a/1a8a540a.jpg
abo-B073751DML	4	https://amazon-berkeley-objects.s3.amazonaws.com/images/original/a8/a85994bd.jpg
abo-B073751DMM	1	https://amazon-berkeley-objects.s3.amazonaws.com/images/original/71/7199b7d2.jpg
abo-B073751DMM	2	https://amazon-berkeley-objects.s3.amazonaws.com/images/original/16/167b5f8b.jpg
abo-B073751DMM	3	https://amazon-berkeley-objects.s3.amazonaws.com/images/original/b8/b87adb9c.jpg
abo-B073751DMM	4	https://amazon-berkeley-objects.s3.amazonaws.com/images/original/39/39fb147f.jpg
abo-B073755HVS	1	https://amazon-berkeley-objects.s3.amazonaws.com/images/original/2e/2ef6ada1.jpg
abo-B073755HVS	2	https://amazon-berkeley-objects.s3.amazonaws.com/images/original/2a/2a2b490d.jpg
abo-B073755HVS	3	https://amazon-berkeley-objects.s3.amazonaws.com/images/original/fb/fb4a12b1.jpg
abo-B073755HVS	4	https://amazon-berkeley-objects.s3.amazonaws.com/images/original/68/689b02d2.jpg
abo-B073755HVV	1	https://amazon-berkeley-objects.s3.amazonaws.com/images/original/d7/d78f2aca.jpg
abo-B073755HVV	2	https://amazon-berkeley-objects.s3.amazonaws.com/images/original/d2/d2dea1a7.jpg
abo-B073755HVV	3	https://amazon-berkeley-objects.s3.amazonaws.com/images/original/2e/2e773144.jpg
abo-B073755HVV	4	https://amazon-berkeley-objects.s3.amazonaws.com/images/original/88/88d5111f.jpg
abo-B073755HVV	5	https://amazon-berkeley-objects.s3.amazonaws.com/images/original/ec/ecb92b6b.jpg
abo-B073755HVV	6	https://amazon-berkeley-objects.s3.amazonaws.com/images/original/9e/9e13a437.jpg
abo-B073755HVV	7	https://amazon-berkeley-objects.s3.amazonaws.com/images/original/58/580fdd03.jpg
abo-B073755HVV	8	https://amazon-berkeley-objects.s3.amazonaws.com/images/original/bf/bfeec0be.jpg
abo-B073763W7G	1	https://amazon-berkeley-objects.s3.amazonaws.com/images/original/42/42c085fd.jpg
abo-B073763W7G	2	https://amazon-berkeley-objects.s3.amazonaws.com/images/original/c8/c8e3c1f9.jpg
abo-B073763W7G	3	https://amazon-berkeley-objects.s3.amazonaws.com/images/original/47/47410fdc.jpg
abo-B073763W7G	4	https://amazon-berkeley-objects.s3.amazonaws.com/images/original/ed/ed070e63.jpg
abo-B073763W7G	5	https://amazon-berkeley-objects.s3.amazonaws.com/images/original/87/874feb46.jpg
abo-B073763W7G	6	https://amazon-berkeley-objects.s3.amazonaws.com/images/original/96/96496d54.jpg
abo-B073763W7G	7	https://amazon-berkeley-objects.s3.amazonaws.com/images/original/82/82149489.jpg
abo-B073763W7G	8	https://amazon-berkeley-objects.s3.amazonaws.com/images/original/a6/a68cc6fa.jpg
abo-B07376VCCW	1	https://amazon-berkeley-objects.s3.amazonaws.com/images/original/e0/e0520490.jpg
abo-B07376VCCW	2	https://amazon-berkeley-objects.s3.amazonaws.com/images/original/52/52a2b99a.jpg
abo-B07376VCCW	3	https://amazon-berkeley-objects.s3.amazonaws.com/images/original/86/862af772.jpg
abo-B07376VCCW	4	https://amazon-berkeley-objects.s3.amazonaws.com/images/original/e4/e44272e6.jpg
abo-B07376VCCW	5	https://amazon-berkeley-objects.s3.amazonaws.com/images/original/50/500c1638.jpg
abo-B07376VCCW	6	https://amazon-berkeley-objects.s3.amazonaws.com/images/original/0f/0f6b192b.jpg
abo-B07376VCCW	7	https://amazon-berkeley-objects.s3.amazonaws.com/images/original/0d/0df9285c.jpg
abo-B07376VCCW	8	https://amazon-berkeley-objects.s3.amazonaws.com/images/original/fc/fcc29d73.jpg
abo-B073771JBV	1	https://amazon-berkeley-objects.s3.amazonaws.com/images/original/44/44833ead.jpg
abo-B073771JBV	2	https://amazon-berkeley-objects.s3.amazonaws.com/images/original/0f/0f36699c.jpg
abo-B073771JBV	3	https://amazon-berkeley-objects.s3.amazonaws.com/images/original/cd/cddc4d83.jpg
abo-B073771JBV	4	https://amazon-berkeley-objects.s3.amazonaws.com/images/original/1c/1c74fbf3.jpg
abo-B073772TP9	1	https://amazon-berkeley-objects.s3.amazonaws.com/images/original/0e/0eaef55c.jpg
abo-B073772TP9	2	https://amazon-berkeley-objects.s3.amazonaws.com/images/original/67/67b42ed5.jpg
abo-B073772TP9	3	https://amazon-berkeley-objects.s3.amazonaws.com/images/original/bc/bc0fd4d4.jpg
abo-B073772TP9	4	https://amazon-berkeley-objects.s3.amazonaws.com/images/original/ae/aed5c3bb.jpg
abo-B0737756WD	1	https://amazon-berkeley-objects.s3.amazonaws.com/images/original/09/09db43a9.jpg
abo-B0737756WD	2	https://amazon-berkeley-objects.s3.amazonaws.com/images/original/b5/b580b055.jpg
abo-B0737756WD	3	https://amazon-berkeley-objects.s3.amazonaws.com/images/original/8d/8db136de.jpg
abo-B0737756WD	4	https://amazon-berkeley-objects.s3.amazonaws.com/images/original/d7/d716fee3.jpg
abo-B073776MS9	1	https://amazon-berkeley-objects.s3.amazonaws.com/images/original/2a/2ad24acf.jpg
abo-B073776MS9	2	https://amazon-berkeley-objects.s3.amazonaws.com/images/original/b0/b04af21c.jpg
abo-B073776MS9	3	https://amazon-berkeley-objects.s3.amazonaws.com/images/original/84/845b9532.jpg
abo-B073776MS9	4	https://amazon-berkeley-objects.s3.amazonaws.com/images/original/a7/a742ea1c.jpg
abo-B073776MSB	1	https://amazon-berkeley-objects.s3.amazonaws.com/images/original/bc/bc79aa12.jpg
abo-B073776MSB	2	https://amazon-berkeley-objects.s3.amazonaws.com/images/original/cc/cc05d219.jpg
abo-B073776MSB	3	https://amazon-berkeley-objects.s3.amazonaws.com/images/original/1d/1dbcfc05.jpg
abo-B073776MSB	4	https://amazon-berkeley-objects.s3.amazonaws.com/images/original/37/37de277a.jpg
abo-B073H74Y43	1	https://amazon-berkeley-objects.s3.amazonaws.com/images/original/fa/fa5ce62d.jpg
abo-B073H74Y43	2	https://amazon-berkeley-objects.s3.amazonaws.com/images/original/46/46b075fe.jpg
abo-B073H74Y43	3	https://amazon-berkeley-objects.s3.amazonaws.com/images/original/6f/6f7cb168.jpg
abo-B073P25SXR	1	https://amazon-berkeley-objects.s3.amazonaws.com/images/original/ae/ae489ca0.jpg
abo-B073P25SXR	2	https://amazon-berkeley-objects.s3.amazonaws.com/images/original/4f/4f44bd7b.jpg
abo-B073P25SXR	3	https://amazon-berkeley-objects.s3.amazonaws.com/images/original/4b/4b9173a4.jpg
abo-B073P25SXR	4	https://amazon-berkeley-objects.s3.amazonaws.com/images/original/a4/a42c0aaa.jpg
abo-B073P2CP5G	1	https://amazon-berkeley-objects.s3.amazonaws.com/images/original/71/713b0726.jpg
abo-B073P2CP5G	2	https://amazon-berkeley-objects.s3.amazonaws.com/images/original/32/32464014.jpg
abo-B073P2CP5G	3	https://amazon-berkeley-objects.s3.amazonaws.com/images/original/00/00eef0a0.jpg
abo-B073P2CP5G	4	https://amazon-berkeley-objects.s3.amazonaws.com/images/original/c3/c3774381.jpg
abo-B073P2DNTD	1	https://amazon-berkeley-objects.s3.amazonaws.com/images/original/7f/7f7bf45b.jpg
abo-B073P2DNTD	2	https://amazon-berkeley-objects.s3.amazonaws.com/images/original/c9/c93563c7.jpg
abo-B073P2DNTD	3	https://amazon-berkeley-objects.s3.amazonaws.com/images/original/ba/baaa807c.jpg
abo-B073P2DNTD	4	https://amazon-berkeley-objects.s3.amazonaws.com/images/original/c0/c0e36f9a.jpg
abo-B073P2N985	1	https://amazon-berkeley-objects.s3.amazonaws.com/images/original/33/3345953c.jpg
abo-B073P2N985	2	https://amazon-berkeley-objects.s3.amazonaws.com/images/original/fd/fd0a6aa4.jpg
abo-B073P2N985	3	https://amazon-berkeley-objects.s3.amazonaws.com/images/original/3b/3ba41c5e.jpg
abo-B073P2N985	4	https://amazon-berkeley-objects.s3.amazonaws.com/images/original/9a/9a279de1.jpg
abo-B073P2WNLJ	1	https://amazon-berkeley-objects.s3.amazonaws.com/images/original/ae/ae5244ce.jpg
abo-B073P2WNLJ	2	https://amazon-berkeley-objects.s3.amazonaws.com/images/original/e0/e06d2c07.jpg
abo-B073P2WNLJ	3	https://amazon-berkeley-objects.s3.amazonaws.com/images/original/32/32e19b55.jpg
abo-B073P2WNLJ	4	https://amazon-berkeley-objects.s3.amazonaws.com/images/original/26/268766f2.jpg
abo-B073P3562J	1	https://amazon-berkeley-objects.s3.amazonaws.com/images/original/d1/d1ec9d8d.jpg
abo-B073P3562J	2	https://amazon-berkeley-objects.s3.amazonaws.com/images/original/79/799e0233.jpg
abo-B073P3562J	3	https://amazon-berkeley-objects.s3.amazonaws.com/images/original/ce/cedbb57b.jpg
abo-B073P3562J	4	https://amazon-berkeley-objects.s3.amazonaws.com/images/original/3c/3cfcb337.jpg
abo-B073P3HHFS	1	https://amazon-berkeley-objects.s3.amazonaws.com/images/original/9f/9f032f6f.jpg
abo-B073P3HHFS	2	https://amazon-berkeley-objects.s3.amazonaws.com/images/original/7f/7f464687.jpg
abo-B073P3HHFS	3	https://amazon-berkeley-objects.s3.amazonaws.com/images/original/d0/d0480b66.jpg
abo-B073P3HHFS	4	https://amazon-berkeley-objects.s3.amazonaws.com/images/original/3a/3a4a7181.jpg
abo-B073P3S1NX	1	https://amazon-berkeley-objects.s3.amazonaws.com/images/original/7f/7fcd08f3.jpg
abo-B073P3S1NX	2	https://amazon-berkeley-objects.s3.amazonaws.com/images/original/bd/bd5f9411.jpg
abo-B073P3S1NX	3	https://amazon-berkeley-objects.s3.amazonaws.com/images/original/47/47ed5bb0.jpg
abo-B073P3S1NX	4	https://amazon-berkeley-objects.s3.amazonaws.com/images/original/c7/c71e0aac.jpg
abo-B073P3S1NZ	1	https://amazon-berkeley-objects.s3.amazonaws.com/images/original/be/be7a69e4.jpg
abo-B073P3S1NZ	2	https://amazon-berkeley-objects.s3.amazonaws.com/images/original/d8/d8ce76b1.jpg
abo-B073P3S1NZ	3	https://amazon-berkeley-objects.s3.amazonaws.com/images/original/35/35165f4a.jpg
abo-B073P3S1NZ	4	https://amazon-berkeley-objects.s3.amazonaws.com/images/original/c1/c14294a0.jpg
abo-B073P484RQ	1	https://amazon-berkeley-objects.s3.amazonaws.com/images/original/9b/9baa2bdf.jpg
abo-B073P484RQ	2	https://amazon-berkeley-objects.s3.amazonaws.com/images/original/ae/aeb64de2.jpg
abo-B073P484RQ	3	https://amazon-berkeley-objects.s3.amazonaws.com/images/original/01/013a3808.jpg
abo-B073P484RQ	4	https://amazon-berkeley-objects.s3.amazonaws.com/images/original/9a/9abde398.jpg
abo-B073P484RR	1	https://amazon-berkeley-objects.s3.amazonaws.com/images/original/e0/e0b70092.jpg
abo-B073P484RR	2	https://amazon-berkeley-objects.s3.amazonaws.com/images/original/d5/d54ee7f3.jpg
abo-B073P484RR	3	https://amazon-berkeley-objects.s3.amazonaws.com/images/original/74/74898575.jpg
abo-B073P484RR	4	https://amazon-berkeley-objects.s3.amazonaws.com/images/original/7c/7c070aae.jpg
abo-B073Q149K5	1	https://amazon-berkeley-objects.s3.amazonaws.com/images/original/95/95e98bdd.jpg
abo-B073Q149K5	2	https://amazon-berkeley-objects.s3.amazonaws.com/images/original/5f/5fa93e6f.jpg
abo-B073Q149K5	3	https://amazon-berkeley-objects.s3.amazonaws.com/images/original/a1/a1b3c312.jpg
abo-B073Q149K5	4	https://amazon-berkeley-objects.s3.amazonaws.com/images/original/22/22dc9dbf.jpg
abo-B073Q176VW	1	https://amazon-berkeley-objects.s3.amazonaws.com/images/original/27/2705cc9a.jpg
abo-B073Q176VW	2	https://amazon-berkeley-objects.s3.amazonaws.com/images/original/8b/8b9e65b7.jpg
abo-B073Q176VW	3	https://amazon-berkeley-objects.s3.amazonaws.com/images/original/8e/8efa3449.jpg
abo-B073Q176VW	4	https://amazon-berkeley-objects.s3.amazonaws.com/images/original/fd/fdafbf92.jpg
abo-B073Q1JXM6	1	https://amazon-berkeley-objects.s3.amazonaws.com/images/original/7e/7e6e0753.jpg
abo-B073Q1JXM6	2	https://amazon-berkeley-objects.s3.amazonaws.com/images/original/1c/1c577a9f.jpg
abo-B073Q1JXM6	3	https://amazon-berkeley-objects.s3.amazonaws.com/images/original/f3/f3383a81.jpg
abo-B073Q1JXM6	4	https://amazon-berkeley-objects.s3.amazonaws.com/images/original/b7/b7cc585b.jpg
abo-B073Q3BSPG	1	https://amazon-berkeley-objects.s3.amazonaws.com/images/original/60/604c9c5b.jpg
abo-B073Q3BSPG	2	https://amazon-berkeley-objects.s3.amazonaws.com/images/original/bd/bd4ea498.jpg
abo-B073Q3BSPG	3	https://amazon-berkeley-objects.s3.amazonaws.com/images/original/97/9752cfc1.jpg
abo-B073WDZ9MD	1	https://amazon-berkeley-objects.s3.amazonaws.com/images/original/67/675c5af5.jpg
abo-B073WDZ9MD	2	https://amazon-berkeley-objects.s3.amazonaws.com/images/original/5e/5eac06da.jpg
abo-B073WDZ9MD	3	https://amazon-berkeley-objects.s3.amazonaws.com/images/original/d7/d723ce21.jpg
abo-B073WDZ9MD	4	https://amazon-berkeley-objects.s3.amazonaws.com/images/original/a9/a97eff54.jpg
abo-B0742D9X4G	1	https://amazon-berkeley-objects.s3.amazonaws.com/images/original/8d/8d111a7c.jpg
abo-B0742D9X4G	2	https://amazon-berkeley-objects.s3.amazonaws.com/images/original/8e/8e405383.jpg
abo-B0742D9X4G	3	https://amazon-berkeley-objects.s3.amazonaws.com/images/original/cb/cb7f3395.jpg
abo-B0742D9X4G	4	https://amazon-berkeley-objects.s3.amazonaws.com/images/original/74/74886f5a.jpg
abo-B0742D9X4R	1	https://amazon-berkeley-objects.s3.amazonaws.com/images/original/7c/7cd9082c.jpg
abo-B0742D9X4R	2	https://amazon-berkeley-objects.s3.amazonaws.com/images/original/a9/a9d02ed3.jpg
abo-B0742D9X4R	3	https://amazon-berkeley-objects.s3.amazonaws.com/images/original/d0/d0424710.jpg
abo-B0742D9X4R	4	https://amazon-berkeley-objects.s3.amazonaws.com/images/original/72/721b489d.jpg
abo-B0742FHDJF	1	https://amazon-berkeley-objects.s3.amazonaws.com/images/original/4e/4e34d247.jpg
abo-B0742FHDJF	2	https://amazon-berkeley-objects.s3.amazonaws.com/images/original/9a/9ac2685e.jpg
abo-B0742FHDJF	3	https://amazon-berkeley-objects.s3.amazonaws.com/images/original/01/0101c672.jpg
abo-B0742FHDJF	4	https://amazon-berkeley-objects.s3.amazonaws.com/images/original/ea/ead4405c.jpg
abo-B0742FPL25	1	https://amazon-berkeley-objects.s3.amazonaws.com/images/original/d7/d79fc44b.jpg
abo-B0742FPL25	2	https://amazon-berkeley-objects.s3.amazonaws.com/images/original/3e/3e9b35ee.jpg
abo-B0742FPL25	3	https://amazon-berkeley-objects.s3.amazonaws.com/images/original/4e/4e734067.jpg
abo-B0742FPL25	4	https://amazon-berkeley-objects.s3.amazonaws.com/images/original/ae/ae67fd08.jpg
abo-B074DD8NVY	1	https://amazon-berkeley-objects.s3.amazonaws.com/images/original/32/325d7d82.jpg
abo-B074DD8NVY	2	https://amazon-berkeley-objects.s3.amazonaws.com/images/original/23/23d2e40c.jpg
abo-B074DD8NVY	3	https://amazon-berkeley-objects.s3.amazonaws.com/images/original/ea/ea8f89b0.jpg
abo-B074DD8NVY	4	https://amazon-berkeley-objects.s3.amazonaws.com/images/original/d8/d8f84cd4.jpg
abo-B074KGVBC7	1	https://amazon-berkeley-objects.s3.amazonaws.com/images/original/fb/fb17f114.jpg
abo-B074KGVBC7	2	https://amazon-berkeley-objects.s3.amazonaws.com/images/original/82/828a927e.jpg
abo-B074KGVBC7	3	https://amazon-berkeley-objects.s3.amazonaws.com/images/original/08/08636b80.jpg
abo-B074KGVBC7	4	https://amazon-berkeley-objects.s3.amazonaws.com/images/original/06/06fb96aa.jpg
abo-B074M5HPB2	1	https://amazon-berkeley-objects.s3.amazonaws.com/images/original/24/24a5ef4e.jpg
abo-B074M5HPB2	2	https://amazon-berkeley-objects.s3.amazonaws.com/images/original/f5/f5047137.jpg
abo-B074M5HPB2	3	https://amazon-berkeley-objects.s3.amazonaws.com/images/original/36/36d71144.jpg
abo-B074M5HPB7	1	https://amazon-berkeley-objects.s3.amazonaws.com/images/original/9e/9ea6992d.jpg
abo-B074M5HPB7	2	https://amazon-berkeley-objects.s3.amazonaws.com/images/original/dc/dcace9b5.jpg
abo-B074M5HPB7	3	https://amazon-berkeley-objects.s3.amazonaws.com/images/original/f5/f5047137.jpg
abo-B074M5HPBD	1	https://amazon-berkeley-objects.s3.amazonaws.com/images/original/9e/9ea6992d.jpg
abo-B074M5HPBD	2	https://amazon-berkeley-objects.s3.amazonaws.com/images/original/dc/dcace9b5.jpg
abo-B074M5HPBD	3	https://amazon-berkeley-objects.s3.amazonaws.com/images/original/f5/f5047137.jpg
abo-B074M5HQ6N	1	https://amazon-berkeley-objects.s3.amazonaws.com/images/original/24/24a5ef4e.jpg
abo-B074M5HQ6N	2	https://amazon-berkeley-objects.s3.amazonaws.com/images/original/f5/f5047137.jpg
abo-B074M5HQ6N	3	https://amazon-berkeley-objects.s3.amazonaws.com/images/original/36/36d71144.jpg
abo-B074M5LM7Y	1	https://amazon-berkeley-objects.s3.amazonaws.com/images/original/c0/c0d31ba1.jpg
abo-B074M5LM7Y	2	https://amazon-berkeley-objects.s3.amazonaws.com/images/original/f5/f5047137.jpg
abo-B074M5LM7Y	3	https://amazon-berkeley-objects.s3.amazonaws.com/images/original/29/2960f5db.jpg
abo-B074M5LM8G	1	https://amazon-berkeley-objects.s3.amazonaws.com/images/original/24/24a5ef4e.jpg
abo-B074M5LM8G	2	https://amazon-berkeley-objects.s3.amazonaws.com/images/original/f5/f5047137.jpg
abo-B074M5LM8G	3	https://amazon-berkeley-objects.s3.amazonaws.com/images/original/36/36d71144.jpg
abo-B074M8ZBJF	1	https://amazon-berkeley-objects.s3.amazonaws.com/images/original/2a/2a7214d0.jpg
abo-B074M8ZBJF	2	https://amazon-berkeley-objects.s3.amazonaws.com/images/original/f5/f5047137.jpg
abo-B074M8ZBJF	3	https://amazon-berkeley-objects.s3.amazonaws.com/images/original/29/2960f5db.jpg
abo-B074M93NZG	1	https://amazon-berkeley-objects.s3.amazonaws.com/images/original/24/24a5ef4e.jpg
abo-B074M93NZG	2	https://amazon-berkeley-objects.s3.amazonaws.com/images/original/f5/f5047137.jpg
abo-B074M93NZG	3	https://amazon-berkeley-objects.s3.amazonaws.com/images/original/36/36d71144.jpg
abo-B074M9CC6P	1	https://amazon-berkeley-objects.s3.amazonaws.com/images/original/24/24a5ef4e.jpg
abo-B074M9CC6P	2	https://amazon-berkeley-objects.s3.amazonaws.com/images/original/f5/f5047137.jpg
abo-B074M9CC6P	3	https://amazon-berkeley-objects.s3.amazonaws.com/images/original/36/36d71144.jpg
abo-B074M9MCQK	1	https://amazon-berkeley-objects.s3.amazonaws.com/images/original/13/13161fa6.jpg
abo-B074M9MCQK	2	https://amazon-berkeley-objects.s3.amazonaws.com/images/original/f5/f5047137.jpg
abo-B074M9MCQK	3	https://amazon-berkeley-objects.s3.amazonaws.com/images/original/29/2960f5db.jpg
abo-B074M9QT31	1	https://amazon-berkeley-objects.s3.amazonaws.com/images/original/94/940d55fb.jpg
abo-B074M9QT31	2	https://amazon-berkeley-objects.s3.amazonaws.com/images/original/f5/f5047137.jpg
abo-B074M9QT31	3	https://amazon-berkeley-objects.s3.amazonaws.com/images/original/29/2960f5db.jpg
abo-B074M9RSZ9	1	https://amazon-berkeley-objects.s3.amazonaws.com/images/original/24/24a5ef4e.jpg
abo-B074M9RSZ9	2	https://amazon-berkeley-objects.s3.amazonaws.com/images/original/f5/f5047137.jpg
abo-B074M9RSZ9	3	https://amazon-berkeley-objects.s3.amazonaws.com/images/original/36/36d71144.jpg
abo-B074MGD4S8	1	https://amazon-berkeley-objects.s3.amazonaws.com/images/original/70/70351a6b.jpg
abo-B074MGD4S8	2	https://amazon-berkeley-objects.s3.amazonaws.com/images/original/98/98a05872.jpg
abo-B074MGD4S8	3	https://amazon-berkeley-objects.s3.amazonaws.com/images/original/63/63e2e551.jpg
abo-B074MGD4S8	4	https://amazon-berkeley-objects.s3.amazonaws.com/images/original/3f/3f622170.jpg
abo-B074MGT7G6	1	https://amazon-berkeley-objects.s3.amazonaws.com/images/original/35/35fdfe3b.jpg
abo-B074MGT7G6	2	https://amazon-berkeley-objects.s3.amazonaws.com/images/original/e8/e8a72913.jpg
abo-B074MGT7G6	3	https://amazon-berkeley-objects.s3.amazonaws.com/images/original/51/51921c8f.jpg
abo-B074MGT7G6	4	https://amazon-berkeley-objects.s3.amazonaws.com/images/original/28/28fdb65f.jpg
abo-B074MWRLZM	1	https://amazon-berkeley-objects.s3.amazonaws.com/images/original/d3/d34d99cd.jpg
abo-B074MWRLZM	2	https://amazon-berkeley-objects.s3.amazonaws.com/images/original/c2/c216456e.jpg
abo-B074MWRLZM	3	https://amazon-berkeley-objects.s3.amazonaws.com/images/original/bf/bf08224c.jpg
abo-B074MWRLZM	4	https://amazon-berkeley-objects.s3.amazonaws.com/images/original/fb/fb5cb443.jpg
abo-B0753MMRN7	1	https://amazon-berkeley-objects.s3.amazonaws.com/images/original/b1/b1e4ed55.jpg
abo-B0753MMRN7	2	https://amazon-berkeley-objects.s3.amazonaws.com/images/original/4f/4ff7282a.jpg
abo-B0753MMRN7	3	https://amazon-berkeley-objects.s3.amazonaws.com/images/original/89/891936b4.jpg
abo-B0753MMRN7	4	https://amazon-berkeley-objects.s3.amazonaws.com/images/original/01/01d5110f.jpg
abo-B0754K96NJ	1	https://amazon-berkeley-objects.s3.amazonaws.com/images/original/c0/c07596d2.jpg
abo-B0754K96NJ	2	https://amazon-berkeley-objects.s3.amazonaws.com/images/original/2f/2f7b76ee.jpg
abo-B0754K96NJ	3	https://amazon-berkeley-objects.s3.amazonaws.com/images/original/8f/8f0cd81e.jpg
abo-B0754K96NJ	4	https://amazon-berkeley-objects.s3.amazonaws.com/images/original/b4/b46ee379.jpg
abo-B0754K96NT	1	https://amazon-berkeley-objects.s3.amazonaws.com/images/original/36/36b804d7.jpg
abo-B0754K96NT	2	https://amazon-berkeley-objects.s3.amazonaws.com/images/original/56/56f8937f.jpg
abo-B0754K96NT	3	https://amazon-berkeley-objects.s3.amazonaws.com/images/original/3c/3c9c7fa9.jpg
abo-B0754K96NT	4	https://amazon-berkeley-objects.s3.amazonaws.com/images/original/2e/2ea66557.jpg
abo-B0754KHKCX	1	https://amazon-berkeley-objects.s3.amazonaws.com/images/original/21/219391d6.jpg
abo-B0754KHKCX	2	https://amazon-berkeley-objects.s3.amazonaws.com/images/original/68/688b3e37.jpg
abo-B0754KHKCX	3	https://amazon-berkeley-objects.s3.amazonaws.com/images/original/6d/6d0b6e34.jpg
abo-B0754KHKCX	4	https://amazon-berkeley-objects.s3.amazonaws.com/images/original/a2/a2fbffc7.jpg
abo-B075LFL83D	1	https://amazon-berkeley-objects.s3.amazonaws.com/images/original/cf/cfd9225c.jpg
abo-B075LFL83D	2	https://amazon-berkeley-objects.s3.amazonaws.com/images/original/63/6313acf6.jpg
abo-B075LFL83D	3	https://amazon-berkeley-objects.s3.amazonaws.com/images/original/4f/4f3790dd.jpg
abo-B075LFL83D	4	https://amazon-berkeley-objects.s3.amazonaws.com/images/original/73/73101574.jpg
abo-B075X12QV5	1	https://amazon-berkeley-objects.s3.amazonaws.com/images/original/15/15143ade.jpg
abo-B075X12QV5	2	https://amazon-berkeley-objects.s3.amazonaws.com/images/original/18/1875c90d.jpg
abo-B075X12QV5	3	https://amazon-berkeley-objects.s3.amazonaws.com/images/original/3a/3a416555.jpg
abo-B075X12QV5	4	https://amazon-berkeley-objects.s3.amazonaws.com/images/original/2f/2f8c07b0.jpg
abo-B075X2FW7C	1	https://amazon-berkeley-objects.s3.amazonaws.com/images/original/15/15bf1a49.jpg
abo-B075X2FW7C	2	https://amazon-berkeley-objects.s3.amazonaws.com/images/original/c2/c2d63011.jpg
abo-B075X2FW7C	3	https://amazon-berkeley-objects.s3.amazonaws.com/images/original/38/38961ac1.jpg
abo-B075X2FW7C	4	https://amazon-berkeley-objects.s3.amazonaws.com/images/original/5a/5a3f6a81.jpg
abo-B075X2FZSM	1	https://amazon-berkeley-objects.s3.amazonaws.com/images/original/a7/a7b2b570.jpg
abo-B075X2FZSM	2	https://amazon-berkeley-objects.s3.amazonaws.com/images/original/42/42270716.jpg
abo-B075X2FZSM	3	https://amazon-berkeley-objects.s3.amazonaws.com/images/original/48/48e51de1.jpg
abo-B075X2FZSM	4	https://amazon-berkeley-objects.s3.amazonaws.com/images/original/c3/c3229ea4.jpg
abo-B075X2G512	1	https://amazon-berkeley-objects.s3.amazonaws.com/images/original/6b/6bc60974.jpg
abo-B075X2G512	2	https://amazon-berkeley-objects.s3.amazonaws.com/images/original/af/afc304f3.jpg
abo-B075X2G512	3	https://amazon-berkeley-objects.s3.amazonaws.com/images/original/9e/9e5fe8b7.jpg
abo-B075X2G512	4	https://amazon-berkeley-objects.s3.amazonaws.com/images/original/19/19fe1f26.jpg
abo-B075X2LKMN	1	https://amazon-berkeley-objects.s3.amazonaws.com/images/original/4f/4f79bd0a.jpg
abo-B075X2LKMN	2	https://amazon-berkeley-objects.s3.amazonaws.com/images/original/ee/eeaf4805.jpg
abo-B075X2LKMN	3	https://amazon-berkeley-objects.s3.amazonaws.com/images/original/91/91b977df.jpg
abo-B075X2LKMN	4	https://amazon-berkeley-objects.s3.amazonaws.com/images/original/aa/aa80088f.jpg
abo-B075X2LKPV	1	https://amazon-berkeley-objects.s3.amazonaws.com/images/original/93/93f50f0d.jpg
abo-B075X2LKPV	2	https://amazon-berkeley-objects.s3.amazonaws.com/images/original/f0/f000d555.jpg
abo-B075X2LKPV	3	https://amazon-berkeley-objects.s3.amazonaws.com/images/original/fb/fb790fcc.jpg
abo-B075X2LKPV	4	https://amazon-berkeley-objects.s3.amazonaws.com/images/original/fc/fc0e43d5.jpg
abo-B075X2LLTM	1	https://amazon-berkeley-objects.s3.amazonaws.com/images/original/df/dfdcb0b6.jpg
abo-B075X2LLTM	2	https://amazon-berkeley-objects.s3.amazonaws.com/images/original/77/77c50ed8.jpg
abo-B075X2LLTM	3	https://amazon-berkeley-objects.s3.amazonaws.com/images/original/05/053c5d73.jpg
abo-B075X2LLTM	4	https://amazon-berkeley-objects.s3.amazonaws.com/images/original/8d/8d0d997a.jpg
abo-B075X2LLWF	1	https://amazon-berkeley-objects.s3.amazonaws.com/images/original/ca/ca8d91a2.jpg
abo-B075X2LLWF	2	https://amazon-berkeley-objects.s3.amazonaws.com/images/original/41/419510be.jpg
abo-B075X2LLWF	3	https://amazon-berkeley-objects.s3.amazonaws.com/images/original/64/64bc17aa.jpg
abo-B075X2LLWF	4	https://amazon-berkeley-objects.s3.amazonaws.com/images/original/65/653d105b.jpg
abo-B075X2NLKP	1	https://amazon-berkeley-objects.s3.amazonaws.com/images/original/02/023df2da.jpg
abo-B075X2NLKP	2	https://amazon-berkeley-objects.s3.amazonaws.com/images/original/ee/ee2401d0.jpg
abo-B075X2NLKP	3	https://amazon-berkeley-objects.s3.amazonaws.com/images/original/e8/e8f8fa33.jpg
abo-B075X2NLKP	4	https://amazon-berkeley-objects.s3.amazonaws.com/images/original/77/779e99e4.jpg
abo-B075X2R3BX	1	https://amazon-berkeley-objects.s3.amazonaws.com/images/original/88/886fbc9d.jpg
abo-B075X2R3BX	2	https://amazon-berkeley-objects.s3.amazonaws.com/images/original/f6/f6e69b99.jpg
abo-B075X2R3BX	3	https://amazon-berkeley-objects.s3.amazonaws.com/images/original/2f/2f5c6a9d.jpg
abo-B075X2R3BX	4	https://amazon-berkeley-objects.s3.amazonaws.com/images/original/61/6157e18f.jpg
abo-B075X2XZDY	1	https://amazon-berkeley-objects.s3.amazonaws.com/images/original/25/25fc07ae.jpg
abo-B075X2XZDY	2	https://amazon-berkeley-objects.s3.amazonaws.com/images/original/19/196d5372.jpg
abo-B075X2XZDY	3	https://amazon-berkeley-objects.s3.amazonaws.com/images/original/71/714bafd9.jpg
abo-B075X2XZDY	4	https://amazon-berkeley-objects.s3.amazonaws.com/images/original/ef/ef5e3672.jpg
abo-B075X2XZF4	1	https://amazon-berkeley-objects.s3.amazonaws.com/images/original/54/5479a2ca.jpg
abo-B075X2XZF4	2	https://amazon-berkeley-objects.s3.amazonaws.com/images/original/a6/a6742f94.jpg
abo-B075X2XZF4	3	https://amazon-berkeley-objects.s3.amazonaws.com/images/original/37/3726b3a4.jpg
abo-B075X2XZF4	4	https://amazon-berkeley-objects.s3.amazonaws.com/images/original/e6/e6b81ab3.jpg
abo-B075X2Y4HQ	1	https://amazon-berkeley-objects.s3.amazonaws.com/images/original/f8/f8c7074e.jpg
abo-B075X2Y4HQ	2	https://amazon-berkeley-objects.s3.amazonaws.com/images/original/84/8451820a.jpg
abo-B075X2Y4HQ	3	https://amazon-berkeley-objects.s3.amazonaws.com/images/original/e2/e214d830.jpg
abo-B075X2Y4HQ	4	https://amazon-berkeley-objects.s3.amazonaws.com/images/original/d7/d7310c89.jpg
abo-B075X2YJGK	1	https://amazon-berkeley-objects.s3.amazonaws.com/images/original/ef/efda2f8f.jpg
abo-B075X2YJGK	2	https://amazon-berkeley-objects.s3.amazonaws.com/images/original/ac/aca09d88.jpg
abo-B075X2YJGK	3	https://amazon-berkeley-objects.s3.amazonaws.com/images/original/0c/0cc3aac8.jpg
abo-B075X2YJGK	4	https://amazon-berkeley-objects.s3.amazonaws.com/images/original/90/90cae768.jpg
abo-B075X2YJHZ	1	https://amazon-berkeley-objects.s3.amazonaws.com/images/original/6b/6bcc53d0.jpg
abo-B075X2YJHZ	2	https://amazon-berkeley-objects.s3.amazonaws.com/images/original/ec/ec657ed1.jpg
abo-B075X2YJHZ	3	https://amazon-berkeley-objects.s3.amazonaws.com/images/original/03/03006af1.jpg
abo-B075X2YJHZ	4	https://amazon-berkeley-objects.s3.amazonaws.com/images/original/fc/fc9824dd.jpg
abo-B075X3S2X5	1	https://amazon-berkeley-objects.s3.amazonaws.com/images/original/2d/2d5c0b86.jpg
abo-B075X3S2X5	2	https://amazon-berkeley-objects.s3.amazonaws.com/images/original/b1/b16fbe74.jpg
abo-B075X3S2X5	3	https://amazon-berkeley-objects.s3.amazonaws.com/images/original/f0/f0478f7a.jpg
abo-B075X3S2X5	4	https://amazon-berkeley-objects.s3.amazonaws.com/images/original/a9/a954992f.jpg
abo-B075X3S2X5	5	https://amazon-berkeley-objects.s3.amazonaws.com/images/original/13/1339140c.jpg
abo-B075X3S2X5	6	https://amazon-berkeley-objects.s3.amazonaws.com/images/original/e1/e1c189e8.jpg
abo-B075X3S2X5	7	https://amazon-berkeley-objects.s3.amazonaws.com/images/original/71/7196f657.jpg
abo-B075X3S2X5	8	https://amazon-berkeley-objects.s3.amazonaws.com/images/original/c0/c028312f.jpg
abo-B07674HN3M	1	https://amazon-berkeley-objects.s3.amazonaws.com/images/original/69/6994c292.jpg
abo-B07674HN3M	2	https://amazon-berkeley-objects.s3.amazonaws.com/images/original/ee/ee29d39f.jpg
abo-B07674HN3M	3	https://amazon-berkeley-objects.s3.amazonaws.com/images/original/25/25d6404a.jpg
abo-B07674HN3M	4	https://amazon-berkeley-objects.s3.amazonaws.com/images/original/42/42761549.jpg
abo-B07674HN3P	1	https://amazon-berkeley-objects.s3.amazonaws.com/images/original/bb/bbd26ad3.jpg
abo-B07674HN3P	2	https://amazon-berkeley-objects.s3.amazonaws.com/images/original/ee/ee29d39f.jpg
abo-B07674HN3P	3	https://amazon-berkeley-objects.s3.amazonaws.com/images/original/25/25d6404a.jpg
abo-B07674HN3P	4	https://amazon-berkeley-objects.s3.amazonaws.com/images/original/42/42761549.jpg
abo-B07676NXCH	1	https://amazon-berkeley-objects.s3.amazonaws.com/images/original/5c/5c2a85b7.jpg
abo-B07676NXCH	2	https://amazon-berkeley-objects.s3.amazonaws.com/images/original/ee/ee29d39f.jpg
abo-B07676NXCH	3	https://amazon-berkeley-objects.s3.amazonaws.com/images/original/25/25d6404a.jpg
abo-B07676NXCH	4	https://amazon-berkeley-objects.s3.amazonaws.com/images/original/42/42761549.jpg
abo-B07677TJ3G	1	https://amazon-berkeley-objects.s3.amazonaws.com/images/original/cc/cc14d91b.jpg
abo-B07677TJ3G	2	https://amazon-berkeley-objects.s3.amazonaws.com/images/original/ee/ee29d39f.jpg
abo-B07677TJ3G	3	https://amazon-berkeley-objects.s3.amazonaws.com/images/original/25/25d6404a.jpg
abo-B07677TJ3G	4	https://amazon-berkeley-objects.s3.amazonaws.com/images/original/42/42761549.jpg
abo-B076783WZZ	1	https://amazon-berkeley-objects.s3.amazonaws.com/images/original/b0/b093d075.jpg
abo-B076783WZZ	2	https://amazon-berkeley-objects.s3.amazonaws.com/images/original/08/085ee154.jpg
abo-B076783WZZ	3	https://amazon-berkeley-objects.s3.amazonaws.com/images/original/ec/ecd9f4ef.jpg
abo-B076783WZZ	4	https://amazon-berkeley-objects.s3.amazonaws.com/images/original/25/2509d429.jpg
abo-B07678VMLW	1	https://amazon-berkeley-objects.s3.amazonaws.com/images/original/a8/a81b02b8.jpg
abo-B07678VMLW	2	https://amazon-berkeley-objects.s3.amazonaws.com/images/original/e7/e7b9de05.jpg
abo-B07678VMLW	3	https://amazon-berkeley-objects.s3.amazonaws.com/images/original/16/16069cec.jpg
abo-B07678VMLW	4	https://amazon-berkeley-objects.s3.amazonaws.com/images/original/e3/e321380d.jpg
abo-B07678VMM1	1	https://amazon-berkeley-objects.s3.amazonaws.com/images/original/0a/0a5e0cf3.jpg
abo-B07678VMM1	2	https://amazon-berkeley-objects.s3.amazonaws.com/images/original/e7/e7b9de05.jpg
abo-B07678VMM1	3	https://amazon-berkeley-objects.s3.amazonaws.com/images/original/16/16069cec.jpg
abo-B07678VMM1	4	https://amazon-berkeley-objects.s3.amazonaws.com/images/original/e3/e321380d.jpg
abo-B0767B356W	1	https://amazon-berkeley-objects.s3.amazonaws.com/images/original/50/50a891b8.jpg
abo-B0767B356W	2	https://amazon-berkeley-objects.s3.amazonaws.com/images/original/bf/bfe6f4d1.jpg
abo-B0767B356W	3	https://amazon-berkeley-objects.s3.amazonaws.com/images/original/0f/0f7fe7f5.jpg
abo-B0767B356W	4	https://amazon-berkeley-objects.s3.amazonaws.com/images/original/36/36eafe90.jpg
abo-B076NBL21Y	1	https://amazon-berkeley-objects.s3.amazonaws.com/images/original/1b/1bc808a1.jpg
abo-B076NBL21Y	2	https://amazon-berkeley-objects.s3.amazonaws.com/images/original/f8/f8cdba1b.jpg
abo-B076NBL21Y	3	https://amazon-berkeley-objects.s3.amazonaws.com/images/original/48/48ae3df8.jpg
abo-B076NBL21Y	4	https://amazon-berkeley-objects.s3.amazonaws.com/images/original/7f/7fbaf52e.jpg
abo-B076V9V7DM	1	https://amazon-berkeley-objects.s3.amazonaws.com/images/original/9a/9a969676.jpg
abo-B076V9V7DM	2	https://amazon-berkeley-objects.s3.amazonaws.com/images/original/fd/fdbf103e.jpg
abo-B076V9V7DM	3	https://amazon-berkeley-objects.s3.amazonaws.com/images/original/b7/b7431cbc.jpg
abo-B076V9V7DM	4	https://amazon-berkeley-objects.s3.amazonaws.com/images/original/3c/3c3dabaf.jpg
abo-B076VF4KRN	1	https://amazon-berkeley-objects.s3.amazonaws.com/images/original/13/13af52a5.jpg
abo-B076VF4KRN	2	https://amazon-berkeley-objects.s3.amazonaws.com/images/original/cc/ccfb018b.jpg
abo-B076VF4KRN	3	https://amazon-berkeley-objects.s3.amazonaws.com/images/original/6f/6fc328c0.jpg
abo-B076VF4KRN	4	https://amazon-berkeley-objects.s3.amazonaws.com/images/original/fa/fa432c1d.jpg
abo-B0776C2D6H	1	https://amazon-berkeley-objects.s3.amazonaws.com/images/original/f8/f8311fe2.jpg
abo-B0776C2D6H	2	https://amazon-berkeley-objects.s3.amazonaws.com/images/original/50/5021333e.jpg
abo-B0776C2D6H	3	https://amazon-berkeley-objects.s3.amazonaws.com/images/original/3e/3e31c2f4.jpg
abo-B0776C2D6H	4	https://amazon-berkeley-objects.s3.amazonaws.com/images/original/f0/f00a9e15.jpg
abo-B078JM1J41	1	https://amazon-berkeley-objects.s3.amazonaws.com/images/original/77/7753a2f2.jpg
abo-B078JM1J41	2	https://amazon-berkeley-objects.s3.amazonaws.com/images/original/cc/cc2bd3cc.jpg
abo-B078JM1J41	3	https://amazon-berkeley-objects.s3.amazonaws.com/images/original/06/065d4102.jpg
abo-B078JM1J41	4	https://amazon-berkeley-objects.s3.amazonaws.com/images/original/4c/4c0b280a.jpg
abo-B079VMHM76	1	https://amazon-berkeley-objects.s3.amazonaws.com/images/original/da/da96fc80.jpg
abo-B079VMHM76	2	https://amazon-berkeley-objects.s3.amazonaws.com/images/original/18/187d9b73.jpg
abo-B079VMHM76	3	https://amazon-berkeley-objects.s3.amazonaws.com/images/original/51/515abf0b.jpg
abo-B079VMHM76	4	https://amazon-berkeley-objects.s3.amazonaws.com/images/original/be/beea06db.jpg
abo-B079VMKMGZ	1	https://amazon-berkeley-objects.s3.amazonaws.com/images/original/59/59131e18.jpg
abo-B079VMKMGZ	2	https://amazon-berkeley-objects.s3.amazonaws.com/images/original/a6/a69868b8.jpg
abo-B079VMKMGZ	3	https://amazon-berkeley-objects.s3.amazonaws.com/images/original/b5/b5a2b67d.jpg
abo-B079VMKMGZ	4	https://amazon-berkeley-objects.s3.amazonaws.com/images/original/04/04c2ccef.jpg
abo-B079VNBKH8	1	https://amazon-berkeley-objects.s3.amazonaws.com/images/original/d3/d3d174ca.jpg
abo-B079VNBKH8	2	https://amazon-berkeley-objects.s3.amazonaws.com/images/original/df/dfcd198c.jpg
abo-B079VNBKH8	3	https://amazon-berkeley-objects.s3.amazonaws.com/images/original/4f/4f159420.jpg
abo-B079VNBKH8	4	https://amazon-berkeley-objects.s3.amazonaws.com/images/original/f7/f728d932.jpg
abo-B079VNBKJB	1	https://amazon-berkeley-objects.s3.amazonaws.com/images/original/df/df9fef26.jpg
abo-B079VNBKJB	2	https://amazon-berkeley-objects.s3.amazonaws.com/images/original/8a/8a96f1ef.jpg
abo-B079VNBKJB	3	https://amazon-berkeley-objects.s3.amazonaws.com/images/original/34/347b78c1.jpg
abo-B079VNBKJB	4	https://amazon-berkeley-objects.s3.amazonaws.com/images/original/8c/8c50636f.jpg
abo-B079VNQDDC	1	https://amazon-berkeley-objects.s3.amazonaws.com/images/original/09/09adf8c4.jpg
abo-B079VNQDDC	2	https://amazon-berkeley-objects.s3.amazonaws.com/images/original/32/32022f06.jpg
abo-B079VNQDDC	3	https://amazon-berkeley-objects.s3.amazonaws.com/images/original/cb/cbe3f608.jpg
abo-B079VNQDDC	4	https://amazon-berkeley-objects.s3.amazonaws.com/images/original/5a/5a9b0682.jpg
abo-B079VP4DH5	1	https://amazon-berkeley-objects.s3.amazonaws.com/images/original/57/575be2aa.jpg
abo-B079VP4DH5	2	https://amazon-berkeley-objects.s3.amazonaws.com/images/original/2f/2f770b31.jpg
abo-B079VP4DH5	3	https://amazon-berkeley-objects.s3.amazonaws.com/images/original/7b/7bfb3e8f.jpg
abo-B079VP4DH5	4	https://amazon-berkeley-objects.s3.amazonaws.com/images/original/07/07167256.jpg
abo-B079VP4DK1	1	https://amazon-berkeley-objects.s3.amazonaws.com/images/original/da/da96fc80.jpg
abo-B079VP4DK1	2	https://amazon-berkeley-objects.s3.amazonaws.com/images/original/18/187d9b73.jpg
abo-B079VP4DK1	3	https://amazon-berkeley-objects.s3.amazonaws.com/images/original/51/515abf0b.jpg
abo-B079VP4DK1	4	https://amazon-berkeley-objects.s3.amazonaws.com/images/original/be/beea06db.jpg
abo-B079VPP9V4	1	https://amazon-berkeley-objects.s3.amazonaws.com/images/original/d7/d74f20d5.jpg
abo-B079VPP9V4	2	https://amazon-berkeley-objects.s3.amazonaws.com/images/original/7f/7f418b1d.jpg
abo-B079VPP9V4	3	https://amazon-berkeley-objects.s3.amazonaws.com/images/original/81/81ead946.jpg
abo-B079VPP9V4	4	https://amazon-berkeley-objects.s3.amazonaws.com/images/original/7b/7bfb3e8f.jpg
abo-B079VPQ1WR	1	https://amazon-berkeley-objects.s3.amazonaws.com/images/original/da/da96fc80.jpg
abo-B079VPQ1WR	2	https://amazon-berkeley-objects.s3.amazonaws.com/images/original/18/187d9b73.jpg
abo-B079VPQ1WR	3	https://amazon-berkeley-objects.s3.amazonaws.com/images/original/51/515abf0b.jpg
abo-B079VPQ1WR	4	https://amazon-berkeley-objects.s3.amazonaws.com/images/original/be/beea06db.jpg
abo-B079VQDHD9	1	https://amazon-berkeley-objects.s3.amazonaws.com/images/original/88/883893a4.jpg
abo-B079VQDHD9	2	https://amazon-berkeley-objects.s3.amazonaws.com/images/original/a8/a81822e1.jpg
abo-B079VQDHD9	3	https://amazon-berkeley-objects.s3.amazonaws.com/images/original/f3/f3877973.jpg
abo-B079VQDHD9	4	https://amazon-berkeley-objects.s3.amazonaws.com/images/original/f2/f21030a1.jpg
abo-B079VX9YFL	1	https://amazon-berkeley-objects.s3.amazonaws.com/images/original/da/da0a9b29.jpg
abo-B079VX9YFL	2	https://amazon-berkeley-objects.s3.amazonaws.com/images/original/b3/b388277c.jpg
abo-B079VX9YFL	3	https://amazon-berkeley-objects.s3.amazonaws.com/images/original/27/27405428.jpg
abo-B079VX9YFL	4	https://amazon-berkeley-objects.s3.amazonaws.com/images/original/4f/4f9b7c3e.jpg
abo-B079VX9YGC	1	https://amazon-berkeley-objects.s3.amazonaws.com/images/original/d5/d5875a9d.jpg
abo-B079VX9YGC	2	https://amazon-berkeley-objects.s3.amazonaws.com/images/original/46/46145a10.jpg
abo-B079VX9YGC	3	https://amazon-berkeley-objects.s3.amazonaws.com/images/original/9d/9d65d09d.jpg
abo-B079VX9YGC	4	https://amazon-berkeley-objects.s3.amazonaws.com/images/original/8a/8a7cf7aa.jpg
abo-B07B4SB2D9	1	https://amazon-berkeley-objects.s3.amazonaws.com/images/original/c7/c70fee75.jpg
abo-B07B4SB2D9	2	https://amazon-berkeley-objects.s3.amazonaws.com/images/original/fe/fe1b0869.jpg
abo-B07B4SB2D9	3	https://amazon-berkeley-objects.s3.amazonaws.com/images/original/c5/c56d9508.jpg
abo-B07B4SB2D9	4	https://amazon-berkeley-objects.s3.amazonaws.com/images/original/ae/ae9be191.jpg
abo-B07B4SC2JF	1	https://amazon-berkeley-objects.s3.amazonaws.com/images/original/5b/5b70cccf.jpg
abo-B07B4SC2JF	2	https://amazon-berkeley-objects.s3.amazonaws.com/images/original/5c/5c059501.jpg
abo-B07B4SC2JF	3	https://amazon-berkeley-objects.s3.amazonaws.com/images/original/b7/b7f29fb3.jpg
abo-B07B4SC2JF	4	https://amazon-berkeley-objects.s3.amazonaws.com/images/original/19/19b7b2ad.jpg
abo-B07B4SC2JX	1	https://amazon-berkeley-objects.s3.amazonaws.com/images/original/2a/2a8d93a4.jpg
abo-B07B4SC2JX	2	https://amazon-berkeley-objects.s3.amazonaws.com/images/original/7b/7b975a70.jpg
abo-B07B4SC2JX	3	https://amazon-berkeley-objects.s3.amazonaws.com/images/original/15/15f8b83e.jpg
abo-B07B4SC2JX	4	https://amazon-berkeley-objects.s3.amazonaws.com/images/original/9a/9a252677.jpg
abo-B07B4SC2KW	1	https://amazon-berkeley-objects.s3.amazonaws.com/images/original/a3/a3467afc.jpg
abo-B07B4SC2KW	2	https://amazon-berkeley-objects.s3.amazonaws.com/images/original/f4/f4826469.jpg
abo-B07B4SC2KW	3	https://amazon-berkeley-objects.s3.amazonaws.com/images/original/3c/3c6e9da3.jpg
abo-B07B4SC2KW	4	https://amazon-berkeley-objects.s3.amazonaws.com/images/original/3e/3e1623e5.jpg
abo-B07B4SC6PN	1	https://amazon-berkeley-objects.s3.amazonaws.com/images/original/d9/d990a9ae.jpg
abo-B07B4SC6PN	2	https://amazon-berkeley-objects.s3.amazonaws.com/images/original/3c/3cd5fb18.jpg
abo-B07B4SC6PN	3	https://amazon-berkeley-objects.s3.amazonaws.com/images/original/ff/ff57a05b.jpg
abo-B07B4SC6PN	4	https://amazon-berkeley-objects.s3.amazonaws.com/images/original/a6/a6bdb279.jpg
abo-B07B4SC6PQ	1	https://amazon-berkeley-objects.s3.amazonaws.com/images/original/70/704a837a.jpg
abo-B07B4SC6PQ	2	https://amazon-berkeley-objects.s3.amazonaws.com/images/original/2f/2f3bcf3b.jpg
abo-B07B4SC6PQ	3	https://amazon-berkeley-objects.s3.amazonaws.com/images/original/58/58ac6225.jpg
abo-B07B4SC6PQ	4	https://amazon-berkeley-objects.s3.amazonaws.com/images/original/e7/e78b85cb.jpg
abo-B07B4VGZ7W	1	https://amazon-berkeley-objects.s3.amazonaws.com/images/original/94/94798bd4.jpg
abo-B07B4VGZ7W	2	https://amazon-berkeley-objects.s3.amazonaws.com/images/original/4d/4d6912ec.jpg
abo-B07B4VGZ7W	3	https://amazon-berkeley-objects.s3.amazonaws.com/images/original/3a/3acc5d53.jpg
abo-B07B4VGZ7W	4	https://amazon-berkeley-objects.s3.amazonaws.com/images/original/14/14cc54dd.jpg
abo-B07B4VGZ9B	1	https://amazon-berkeley-objects.s3.amazonaws.com/images/original/30/30812da4.jpg
abo-B07B4VGZ9B	2	https://amazon-berkeley-objects.s3.amazonaws.com/images/original/ae/aef38130.jpg
abo-B07B4VGZ9B	3	https://amazon-berkeley-objects.s3.amazonaws.com/images/original/04/0432952a.jpg
abo-B07B4VGZ9B	4	https://amazon-berkeley-objects.s3.amazonaws.com/images/original/f0/f00cf5b1.jpg
abo-B07B4VSTF6	1	https://amazon-berkeley-objects.s3.amazonaws.com/images/original/21/215523ee.jpg
abo-B07B4VSTF6	2	https://amazon-berkeley-objects.s3.amazonaws.com/images/original/1a/1a62f168.jpg
abo-B07B4VSTF6	3	https://amazon-berkeley-objects.s3.amazonaws.com/images/original/cb/cb57d83a.jpg
abo-B07B4VSTF6	4	https://amazon-berkeley-objects.s3.amazonaws.com/images/original/14/147da2c7.jpg
abo-B07B4VSTG1	1	https://amazon-berkeley-objects.s3.amazonaws.com/images/original/f2/f2f623d4.jpg
abo-B07B4VSTG1	2	https://amazon-berkeley-objects.s3.amazonaws.com/images/original/40/40da47f5.jpg
abo-B07B4VSTG1	3	https://amazon-berkeley-objects.s3.amazonaws.com/images/original/bc/bc5e47d4.jpg
abo-B07B4VSTG1	4	https://amazon-berkeley-objects.s3.amazonaws.com/images/original/24/246802f5.jpg
abo-B07B4VSTG2	1	https://amazon-berkeley-objects.s3.amazonaws.com/images/original/c9/c9ab4c88.jpg
abo-B07B4VSTG2	2	https://amazon-berkeley-objects.s3.amazonaws.com/images/original/f8/f84f97ba.jpg
abo-B07B4VSTG2	3	https://amazon-berkeley-objects.s3.amazonaws.com/images/original/58/58c5d4e2.jpg
abo-B07B4VSTG2	4	https://amazon-berkeley-objects.s3.amazonaws.com/images/original/f0/f0a5a43c.jpg
abo-B07B4VYKNF	1	https://amazon-berkeley-objects.s3.amazonaws.com/images/original/ec/ec75a1ad.jpg
abo-B07B4VYKNF	2	https://amazon-berkeley-objects.s3.amazonaws.com/images/original/82/822f9d0a.jpg
abo-B07B4VYKNF	3	https://amazon-berkeley-objects.s3.amazonaws.com/images/original/11/11a0d606.jpg
abo-B07B4VYKNF	4	https://amazon-berkeley-objects.s3.amazonaws.com/images/original/3b/3b76d3b1.jpg
abo-B07B4W24JT	1	https://amazon-berkeley-objects.s3.amazonaws.com/images/original/81/8190bc24.jpg
abo-B07B4W24JT	2	https://amazon-berkeley-objects.s3.amazonaws.com/images/original/69/6902e921.jpg
abo-B07B4W24JT	3	https://amazon-berkeley-objects.s3.amazonaws.com/images/original/6f/6f146754.jpg
abo-B07B4W24JT	4	https://amazon-berkeley-objects.s3.amazonaws.com/images/original/0a/0a650ffb.jpg
abo-B07B4W2PYH	1	https://amazon-berkeley-objects.s3.amazonaws.com/images/original/b5/b5a6dbae.jpg
abo-B07B4W2PYH	2	https://amazon-berkeley-objects.s3.amazonaws.com/images/original/36/36aff8fd.jpg
abo-B07B4W2PYH	3	https://amazon-berkeley-objects.s3.amazonaws.com/images/original/f2/f227b58e.jpg
abo-B07B4W2PYH	4	https://amazon-berkeley-objects.s3.amazonaws.com/images/original/ed/edd4a5bb.jpg
abo-B07B4W2ZTC	1	https://amazon-berkeley-objects.s3.amazonaws.com/images/original/53/536b1538.jpg
abo-B07B4W2ZTC	2	https://amazon-berkeley-objects.s3.amazonaws.com/images/original/19/192c49bb.jpg
abo-B07B4W2ZTC	3	https://amazon-berkeley-objects.s3.amazonaws.com/images/original/ea/ea92da99.jpg
abo-B07B4W2ZTC	4	https://amazon-berkeley-objects.s3.amazonaws.com/images/original/31/31b9a35b.jpg
abo-B07B4YBVMP	1	https://amazon-berkeley-objects.s3.amazonaws.com/images/original/02/024062d5.jpg
abo-B07B4YBVMP	2	https://amazon-berkeley-objects.s3.amazonaws.com/images/original/fb/fb51902a.jpg
abo-B07B4YBVMP	3	https://amazon-berkeley-objects.s3.amazonaws.com/images/original/38/3822705a.jpg
abo-B07B4YBVMP	4	https://amazon-berkeley-objects.s3.amazonaws.com/images/original/c3/c380d1b8.jpg
abo-B07B4YBVMP	5	https://amazon-berkeley-objects.s3.amazonaws.com/images/original/9d/9d4bebcc.jpg
abo-B07B4YBVMP	6	https://amazon-berkeley-objects.s3.amazonaws.com/images/original/3a/3aec7ec6.jpg
abo-B07B4YBVMP	7	https://amazon-berkeley-objects.s3.amazonaws.com/images/original/02/02b95962.jpg
abo-B07B4YBVMP	8	https://amazon-berkeley-objects.s3.amazonaws.com/images/original/da/daa57042.jpg
abo-B07B4YBVN9	1	https://amazon-berkeley-objects.s3.amazonaws.com/images/original/36/36f60820.jpg
abo-B07B4YBVN9	2	https://amazon-berkeley-objects.s3.amazonaws.com/images/original/7e/7eacbbe2.jpg
abo-B07B4YBVN9	3	https://amazon-berkeley-objects.s3.amazonaws.com/images/original/d0/d02969ee.jpg
abo-B07B4YBVN9	4	https://amazon-berkeley-objects.s3.amazonaws.com/images/original/0d/0d8f4d06.jpg
abo-B07B4YBVQP	1	https://amazon-berkeley-objects.s3.amazonaws.com/images/original/ed/ed35b491.jpg
abo-B07B4YBVQP	2	https://amazon-berkeley-objects.s3.amazonaws.com/images/original/d9/d92c6101.jpg
abo-B07B4YBVQP	3	https://amazon-berkeley-objects.s3.amazonaws.com/images/original/a3/a3539ed9.jpg
abo-B07B4YBVQP	4	https://amazon-berkeley-objects.s3.amazonaws.com/images/original/50/50360f4a.jpg
abo-B07B4YR6KF	1	https://amazon-berkeley-objects.s3.amazonaws.com/images/original/0d/0d295cfa.jpg
abo-B07B4YR6KF	2	https://amazon-berkeley-objects.s3.amazonaws.com/images/original/dc/dc709f01.jpg
abo-B07B4YR6KF	3	https://amazon-berkeley-objects.s3.amazonaws.com/images/original/e0/e079f303.jpg
abo-B07B4YR6KF	4	https://amazon-berkeley-objects.s3.amazonaws.com/images/original/41/4151274d.jpg
abo-B07B4YRZ1D	1	https://amazon-berkeley-objects.s3.amazonaws.com/images/original/17/17e00bb2.jpg
abo-B07B4YRZ1D	2	https://amazon-berkeley-objects.s3.amazonaws.com/images/original/c8/c86d941c.jpg
abo-B07B4YRZ1D	3	https://amazon-berkeley-objects.s3.amazonaws.com/images/original/6d/6dc9387d.jpg
abo-B07B4YRZ1D	4	https://amazon-berkeley-objects.s3.amazonaws.com/images/original/30/304d4124.jpg
abo-B07B4YS1QP	1	https://amazon-berkeley-objects.s3.amazonaws.com/images/original/8e/8edf95e9.jpg
abo-B07B4YS1QP	2	https://amazon-berkeley-objects.s3.amazonaws.com/images/original/7c/7c3bb321.jpg
abo-B07B4YS1QP	3	https://amazon-berkeley-objects.s3.amazonaws.com/images/original/2a/2ac76ac3.jpg
abo-B07B4YS1QP	4	https://amazon-berkeley-objects.s3.amazonaws.com/images/original/6b/6bda32d0.jpg
abo-B07B4YVX5Q	1	https://amazon-berkeley-objects.s3.amazonaws.com/images/original/aa/aa26c8a0.jpg
abo-B07B4YVX5Q	2	https://amazon-berkeley-objects.s3.amazonaws.com/images/original/b1/b18ba0e7.jpg
abo-B07B4YVX5Q	3	https://amazon-berkeley-objects.s3.amazonaws.com/images/original/dc/dc9d6e26.jpg
abo-B07B4YVX5Q	4	https://amazon-berkeley-objects.s3.amazonaws.com/images/original/d6/d65f8362.jpg
abo-B07B4YVX6D	1	https://amazon-berkeley-objects.s3.amazonaws.com/images/original/12/123fd0df.jpg
abo-B07B4YVX6D	2	https://amazon-berkeley-objects.s3.amazonaws.com/images/original/21/21b02b5f.jpg
abo-B07B4YVX6D	3	https://amazon-berkeley-objects.s3.amazonaws.com/images/original/e6/e64042b3.jpg
abo-B07B4YVX6D	4	https://amazon-berkeley-objects.s3.amazonaws.com/images/original/11/110307e7.jpg
abo-B07B4YVX7P	1	https://amazon-berkeley-objects.s3.amazonaws.com/images/original/ee/ee0a8dce.jpg
abo-B07B4YVX7P	2	https://amazon-berkeley-objects.s3.amazonaws.com/images/original/fb/fb09d7ea.jpg
abo-B07B4YVX7P	3	https://amazon-berkeley-objects.s3.amazonaws.com/images/original/76/76f371cf.jpg
abo-B07B4YVX7P	4	https://amazon-berkeley-objects.s3.amazonaws.com/images/original/63/63c8f9ca.jpg
abo-B07B4YVXC7	1	https://amazon-berkeley-objects.s3.amazonaws.com/images/original/03/03de38ef.jpg
abo-B07B4YVXC7	2	https://amazon-berkeley-objects.s3.amazonaws.com/images/original/a3/a3ae2af2.jpg
abo-B07B4YVXC7	3	https://amazon-berkeley-objects.s3.amazonaws.com/images/original/c5/c59618e7.jpg
abo-B07B4YVXC7	4	https://amazon-berkeley-objects.s3.amazonaws.com/images/original/4d/4d274793.jpg
abo-B07B4YVXG8	1	https://amazon-berkeley-objects.s3.amazonaws.com/images/original/25/252cf3a6.jpg
abo-B07B4YVXG8	2	https://amazon-berkeley-objects.s3.amazonaws.com/images/original/4e/4ef1dba0.jpg
abo-B07B4YVXG8	3	https://amazon-berkeley-objects.s3.amazonaws.com/images/original/9a/9abb9d1d.jpg
abo-B07B4YVXG8	4	https://amazon-berkeley-objects.s3.amazonaws.com/images/original/e6/e6b5fcc7.jpg
abo-B07B4YXR45	1	https://amazon-berkeley-objects.s3.amazonaws.com/images/original/0d/0deac0a1.jpg
abo-B07B4YXR45	2	https://amazon-berkeley-objects.s3.amazonaws.com/images/original/82/82de37e9.jpg
abo-B07B4YXR45	3	https://amazon-berkeley-objects.s3.amazonaws.com/images/original/f3/f30ff4c1.jpg
abo-B07B4YXR45	4	https://amazon-berkeley-objects.s3.amazonaws.com/images/original/99/99490d64.jpg
abo-B07B4YXXP1	1	https://amazon-berkeley-objects.s3.amazonaws.com/images/original/83/8345198a.jpg
abo-B07B4YXXP1	2	https://amazon-berkeley-objects.s3.amazonaws.com/images/original/7b/7b0fea5f.jpg
abo-B07B4YXXP1	3	https://amazon-berkeley-objects.s3.amazonaws.com/images/original/fc/fc211cc5.jpg
abo-B07B4YXXP1	4	https://amazon-berkeley-objects.s3.amazonaws.com/images/original/42/42d855aa.jpg
abo-B07B4YZWKD	1	https://amazon-berkeley-objects.s3.amazonaws.com/images/original/28/28279e3e.jpg
abo-B07B4YZWKD	2	https://amazon-berkeley-objects.s3.amazonaws.com/images/original/db/db116990.jpg
abo-B07B4YZWKD	3	https://amazon-berkeley-objects.s3.amazonaws.com/images/original/ff/ffc97516.jpg
abo-B07B4YZWKD	4	https://amazon-berkeley-objects.s3.amazonaws.com/images/original/e6/e649a955.jpg
abo-B07B4Z2YVW	1	https://amazon-berkeley-objects.s3.amazonaws.com/images/original/73/739a7737.jpg
abo-B07B4Z2YVW	2	https://amazon-berkeley-objects.s3.amazonaws.com/images/original/5b/5bbcce45.jpg
abo-B07B4Z2YVW	3	https://amazon-berkeley-objects.s3.amazonaws.com/images/original/03/032554d0.jpg
abo-B07B4Z2YVW	4	https://amazon-berkeley-objects.s3.amazonaws.com/images/original/0b/0b122038.jpg
abo-B07B4Z98R6	1	https://amazon-berkeley-objects.s3.amazonaws.com/images/original/63/63a0cd63.jpg
abo-B07B4Z98R6	2	https://amazon-berkeley-objects.s3.amazonaws.com/images/original/72/72a88b41.jpg
abo-B07B4Z98R6	3	https://amazon-berkeley-objects.s3.amazonaws.com/images/original/40/40cc4f04.jpg
abo-B07B4Z98R6	4	https://amazon-berkeley-objects.s3.amazonaws.com/images/original/5c/5cdab2f8.jpg
abo-B07B4Z9BS4	1	https://amazon-berkeley-objects.s3.amazonaws.com/images/original/4b/4be5baf0.jpg
abo-B07B4Z9BS4	2	https://amazon-berkeley-objects.s3.amazonaws.com/images/original/84/84bc6b83.jpg
abo-B07B4Z9BS4	3	https://amazon-berkeley-objects.s3.amazonaws.com/images/original/5d/5d5f730c.jpg
abo-B07B4Z9BS4	4	https://amazon-berkeley-objects.s3.amazonaws.com/images/original/c1/c182ed3d.jpg
abo-B07B4Z9C29	1	https://amazon-berkeley-objects.s3.amazonaws.com/images/original/41/415b74db.jpg
abo-B07B4Z9C29	2	https://amazon-berkeley-objects.s3.amazonaws.com/images/original/af/af21e5cf.jpg
abo-B07B4Z9C29	3	https://amazon-berkeley-objects.s3.amazonaws.com/images/original/b8/b872e98c.jpg
abo-B07B4Z9C29	4	https://amazon-berkeley-objects.s3.amazonaws.com/images/original/0d/0dffa308.jpg
abo-B07B4Z9C39	1	https://amazon-berkeley-objects.s3.amazonaws.com/images/original/f1/f1ad733f.jpg
abo-B07B4Z9C39	2	https://amazon-berkeley-objects.s3.amazonaws.com/images/original/59/59952252.jpg
abo-B07B4Z9C39	3	https://amazon-berkeley-objects.s3.amazonaws.com/images/original/b8/b895157b.jpg
abo-B07B4Z9C39	4	https://amazon-berkeley-objects.s3.amazonaws.com/images/original/6f/6fe57e29.jpg
abo-B07B4Z9C57	1	https://amazon-berkeley-objects.s3.amazonaws.com/images/original/ec/ec1e09d5.jpg
abo-B07B4Z9C57	2	https://amazon-berkeley-objects.s3.amazonaws.com/images/original/73/738c11a7.jpg
abo-B07B4Z9C57	3	https://amazon-berkeley-objects.s3.amazonaws.com/images/original/fe/fe51ea42.jpg
abo-B07B4Z9C57	4	https://amazon-berkeley-objects.s3.amazonaws.com/images/original/63/63bca972.jpg
abo-B07B4Z9PKC	1	https://amazon-berkeley-objects.s3.amazonaws.com/images/original/5e/5e3f0a24.jpg
abo-B07B4Z9PKC	2	https://amazon-berkeley-objects.s3.amazonaws.com/images/original/92/929005d3.jpg
abo-B07B4Z9PKC	3	https://amazon-berkeley-objects.s3.amazonaws.com/images/original/18/1896dcbc.jpg
abo-B07B4Z9PKC	4	https://amazon-berkeley-objects.s3.amazonaws.com/images/original/7b/7b317acc.jpg
abo-B07B4ZFBNP	1	https://amazon-berkeley-objects.s3.amazonaws.com/images/original/ff/ff8ef18a.jpg
abo-B07B4ZFBNP	2	https://amazon-berkeley-objects.s3.amazonaws.com/images/original/14/147fafde.jpg
abo-B07B4ZFBNP	3	https://amazon-berkeley-objects.s3.amazonaws.com/images/original/2d/2d75e625.jpg
abo-B07B4ZFBNP	4	https://amazon-berkeley-objects.s3.amazonaws.com/images/original/fa/faa80317.jpg
abo-B07B4ZFBPX	1	https://amazon-berkeley-objects.s3.amazonaws.com/images/original/1e/1ef0a8c8.jpg
abo-B07B4ZFBPX	2	https://amazon-berkeley-objects.s3.amazonaws.com/images/original/fe/fe019265.jpg
abo-B07B4ZFBPX	3	https://amazon-berkeley-objects.s3.amazonaws.com/images/original/78/7822eef8.jpg
abo-B07B4ZFBPX	4	https://amazon-berkeley-objects.s3.amazonaws.com/images/original/54/54d0b4a6.jpg
abo-B07B4ZFBSQ	1	https://amazon-berkeley-objects.s3.amazonaws.com/images/original/28/283f035d.jpg
abo-B07B4ZFBSQ	2	https://amazon-berkeley-objects.s3.amazonaws.com/images/original/d0/d0360d1b.jpg
abo-B07B4ZFBSQ	3	https://amazon-berkeley-objects.s3.amazonaws.com/images/original/de/deda6002.jpg
abo-B07B4ZFBSQ	4	https://amazon-berkeley-objects.s3.amazonaws.com/images/original/33/33033772.jpg
abo-B07B4ZK8BR	1	https://amazon-berkeley-objects.s3.amazonaws.com/images/original/ea/ea7e022e.jpg
abo-B07B4ZK8BR	2	https://amazon-berkeley-objects.s3.amazonaws.com/images/original/2b/2b51f63d.jpg
abo-B07B4ZK8BR	3	https://amazon-berkeley-objects.s3.amazonaws.com/images/original/81/81222665.jpg
abo-B07B4ZK8BR	4	https://amazon-berkeley-objects.s3.amazonaws.com/images/original/a9/a93ed82e.jpg
abo-B07B4ZP62F	1	https://amazon-berkeley-objects.s3.amazonaws.com/images/original/b1/b19ca854.jpg
abo-B07B4ZP62F	2	https://amazon-berkeley-objects.s3.amazonaws.com/images/original/ba/ba803f9c.jpg
abo-B07B4ZP62F	3	https://amazon-berkeley-objects.s3.amazonaws.com/images/original/e3/e3823e60.jpg
abo-B07B4ZP62F	4	https://amazon-berkeley-objects.s3.amazonaws.com/images/original/27/27dbc1d9.jpg
abo-B07B4ZP64M	1	https://amazon-berkeley-objects.s3.amazonaws.com/images/original/09/094bf15f.jpg
abo-B07B4ZP64M	2	https://amazon-berkeley-objects.s3.amazonaws.com/images/original/32/32437fe5.jpg
abo-B07B4ZP64M	3	https://amazon-berkeley-objects.s3.amazonaws.com/images/original/37/37e22fef.jpg
abo-B07B4ZP64M	4	https://amazon-berkeley-objects.s3.amazonaws.com/images/original/ff/ffcca650.jpg
abo-B07B4ZPJ4L	1	https://amazon-berkeley-objects.s3.amazonaws.com/images/original/92/920bb778.jpg
abo-B07B4ZPJ4L	2	https://amazon-berkeley-objects.s3.amazonaws.com/images/original/d8/d813ab43.jpg
abo-B07B4ZPJ4L	3	https://amazon-berkeley-objects.s3.amazonaws.com/images/original/57/5765ae19.jpg
abo-B07B4ZPJ4L	4	https://amazon-berkeley-objects.s3.amazonaws.com/images/original/c8/c82b127f.jpg
abo-B07B4ZXKBD	1	https://amazon-berkeley-objects.s3.amazonaws.com/images/original/df/df18d3f5.jpg
abo-B07B4ZXKBD	2	https://amazon-berkeley-objects.s3.amazonaws.com/images/original/5c/5ce095fa.jpg
abo-B07B4ZXKBD	3	https://amazon-berkeley-objects.s3.amazonaws.com/images/original/93/93faa7d8.jpg
abo-B07B4ZXKBD	4	https://amazon-berkeley-objects.s3.amazonaws.com/images/original/dd/dde6a994.jpg
abo-B07B4ZXKFQ	1	https://amazon-berkeley-objects.s3.amazonaws.com/images/original/01/01311450.jpg
abo-B07B4ZXKFQ	2	https://amazon-berkeley-objects.s3.amazonaws.com/images/original/a2/a2181e91.jpg
abo-B07B4ZXKFQ	3	https://amazon-berkeley-objects.s3.amazonaws.com/images/original/e4/e458ca0d.jpg
abo-B07B4ZXKFQ	4	https://amazon-berkeley-objects.s3.amazonaws.com/images/original/03/035565ed.jpg
abo-B07B51946F	1	https://amazon-berkeley-objects.s3.amazonaws.com/images/original/d2/d2474d2e.jpg
abo-B07B51946F	2	https://amazon-berkeley-objects.s3.amazonaws.com/images/original/6d/6dbdd48f.jpg
abo-B07B51946F	3	https://amazon-berkeley-objects.s3.amazonaws.com/images/original/7b/7b9f091c.jpg
abo-B07B51946F	4	https://amazon-berkeley-objects.s3.amazonaws.com/images/original/56/5600a10e.jpg
abo-B07B51FDT9	1	https://amazon-berkeley-objects.s3.amazonaws.com/images/original/78/788f30ab.jpg
abo-B07B51FDT9	2	https://amazon-berkeley-objects.s3.amazonaws.com/images/original/8d/8d406de1.jpg
abo-B07B51FDT9	3	https://amazon-berkeley-objects.s3.amazonaws.com/images/original/b3/b3cdd3bf.jpg
abo-B07B51FDT9	4	https://amazon-berkeley-objects.s3.amazonaws.com/images/original/a4/a453201a.jpg
abo-B07BNGPTF3	1	https://amazon-berkeley-objects.s3.amazonaws.com/images/original/70/70c87e7e.jpg
abo-B07BNGPTF3	2	https://amazon-berkeley-objects.s3.amazonaws.com/images/original/40/4052267d.jpg
abo-B07BNGPTF3	3	https://amazon-berkeley-objects.s3.amazonaws.com/images/original/28/28ff9687.jpg
abo-B07BNGPTF3	4	https://amazon-berkeley-objects.s3.amazonaws.com/images/original/19/1965675d.jpg
abo-B07CSZQWL6	1	https://amazon-berkeley-objects.s3.amazonaws.com/images/original/72/722dc29f.jpg
abo-B07CSZQWL6	2	https://amazon-berkeley-objects.s3.amazonaws.com/images/original/8f/8f0dc123.jpg
abo-B07CSZQWL6	3	https://amazon-berkeley-objects.s3.amazonaws.com/images/original/aa/aaf32497.jpg
abo-B07CSZQWL6	4	https://amazon-berkeley-objects.s3.amazonaws.com/images/original/30/300e354d.jpg
abo-B07CZN7W5G	1	https://amazon-berkeley-objects.s3.amazonaws.com/images/original/4a/4a724a7d.jpg
abo-B07CZN7W5G	2	https://amazon-berkeley-objects.s3.amazonaws.com/images/original/d9/d91e9beb.jpg
abo-B07CZN7W5G	3	https://amazon-berkeley-objects.s3.amazonaws.com/images/original/6c/6c4ead81.jpg
abo-B07CZN7W5G	4	https://amazon-berkeley-objects.s3.amazonaws.com/images/original/09/095c956b.jpg
abo-B07D3DGMCV	1	https://amazon-berkeley-objects.s3.amazonaws.com/images/original/d3/d34d99cd.jpg
abo-B07D3DGMCV	2	https://amazon-berkeley-objects.s3.amazonaws.com/images/original/c2/c216456e.jpg
abo-B07D3DGMCV	3	https://amazon-berkeley-objects.s3.amazonaws.com/images/original/bf/bf08224c.jpg
abo-B07D3DGMCV	4	https://amazon-berkeley-objects.s3.amazonaws.com/images/original/fb/fb5cb443.jpg
abo-B07D3DY7ZL	1	https://amazon-berkeley-objects.s3.amazonaws.com/images/original/90/90d54174.jpg
abo-B07D3DY7ZL	2	https://amazon-berkeley-objects.s3.amazonaws.com/images/original/90/90862b89.jpg
abo-B07D3DY7ZL	3	https://amazon-berkeley-objects.s3.amazonaws.com/images/original/a4/a418e739.jpg
abo-B07D3DY7ZL	4	https://amazon-berkeley-objects.s3.amazonaws.com/images/original/1a/1a990a6b.jpg
abo-B07D3DZ1XV	1	https://amazon-berkeley-objects.s3.amazonaws.com/images/original/ec/ec380302.jpg
abo-B07D3DZ1XV	2	https://amazon-berkeley-objects.s3.amazonaws.com/images/original/e1/e1827352.jpg
abo-B07D3DZ1XV	3	https://amazon-berkeley-objects.s3.amazonaws.com/images/original/cd/cd5b397e.jpg
abo-B07D3DZ1XV	4	https://amazon-berkeley-objects.s3.amazonaws.com/images/original/9c/9c381e3c.jpg
abo-B07D3FH46K	1	https://amazon-berkeley-objects.s3.amazonaws.com/images/original/20/2033b323.jpg
abo-B07D3FH46K	2	https://amazon-berkeley-objects.s3.amazonaws.com/images/original/0f/0fb9a803.jpg
abo-B07D3FH46K	3	https://amazon-berkeley-objects.s3.amazonaws.com/images/original/55/557c53de.jpg
abo-B07D3FH46K	4	https://amazon-berkeley-objects.s3.amazonaws.com/images/original/07/075f92ba.jpg
abo-B07D3FNGKJ	1	https://amazon-berkeley-objects.s3.amazonaws.com/images/original/90/90d54174.jpg
abo-B07D3FNGKJ	2	https://amazon-berkeley-objects.s3.amazonaws.com/images/original/90/90862b89.jpg
abo-B07D3FNGKJ	3	https://amazon-berkeley-objects.s3.amazonaws.com/images/original/a4/a418e739.jpg
abo-B07D3FNGKJ	4	https://amazon-berkeley-objects.s3.amazonaws.com/images/original/1a/1a990a6b.jpg
abo-B07D3FSGJR	1	https://amazon-berkeley-objects.s3.amazonaws.com/images/original/20/2033b323.jpg
abo-B07D3FSGJR	2	https://amazon-berkeley-objects.s3.amazonaws.com/images/original/0f/0fb9a803.jpg
abo-B07D3FSGJR	3	https://amazon-berkeley-objects.s3.amazonaws.com/images/original/55/557c53de.jpg
abo-B07D3FSGJR	4	https://amazon-berkeley-objects.s3.amazonaws.com/images/original/07/075f92ba.jpg
abo-B07D4GCNBT	1	https://amazon-berkeley-objects.s3.amazonaws.com/images/original/a8/a88c367a.jpg
abo-B07D4GCNBT	2	https://amazon-berkeley-objects.s3.amazonaws.com/images/original/a1/a138ea24.jpg
abo-B07D4GCNBT	3	https://amazon-berkeley-objects.s3.amazonaws.com/images/original/b4/b43968f6.jpg
abo-B07D4GCNBT	4	https://amazon-berkeley-objects.s3.amazonaws.com/images/original/fe/fe510e3a.jpg
abo-B07D4GCNBT	5	https://amazon-berkeley-objects.s3.amazonaws.com/images/original/13/1312f0ba.jpg
abo-B07D4GCNBT	6	https://amazon-berkeley-objects.s3.amazonaws.com/images/original/c7/c785281e.jpg
abo-B07D4GCNBT	7	https://amazon-berkeley-objects.s3.amazonaws.com/images/original/87/8750c85b.jpg
abo-B07D4GCNBT	8	https://amazon-berkeley-objects.s3.amazonaws.com/images/original/40/404718a3.jpg
abo-B07D5M2YZC	1	https://amazon-berkeley-objects.s3.amazonaws.com/images/original/ec/ec087494.jpg
abo-B07D5M2YZC	2	https://amazon-berkeley-objects.s3.amazonaws.com/images/original/7b/7b1fa97b.jpg
abo-B07D5M2YZC	3	https://amazon-berkeley-objects.s3.amazonaws.com/images/original/09/091a9d23.jpg
abo-B07D5M2YZC	4	https://amazon-berkeley-objects.s3.amazonaws.com/images/original/32/325f4fcd.jpg
abo-B07DBCG1N1	1	https://amazon-berkeley-objects.s3.amazonaws.com/images/original/a1/a1571265.jpg
abo-B07DBCG1N1	2	https://amazon-berkeley-objects.s3.amazonaws.com/images/original/02/02ee11d3.jpg
abo-B07DBCG1N1	3	https://amazon-berkeley-objects.s3.amazonaws.com/images/original/b4/b4fbac28.jpg
abo-B07DBCG1N1	4	https://amazon-berkeley-objects.s3.amazonaws.com/images/original/5f/5f488dbe.jpg
abo-B07DBCG1NL	1	https://amazon-berkeley-objects.s3.amazonaws.com/images/original/dd/dd803cbb.jpg
abo-B07DBCG1NL	2	https://amazon-berkeley-objects.s3.amazonaws.com/images/original/ca/ca81725f.jpg
abo-B07DBCG1NL	3	https://amazon-berkeley-objects.s3.amazonaws.com/images/original/51/514ac672.jpg
abo-B07DBCG1NL	4	https://amazon-berkeley-objects.s3.amazonaws.com/images/original/8f/8f3e8b72.jpg
abo-B07DBCG1Q2	1	https://amazon-berkeley-objects.s3.amazonaws.com/images/original/8c/8cef24be.jpg
abo-B07DBCG1Q2	2	https://amazon-berkeley-objects.s3.amazonaws.com/images/original/aa/aa13d6d6.jpg
abo-B07DBCG1Q2	3	https://amazon-berkeley-objects.s3.amazonaws.com/images/original/9a/9a789e1c.jpg
abo-B07DBCG1Q2	4	https://amazon-berkeley-objects.s3.amazonaws.com/images/original/85/851d04b2.jpg
abo-B07DBCG1Q2	5	https://amazon-berkeley-objects.s3.amazonaws.com/images/original/c1/c114d6fd.jpg
abo-B07DBCG1Q2	6	https://amazon-berkeley-objects.s3.amazonaws.com/images/original/41/415a6bcb.jpg
abo-B07DBCG1Q2	7	https://amazon-berkeley-objects.s3.amazonaws.com/images/original/40/40b95d92.jpg
abo-B07DBCG1Q2	8	https://amazon-berkeley-objects.s3.amazonaws.com/images/original/43/43c205ea.jpg
abo-B07DBCG1Q8	1	https://amazon-berkeley-objects.s3.amazonaws.com/images/original/db/dbbd3c47.jpg
abo-B07DBCG1Q8	2	https://amazon-berkeley-objects.s3.amazonaws.com/images/original/cc/cc82948e.jpg
abo-B07DBCG1Q8	3	https://amazon-berkeley-objects.s3.amazonaws.com/images/original/8c/8c7c0242.jpg
abo-B07DBCG1Q8	4	https://amazon-berkeley-objects.s3.amazonaws.com/images/original/51/514ac672.jpg
abo-B07DBCG1Q8	5	https://amazon-berkeley-objects.s3.amazonaws.com/images/original/ba/bac05d9b.jpg
abo-B07DBCG1Q8	6	https://amazon-berkeley-objects.s3.amazonaws.com/images/original/d8/d8d1dd88.jpg
abo-B07DBCG1Q8	7	https://amazon-berkeley-objects.s3.amazonaws.com/images/original/90/90424f2d.jpg
abo-B07DBCG1Q8	8	https://amazon-berkeley-objects.s3.amazonaws.com/images/original/3f/3f0964be.jpg
abo-B07DBCG1QY	1	https://amazon-berkeley-objects.s3.amazonaws.com/images/original/8b/8bee5ffe.jpg
abo-B07DBCG1QY	2	https://amazon-berkeley-objects.s3.amazonaws.com/images/original/53/53136560.jpg
abo-B07DBCG1QY	3	https://amazon-berkeley-objects.s3.amazonaws.com/images/original/d6/d6e6062f.jpg
abo-B07DBCG1QY	4	https://amazon-berkeley-objects.s3.amazonaws.com/images/original/b4/b49765ba.jpg
abo-B07DBCMNVR	1	https://amazon-berkeley-objects.s3.amazonaws.com/images/original/fe/fe52a6a8.jpg
abo-B07DBCMNVR	2	https://amazon-berkeley-objects.s3.amazonaws.com/images/original/44/4413a543.jpg
abo-B07DBCMNVR	3	https://amazon-berkeley-objects.s3.amazonaws.com/images/original/c1/c139d1ca.jpg
abo-B07DBCMNVR	4	https://amazon-berkeley-objects.s3.amazonaws.com/images/original/72/7252ce96.jpg
abo-B07DBCMTCS	1	https://amazon-berkeley-objects.s3.amazonaws.com/images/original/b6/b67a4a85.jpg
abo-B07DBCMTCS	2	https://amazon-berkeley-objects.s3.amazonaws.com/images/original/81/81948e33.jpg
abo-B07DBCMTCS	3	https://amazon-berkeley-objects.s3.amazonaws.com/images/original/6e/6ee313f2.jpg
abo-B07DBCMTCS	4	https://amazon-berkeley-objects.s3.amazonaws.com/images/original/3a/3ad05db7.jpg
abo-B07DBCMTCS	5	https://amazon-berkeley-objects.s3.amazonaws.com/images/original/51/514ac672.jpg
abo-B07DBCMTCS	6	https://amazon-berkeley-objects.s3.amazonaws.com/images/original/3f/3ffd0aeb.jpg
abo-B07DBCMTCS	7	https://amazon-berkeley-objects.s3.amazonaws.com/images/original/d7/d7e841db.jpg
abo-B07DBCMTCS	8	https://amazon-berkeley-objects.s3.amazonaws.com/images/original/ee/eeeee557.jpg
abo-B07DBCMTD3	1	https://amazon-berkeley-objects.s3.amazonaws.com/images/original/0e/0ede226c.jpg
abo-B07DBCMTD3	2	https://amazon-berkeley-objects.s3.amazonaws.com/images/original/f3/f3c81110.jpg
abo-B07DBCMTD3	3	https://amazon-berkeley-objects.s3.amazonaws.com/images/original/b3/b3bcd601.jpg
abo-B07DBCMTD3	4	https://amazon-berkeley-objects.s3.amazonaws.com/images/original/e7/e7cfeb02.jpg
abo-B07DBCMTD3	5	https://amazon-berkeley-objects.s3.amazonaws.com/images/original/81/81d3c5f3.jpg
abo-B07DBCMTD3	6	https://amazon-berkeley-objects.s3.amazonaws.com/images/original/5f/5f488dbe.jpg
abo-B07DBCMTD3	7	https://amazon-berkeley-objects.s3.amazonaws.com/images/original/1d/1dfec15a.jpg
abo-B07DBCMTD3	8	https://amazon-berkeley-objects.s3.amazonaws.com/images/original/43/43c205ea.jpg
abo-B07DBCMTPC	1	https://amazon-berkeley-objects.s3.amazonaws.com/images/original/35/354bee9d.jpg
abo-B07DBCMTPC	2	https://amazon-berkeley-objects.s3.amazonaws.com/images/original/cc/cce8e336.jpg
abo-B07DBCMTPC	3	https://amazon-berkeley-objects.s3.amazonaws.com/images/original/1f/1fb8514d.jpg
abo-B07DBCMTPC	4	https://amazon-berkeley-objects.s3.amazonaws.com/images/original/88/88ae9c47.jpg
abo-B07DBCN3KB	1	https://amazon-berkeley-objects.s3.amazonaws.com/images/original/8b/8b6b3fa7.jpg
abo-B07DBCN3KB	2	https://amazon-berkeley-objects.s3.amazonaws.com/images/original/0d/0d128121.jpg
abo-B07DBCN3KB	3	https://amazon-berkeley-objects.s3.amazonaws.com/images/original/dd/ddb64372.jpg
abo-B07DBCN3KB	4	https://amazon-berkeley-objects.s3.amazonaws.com/images/original/e3/e3196cc0.jpg
abo-B07DBCN4C2	1	https://amazon-berkeley-objects.s3.amazonaws.com/images/original/5f/5f103af0.jpg
abo-B07DBCN4C2	2	https://amazon-berkeley-objects.s3.amazonaws.com/images/original/1b/1bb5f8a9.jpg
abo-B07DBCN4C2	3	https://amazon-berkeley-objects.s3.amazonaws.com/images/original/df/dfadf860.jpg
abo-B07DBCN4C2	4	https://amazon-berkeley-objects.s3.amazonaws.com/images/original/73/731bc790.jpg
abo-B07DBDRHXG	1	https://amazon-berkeley-objects.s3.amazonaws.com/images/original/4e/4e8b6af0.jpg
abo-B07DBDRHXG	2	https://amazon-berkeley-objects.s3.amazonaws.com/images/original/87/87dce5b8.jpg
abo-B07DBDRHXG	3	https://amazon-berkeley-objects.s3.amazonaws.com/images/original/c6/c62fce50.jpg
abo-B07DBDRHXG	4	https://amazon-berkeley-objects.s3.amazonaws.com/images/original/d4/d4d560d1.jpg
abo-B07DBDRMPB	1	https://amazon-berkeley-objects.s3.amazonaws.com/images/original/1c/1cf71e6f.jpg
abo-B07DBDRMPB	2	https://amazon-berkeley-objects.s3.amazonaws.com/images/original/05/053ab412.jpg
abo-B07DBDRMPB	3	https://amazon-berkeley-objects.s3.amazonaws.com/images/original/5b/5b330f7f.jpg
abo-B07DBDRMPB	4	https://amazon-berkeley-objects.s3.amazonaws.com/images/original/bc/bcf90a76.jpg
abo-B07DBDV3FH	1	https://amazon-berkeley-objects.s3.amazonaws.com/images/original/98/981466b0.jpg
abo-B07DBDV3FH	2	https://amazon-berkeley-objects.s3.amazonaws.com/images/original/02/029bf8d1.jpg
abo-B07DBDV3FH	3	https://amazon-berkeley-objects.s3.amazonaws.com/images/original/51/514ac672.jpg
abo-B07DBDV3FH	4	https://amazon-berkeley-objects.s3.amazonaws.com/images/original/fa/fa298ea6.jpg
abo-B07DBDV3FH	5	https://amazon-berkeley-objects.s3.amazonaws.com/images/original/7f/7f737167.jpg
abo-B07DBDV3FH	6	https://amazon-berkeley-objects.s3.amazonaws.com/images/original/82/821402b8.jpg
abo-B07DBDV3FH	7	https://amazon-berkeley-objects.s3.amazonaws.com/images/original/dc/dc1b5113.jpg
abo-B07DBDV3FH	8	https://amazon-berkeley-objects.s3.amazonaws.com/images/original/0c/0ccd696f.jpg
abo-B07DBDV67C	1	https://amazon-berkeley-objects.s3.amazonaws.com/images/original/5e/5ef464d8.jpg
abo-B07DBDV67C	2	https://amazon-berkeley-objects.s3.amazonaws.com/images/original/09/09e8f69d.jpg
abo-B07DBDV67C	3	https://amazon-berkeley-objects.s3.amazonaws.com/images/original/fa/facb2114.jpg
abo-B07DBDV67C	4	https://amazon-berkeley-objects.s3.amazonaws.com/images/original/38/38b2b31b.jpg
abo-B07DBDY58B	1	https://amazon-berkeley-objects.s3.amazonaws.com/images/original/fa/fa4df5eb.jpg
abo-B07DBDY58B	2	https://amazon-berkeley-objects.s3.amazonaws.com/images/original/63/6310a6af.jpg
abo-B07DBDY58B	3	https://amazon-berkeley-objects.s3.amazonaws.com/images/original/df/df38aad1.jpg
abo-B07DBDY58B	4	https://amazon-berkeley-objects.s3.amazonaws.com/images/original/fe/fee3c9d8.jpg
abo-B07DBDY58B	5	https://amazon-berkeley-objects.s3.amazonaws.com/images/original/9a/9a8375ad.jpg
abo-B07DBDY58B	6	https://amazon-berkeley-objects.s3.amazonaws.com/images/original/29/29fd4bf9.jpg
abo-B07DBDY58B	7	https://amazon-berkeley-objects.s3.amazonaws.com/images/original/0a/0ac4829f.jpg
abo-B07DBDY58B	8	https://amazon-berkeley-objects.s3.amazonaws.com/images/original/8f/8f3d7387.jpg
abo-B07DBGQDCK	1	https://amazon-berkeley-objects.s3.amazonaws.com/images/original/80/800d3c10.jpg
abo-B07DBGQDCK	2	https://amazon-berkeley-objects.s3.amazonaws.com/images/original/40/40d007f5.jpg
abo-B07DBGQDCK	3	https://amazon-berkeley-objects.s3.amazonaws.com/images/original/58/58401d49.jpg
abo-B07DBGQDCK	4	https://amazon-berkeley-objects.s3.amazonaws.com/images/original/83/83140d6c.jpg
abo-B07DBGQDCK	5	https://amazon-berkeley-objects.s3.amazonaws.com/images/original/44/44910009.jpg
abo-B07DBGQDCK	6	https://amazon-berkeley-objects.s3.amazonaws.com/images/original/fb/fb1fa041.jpg
abo-B07DBGQDCK	7	https://amazon-berkeley-objects.s3.amazonaws.com/images/original/ea/ea8968ee.jpg
abo-B07DBGQDCK	8	https://amazon-berkeley-objects.s3.amazonaws.com/images/original/43/43c205ea.jpg
abo-B07DBGWFHR	1	https://amazon-berkeley-objects.s3.amazonaws.com/images/original/07/07da4293.jpg
abo-B07DBGWFHR	2	https://amazon-berkeley-objects.s3.amazonaws.com/images/original/21/213e084a.jpg
abo-B07DBGWFHR	3	https://amazon-berkeley-objects.s3.amazonaws.com/images/original/54/5449b9ac.jpg
abo-B07DBGWFHR	4	https://amazon-berkeley-objects.s3.amazonaws.com/images/original/74/748060e8.jpg
abo-B07DBGWFHR	5	https://amazon-berkeley-objects.s3.amazonaws.com/images/original/68/683b5d12.jpg
abo-B07DBGWFHR	6	https://amazon-berkeley-objects.s3.amazonaws.com/images/original/11/11f730c5.jpg
abo-B07DBGWFHR	7	https://amazon-berkeley-objects.s3.amazonaws.com/images/original/3a/3a707f27.jpg
abo-B07DBGWFHR	8	https://amazon-berkeley-objects.s3.amazonaws.com/images/original/90/901f6c3e.jpg
abo-B07DBH531B	1	https://amazon-berkeley-objects.s3.amazonaws.com/images/original/3b/3bde2398.jpg
abo-B07DBH531B	2	https://amazon-berkeley-objects.s3.amazonaws.com/images/original/97/97737d16.jpg
abo-B07DBH531B	3	https://amazon-berkeley-objects.s3.amazonaws.com/images/original/43/43c205ea.jpg
abo-B07DBH531B	4	https://amazon-berkeley-objects.s3.amazonaws.com/images/original/db/db17bd0f.jpg
abo-B07DBH531B	5	https://amazon-berkeley-objects.s3.amazonaws.com/images/original/fd/fd37b7a3.jpg
abo-B07DBH531B	6	https://amazon-berkeley-objects.s3.amazonaws.com/images/original/f6/f6a3bea5.jpg
abo-B07DBH531B	7	https://amazon-berkeley-objects.s3.amazonaws.com/images/original/f2/f2329409.jpg
abo-B07DBH531B	8	https://amazon-berkeley-objects.s3.amazonaws.com/images/original/d5/d5d0a288.jpg
abo-B07DBHB6B5	1	https://amazon-berkeley-objects.s3.amazonaws.com/images/original/56/56162342.jpg
abo-B07DBHB6B5	2	https://amazon-berkeley-objects.s3.amazonaws.com/images/original/9f/9ff61de4.jpg
abo-B07DBHB6B5	3	https://amazon-berkeley-objects.s3.amazonaws.com/images/original/23/2372d9f5.jpg
abo-B07DBHB6B5	4	https://amazon-berkeley-objects.s3.amazonaws.com/images/original/fa/fa25744a.jpg
abo-B07DBHB6B5	5	https://amazon-berkeley-objects.s3.amazonaws.com/images/original/51/514ac672.jpg
abo-B07DBHB6B5	6	https://amazon-berkeley-objects.s3.amazonaws.com/images/original/84/84ae97d7.jpg
abo-B07DBHB6B5	7	https://amazon-berkeley-objects.s3.amazonaws.com/images/original/03/035c805e.jpg
abo-B07DBHB6B5	8	https://amazon-berkeley-objects.s3.amazonaws.com/images/original/85/85ed8abd.jpg
abo-B07DBHB6D4	1	https://amazon-berkeley-objects.s3.amazonaws.com/images/original/b4/b4ac1f53.jpg
abo-B07DBHB6D4	2	https://amazon-berkeley-objects.s3.amazonaws.com/images/original/ec/ece53c1b.jpg
abo-B07DBHB6D4	3	https://amazon-berkeley-objects.s3.amazonaws.com/images/original/51/514ac672.jpg
abo-B07DBHB6D4	4	https://amazon-berkeley-objects.s3.amazonaws.com/images/original/69/694f47d5.jpg
abo-B07DBHBB6J	1	https://amazon-berkeley-objects.s3.amazonaws.com/images/original/cf/cfdae86b.jpg
abo-B07DBHBB6J	2	https://amazon-berkeley-objects.s3.amazonaws.com/images/original/ff/ff223811.jpg
abo-B07DBHBB6J	3	https://amazon-berkeley-objects.s3.amazonaws.com/images/original/d7/d7b08cad.jpg
abo-B07DBHBB6J	4	https://amazon-berkeley-objects.s3.amazonaws.com/images/original/f2/f28534ac.jpg
abo-B07DBHBB82	1	https://amazon-berkeley-objects.s3.amazonaws.com/images/original/93/9353c7d3.jpg
abo-B07DBHBB82	2	https://amazon-berkeley-objects.s3.amazonaws.com/images/original/d1/d14af84e.jpg
abo-B07DBHBB82	3	https://amazon-berkeley-objects.s3.amazonaws.com/images/original/9f/9fd6b4a5.jpg
abo-B07DBHBB82	4	https://amazon-berkeley-objects.s3.amazonaws.com/images/original/73/736bcc82.jpg
abo-B07DBHBB82	5	https://amazon-berkeley-objects.s3.amazonaws.com/images/original/13/13f2783f.jpg
abo-B07DBHBB82	6	https://amazon-berkeley-objects.s3.amazonaws.com/images/original/7f/7f0f2b8a.jpg
abo-B07DBHBB82	7	https://amazon-berkeley-objects.s3.amazonaws.com/images/original/37/372ee38d.jpg
abo-B07DBHBB82	8	https://amazon-berkeley-objects.s3.amazonaws.com/images/original/bf/bfff25b4.jpg
abo-B07DBHBMBF	1	https://amazon-berkeley-objects.s3.amazonaws.com/images/original/c8/c8387483.jpg
abo-B07DBHBMBF	2	https://amazon-berkeley-objects.s3.amazonaws.com/images/original/ad/ad3df813.jpg
abo-B07DBHBMBF	3	https://amazon-berkeley-objects.s3.amazonaws.com/images/original/f4/f4f19dac.jpg
abo-B07DBHBMBF	4	https://amazon-berkeley-objects.s3.amazonaws.com/images/original/51/514ac672.jpg
abo-B07DBHBMBF	5	https://amazon-berkeley-objects.s3.amazonaws.com/images/original/59/5919845f.jpg
abo-B07DBHBMBF	6	https://amazon-berkeley-objects.s3.amazonaws.com/images/original/e0/e00c12b2.jpg
abo-B07DBHBMBF	7	https://amazon-berkeley-objects.s3.amazonaws.com/images/original/e8/e88842ea.jpg
abo-B07DBHBMBF	8	https://amazon-berkeley-objects.s3.amazonaws.com/images/original/25/25e40911.jpg
abo-B07DBHC36Z	1	https://amazon-berkeley-objects.s3.amazonaws.com/images/original/73/73820696.jpg
abo-B07DBHC36Z	2	https://amazon-berkeley-objects.s3.amazonaws.com/images/original/f8/f8d42985.jpg
abo-B07DBHC36Z	3	https://amazon-berkeley-objects.s3.amazonaws.com/images/original/eb/ebf24812.jpg
abo-B07DBHC36Z	4	https://amazon-berkeley-objects.s3.amazonaws.com/images/original/ee/ee0b64b1.jpg
abo-B07DBHC36Z	5	https://amazon-berkeley-objects.s3.amazonaws.com/images/original/77/777d77f9.jpg
abo-B07DBHC36Z	6	https://amazon-berkeley-objects.s3.amazonaws.com/images/original/3d/3d5489ea.jpg
abo-B07DBHC36Z	7	https://amazon-berkeley-objects.s3.amazonaws.com/images/original/1b/1ba00540.jpg
abo-B07DBHC36Z	8	https://amazon-berkeley-objects.s3.amazonaws.com/images/original/43/43c205ea.jpg
abo-B07DBHC37B	1	https://amazon-berkeley-objects.s3.amazonaws.com/images/original/0c/0cd4828b.jpg
abo-B07DBHC37B	2	https://amazon-berkeley-objects.s3.amazonaws.com/images/original/a9/a93eac87.jpg
abo-B07DBHC37B	3	https://amazon-berkeley-objects.s3.amazonaws.com/images/original/51/514ac672.jpg
abo-B07DBHC37B	4	https://amazon-berkeley-objects.s3.amazonaws.com/images/original/04/048f0c9d.jpg
abo-B07DBHC39X	1	https://amazon-berkeley-objects.s3.amazonaws.com/images/original/56/56ba597b.jpg
abo-B07DBHC39X	2	https://amazon-berkeley-objects.s3.amazonaws.com/images/original/51/514ac672.jpg
abo-B07DBHC39X	3	https://amazon-berkeley-objects.s3.amazonaws.com/images/original/bb/bb5bc1f1.jpg
abo-B07DBHC39X	4	https://amazon-berkeley-objects.s3.amazonaws.com/images/original/7f/7fff43ba.jpg
abo-B07DBHCKK5	1	https://amazon-berkeley-objects.s3.amazonaws.com/images/original/fa/face34b5.jpg
abo-B07DBHCKK5	2	https://amazon-berkeley-objects.s3.amazonaws.com/images/original/88/887509f8.jpg
abo-B07DBHCKK5	3	https://amazon-berkeley-objects.s3.amazonaws.com/images/original/e0/e019da5e.jpg
abo-B07DBHCKK5	4	https://amazon-berkeley-objects.s3.amazonaws.com/images/original/51/514ac672.jpg
abo-B07DBHCKKD	1	https://amazon-berkeley-objects.s3.amazonaws.com/images/original/c5/c54605e0.jpg
abo-B07DBHCKKD	2	https://amazon-berkeley-objects.s3.amazonaws.com/images/original/b8/b83f9aac.jpg
abo-B07DBHCKKD	3	https://amazon-berkeley-objects.s3.amazonaws.com/images/original/7c/7c2ea81b.jpg
abo-B07DBHCKKD	4	https://amazon-berkeley-objects.s3.amazonaws.com/images/original/51/514ac672.jpg
abo-B07DBHCKKD	5	https://amazon-berkeley-objects.s3.amazonaws.com/images/original/18/186de5fd.jpg
abo-B07DBHCKKD	6	https://amazon-berkeley-objects.s3.amazonaws.com/images/original/2c/2c76b8f0.jpg
abo-B07DBHCKKD	7	https://amazon-berkeley-objects.s3.amazonaws.com/images/original/f4/f40eb6a6.jpg
abo-B07DBHCKKD	8	https://amazon-berkeley-objects.s3.amazonaws.com/images/original/17/1701e376.jpg
abo-B07DBHCKKS	1	https://amazon-berkeley-objects.s3.amazonaws.com/images/original/57/5744d0ff.jpg
abo-B07DBHCKKS	2	https://amazon-berkeley-objects.s3.amazonaws.com/images/original/7a/7a7c3cbe.jpg
abo-B07DBHCKKS	3	https://amazon-berkeley-objects.s3.amazonaws.com/images/original/df/df3da1a1.jpg
abo-B07DBHCKKS	4	https://amazon-berkeley-objects.s3.amazonaws.com/images/original/12/12236603.jpg
abo-B07DBHCKML	1	https://amazon-berkeley-objects.s3.amazonaws.com/images/original/70/708e411d.jpg
abo-B07DBHCKML	2	https://amazon-berkeley-objects.s3.amazonaws.com/images/original/d6/d6b081d0.jpg
abo-B07DBHCKML	3	https://amazon-berkeley-objects.s3.amazonaws.com/images/original/5e/5ee4bfc1.jpg
abo-B07DBHCKML	4	https://amazon-berkeley-objects.s3.amazonaws.com/images/original/51/514ac672.jpg
abo-B07DBHGJ15	1	https://amazon-berkeley-objects.s3.amazonaws.com/images/original/28/288702a2.jpg
abo-B07DBHGJ15	2	https://amazon-berkeley-objects.s3.amazonaws.com/images/original/cb/cbd14d20.jpg
abo-B07DBHGJ15	3	https://amazon-berkeley-objects.s3.amazonaws.com/images/original/e1/e1f2eb1b.jpg
abo-B07DBHGJ15	4	https://amazon-berkeley-objects.s3.amazonaws.com/images/original/e3/e39d1912.jpg
abo-B07DBHKFZP	1	https://amazon-berkeley-objects.s3.amazonaws.com/images/original/0e/0e278aeb.jpg
abo-B07DBHKFZP	2	https://amazon-berkeley-objects.s3.amazonaws.com/images/original/d9/d95c657e.jpg
abo-B07DBHKFZP	3	https://amazon-berkeley-objects.s3.amazonaws.com/images/original/bc/bc249f5a.jpg
abo-B07DBHKFZP	4	https://amazon-berkeley-objects.s3.amazonaws.com/images/original/43/43c205ea.jpg
abo-B07DBHLG78	1	https://amazon-berkeley-objects.s3.amazonaws.com/images/original/ef/ef2ff632.jpg
abo-B07DBHLG78	2	https://amazon-berkeley-objects.s3.amazonaws.com/images/original/f8/f834cf87.jpg
abo-B07DBHLG78	3	https://amazon-berkeley-objects.s3.amazonaws.com/images/original/84/84d856b4.jpg
abo-B07DBHLG78	4	https://amazon-berkeley-objects.s3.amazonaws.com/images/original/e7/e7c25589.jpg
abo-B07DBHLG78	5	https://amazon-berkeley-objects.s3.amazonaws.com/images/original/27/27207c7d.jpg
abo-B07DBHLG78	6	https://amazon-berkeley-objects.s3.amazonaws.com/images/original/03/035c805e.jpg
abo-B07DBHLG78	7	https://amazon-berkeley-objects.s3.amazonaws.com/images/original/48/486bb06d.jpg
abo-B07DBHLG78	8	https://amazon-berkeley-objects.s3.amazonaws.com/images/original/43/43c205ea.jpg
abo-B07DBHLG7K	1	https://amazon-berkeley-objects.s3.amazonaws.com/images/original/bf/bf4baca8.jpg
abo-B07DBHLG7K	2	https://amazon-berkeley-objects.s3.amazonaws.com/images/original/53/538fe583.jpg
abo-B07DBHLG7K	3	https://amazon-berkeley-objects.s3.amazonaws.com/images/original/b1/b1babae5.jpg
abo-B07DBHLG7K	4	https://amazon-berkeley-objects.s3.amazonaws.com/images/original/50/50cdf1ca.jpg
abo-B07DBHLG7K	5	https://amazon-berkeley-objects.s3.amazonaws.com/images/original/e9/e93e2ba7.jpg
abo-B07DBHLG7K	6	https://amazon-berkeley-objects.s3.amazonaws.com/images/original/51/514ac672.jpg
abo-B07DBHLG7K	7	https://amazon-berkeley-objects.s3.amazonaws.com/images/original/dd/ddf6cba1.jpg
abo-B07DBHLG7K	8	https://amazon-berkeley-objects.s3.amazonaws.com/images/original/9c/9c3cd565.jpg
abo-B07DBHLX1W	1	https://amazon-berkeley-objects.s3.amazonaws.com/images/original/a6/a69ba6c8.jpg
abo-B07DBHLX1W	2	https://amazon-berkeley-objects.s3.amazonaws.com/images/original/43/43c205ea.jpg
abo-B07DBHLX1W	3	https://amazon-berkeley-objects.s3.amazonaws.com/images/original/bd/bde1d7ad.jpg
abo-B07DBHLX1W	4	https://amazon-berkeley-objects.s3.amazonaws.com/images/original/f4/f482bf48.jpg
abo-B07DBHLX1W	5	https://amazon-berkeley-objects.s3.amazonaws.com/images/original/5d/5db0d6d8.jpg
abo-B07DBHLX1W	6	https://amazon-berkeley-objects.s3.amazonaws.com/images/original/48/480e04e9.jpg
abo-B07DBHLX1W	7	https://amazon-berkeley-objects.s3.amazonaws.com/images/original/f8/f8bd9133.jpg
abo-B07DBHLX1W	8	https://amazon-berkeley-objects.s3.amazonaws.com/images/original/0c/0ccd696f.jpg
abo-B07DBHM1SZ	1	https://amazon-berkeley-objects.s3.amazonaws.com/images/original/fc/fc3e52dd.jpg
abo-B07DBHM1SZ	2	https://amazon-berkeley-objects.s3.amazonaws.com/images/original/be/beedd689.jpg
abo-B07DBHM1SZ	3	https://amazon-berkeley-objects.s3.amazonaws.com/images/original/ff/ff62d037.jpg
abo-B07DBHM1SZ	4	https://amazon-berkeley-objects.s3.amazonaws.com/images/original/ce/ce5693f9.jpg
abo-B07DBHM1SZ	5	https://amazon-berkeley-objects.s3.amazonaws.com/images/original/38/38464b3f.jpg
abo-B07DBHM1SZ	6	https://amazon-berkeley-objects.s3.amazonaws.com/images/original/6a/6a8658ab.jpg
abo-B07DBHM1SZ	7	https://amazon-berkeley-objects.s3.amazonaws.com/images/original/5c/5c5de282.jpg
abo-B07DBHM1SZ	8	https://amazon-berkeley-objects.s3.amazonaws.com/images/original/43/43c205ea.jpg
abo-B07DBHPK4G	1	https://amazon-berkeley-objects.s3.amazonaws.com/images/original/4a/4a07a487.jpg
abo-B07DBHPK4G	2	https://amazon-berkeley-objects.s3.amazonaws.com/images/original/cb/cb4e0797.jpg
abo-B07DBHPK4G	3	https://amazon-berkeley-objects.s3.amazonaws.com/images/original/a1/a1782bd7.jpg
abo-B07DBHPK4G	4	https://amazon-berkeley-objects.s3.amazonaws.com/images/original/18/1838c5e2.jpg
abo-B07DBHPK4G	5	https://amazon-berkeley-objects.s3.amazonaws.com/images/original/1c/1c2c043c.jpg
abo-B07DBHPK4G	6	https://amazon-berkeley-objects.s3.amazonaws.com/images/original/c6/c6da0a29.jpg
abo-B07DBHPK4G	7	https://amazon-berkeley-objects.s3.amazonaws.com/images/original/43/43c205ea.jpg
abo-B07DBHPK4G	8	https://amazon-berkeley-objects.s3.amazonaws.com/images/original/42/421bd3b6.jpg
abo-B07DBHPK81	1	https://amazon-berkeley-objects.s3.amazonaws.com/images/original/09/09a98da7.jpg
abo-B07DBHPK81	2	https://amazon-berkeley-objects.s3.amazonaws.com/images/original/47/477251e9.jpg
abo-B07DBHPK81	3	https://amazon-berkeley-objects.s3.amazonaws.com/images/original/2e/2ebf4a9a.jpg
abo-B07DBHPK81	4	https://amazon-berkeley-objects.s3.amazonaws.com/images/original/51/514ac672.jpg
abo-B07DBJ5X9Q	1	https://amazon-berkeley-objects.s3.amazonaws.com/images/original/6a/6a5a6954.jpg
abo-B07DBJ5X9Q	2	https://amazon-berkeley-objects.s3.amazonaws.com/images/original/92/920709f0.jpg
abo-B07DBJ5X9Q	3	https://amazon-berkeley-objects.s3.amazonaws.com/images/original/0c/0c2e6e8a.jpg
abo-B07DBJ5X9Q	4	https://amazon-berkeley-objects.s3.amazonaws.com/images/original/cc/cc1558f5.jpg
abo-B07DBJ5X9Q	5	https://amazon-berkeley-objects.s3.amazonaws.com/images/original/38/387b195d.jpg
abo-B07DBJ5X9Q	6	https://amazon-berkeley-objects.s3.amazonaws.com/images/original/83/83723f29.jpg
abo-B07DBJ5X9Q	7	https://amazon-berkeley-objects.s3.amazonaws.com/images/original/fc/fc1d8674.jpg
abo-B07DBJ5X9Q	8	https://amazon-berkeley-objects.s3.amazonaws.com/images/original/04/04b93a85.jpg
abo-B07DBJ5XCX	1	https://amazon-berkeley-objects.s3.amazonaws.com/images/original/d5/d52164da.jpg
abo-B07DBJ5XCX	2	https://amazon-berkeley-objects.s3.amazonaws.com/images/original/6f/6f4fb8b0.jpg
abo-B07DBJ5XCX	3	https://amazon-berkeley-objects.s3.amazonaws.com/images/original/ab/ab67c071.jpg
abo-B07DBJ5XCX	4	https://amazon-berkeley-objects.s3.amazonaws.com/images/original/65/650f2f44.jpg
abo-B07DBJ7P12	1	https://amazon-berkeley-objects.s3.amazonaws.com/images/original/35/356a17a0.jpg
abo-B07DBJ7P12	2	https://amazon-berkeley-objects.s3.amazonaws.com/images/original/b2/b2500099.jpg
abo-B07DBJ7P12	3	https://amazon-berkeley-objects.s3.amazonaws.com/images/original/4d/4d8b6d30.jpg
abo-B07DBJ7P12	4	https://amazon-berkeley-objects.s3.amazonaws.com/images/original/c6/c6c1300a.jpg
abo-B07DBJ965S	1	https://amazon-berkeley-objects.s3.amazonaws.com/images/original/7c/7c02f275.jpg
abo-B07DBJ965S	2	https://amazon-berkeley-objects.s3.amazonaws.com/images/original/58/58365b22.jpg
abo-B07DBJ965S	3	https://amazon-berkeley-objects.s3.amazonaws.com/images/original/a5/a55c58a9.jpg
abo-B07DBJ965S	4	https://amazon-berkeley-objects.s3.amazonaws.com/images/original/03/035c805e.jpg
abo-B07DBJJ5Q8	1	https://amazon-berkeley-objects.s3.amazonaws.com/images/original/99/9991e14d.jpg
abo-B07DBJJ5Q8	2	https://amazon-berkeley-objects.s3.amazonaws.com/images/original/13/1376893f.jpg
abo-B07DBJJ5Q8	3	https://amazon-berkeley-objects.s3.amazonaws.com/images/original/1b/1bf063bb.jpg
abo-B07DBJJ5Q8	4	https://amazon-berkeley-objects.s3.amazonaws.com/images/original/50/50bf69b2.jpg
abo-B07DBJJ5Q8	5	https://amazon-berkeley-objects.s3.amazonaws.com/images/original/f1/f168e5a9.jpg
abo-B07DBJJ5Q8	6	https://amazon-berkeley-objects.s3.amazonaws.com/images/original/51/514ac672.jpg
abo-B07DBJJ5Q8	7	https://amazon-berkeley-objects.s3.amazonaws.com/images/original/5d/5d65ddca.jpg
abo-B07DBJJ5Q8	8	https://amazon-berkeley-objects.s3.amazonaws.com/images/original/9c/9c51de4b.jpg
abo-B07DBJJ5Q9	1	https://amazon-berkeley-objects.s3.amazonaws.com/images/original/61/61f66d46.jpg
abo-B07DBJJ5Q9	2	https://amazon-berkeley-objects.s3.amazonaws.com/images/original/39/3963419e.jpg
abo-B07DBJJ5Q9	3	https://amazon-berkeley-objects.s3.amazonaws.com/images/original/ef/ef8ff695.jpg
abo-B07DBJJ5Q9	4	https://amazon-berkeley-objects.s3.amazonaws.com/images/original/1a/1a1f5bbf.jpg
abo-B07DBJJ5Q9	5	https://amazon-berkeley-objects.s3.amazonaws.com/images/original/51/514ac672.jpg
abo-B07DBJJ5Q9	6	https://amazon-berkeley-objects.s3.amazonaws.com/images/original/ba/bacf2902.jpg
abo-B07DBJJ5Q9	7	https://amazon-berkeley-objects.s3.amazonaws.com/images/original/0e/0ec8e9bd.jpg
abo-B07DBJJ5Q9	8	https://amazon-berkeley-objects.s3.amazonaws.com/images/original/18/18452999.jpg
abo-B07DBJJ5QB	1	https://amazon-berkeley-objects.s3.amazonaws.com/images/original/6f/6fc7088e.jpg
abo-B07DBJJ5QB	2	https://amazon-berkeley-objects.s3.amazonaws.com/images/original/52/52d92284.jpg
abo-B07DBJJ5QB	3	https://amazon-berkeley-objects.s3.amazonaws.com/images/original/ad/ad3655c4.jpg
abo-B07DBJJ5QB	4	https://amazon-berkeley-objects.s3.amazonaws.com/images/original/6e/6e0ab06b.jpg
abo-B07DBJJ5QB	5	https://amazon-berkeley-objects.s3.amazonaws.com/images/original/89/8936b4e1.jpg
abo-B07DBJJ5QB	6	https://amazon-berkeley-objects.s3.amazonaws.com/images/original/14/1410c178.jpg
abo-B07DBJJ5QB	7	https://amazon-berkeley-objects.s3.amazonaws.com/images/original/03/035c805e.jpg
abo-B07DBJJ5QB	8	https://amazon-berkeley-objects.s3.amazonaws.com/images/original/36/36c1fc11.jpg
abo-B07DBJJ5R9	1	https://amazon-berkeley-objects.s3.amazonaws.com/images/original/98/98426107.jpg
abo-B07DBJJ5R9	2	https://amazon-berkeley-objects.s3.amazonaws.com/images/original/20/200247ac.jpg
abo-B07DBJJ5R9	3	https://amazon-berkeley-objects.s3.amazonaws.com/images/original/87/872395cb.jpg
abo-B07DBJJ5R9	4	https://amazon-berkeley-objects.s3.amazonaws.com/images/original/2b/2b00c738.jpg
abo-B07DBJJ5R9	5	https://amazon-berkeley-objects.s3.amazonaws.com/images/original/3f/3fd2bb95.jpg
abo-B07DBJJ5R9	6	https://amazon-berkeley-objects.s3.amazonaws.com/images/original/43/43c205ea.jpg
abo-B07DBJJ5R9	7	https://amazon-berkeley-objects.s3.amazonaws.com/images/original/ae/aef8afa6.jpg
abo-B07DBJJ5R9	8	https://amazon-berkeley-objects.s3.amazonaws.com/images/original/79/795102a3.jpg
abo-B07DBJLZ6G	1	https://amazon-berkeley-objects.s3.amazonaws.com/images/original/21/21fdc519.jpg
abo-B07DBJLZ6G	2	https://amazon-berkeley-objects.s3.amazonaws.com/images/original/74/743ba80c.jpg
abo-B07DBJLZ6G	3	https://amazon-berkeley-objects.s3.amazonaws.com/images/original/f8/f8058d88.jpg
abo-B07DBJLZ6G	4	https://amazon-berkeley-objects.s3.amazonaws.com/images/original/cf/cf74b2c1.jpg
abo-B07DBJLZ7T	1	https://amazon-berkeley-objects.s3.amazonaws.com/images/original/25/25fe950d.jpg
abo-B07DBJLZ7T	2	https://amazon-berkeley-objects.s3.amazonaws.com/images/original/51/514ac672.jpg
abo-B07DBJLZ7T	3	https://amazon-berkeley-objects.s3.amazonaws.com/images/original/58/5871611d.jpg
abo-B07DBJLZ7T	4	https://amazon-berkeley-objects.s3.amazonaws.com/images/original/44/441993f6.jpg
abo-B07DBJMFZ2	1	https://amazon-berkeley-objects.s3.amazonaws.com/images/original/d5/d5fd3560.jpg
abo-B07DBJMFZ2	2	https://amazon-berkeley-objects.s3.amazonaws.com/images/original/bb/bb8f03ee.jpg
abo-B07DBJMFZ2	3	https://amazon-berkeley-objects.s3.amazonaws.com/images/original/ab/abc96ef5.jpg
abo-B07DBJMFZ2	4	https://amazon-berkeley-objects.s3.amazonaws.com/images/original/ef/efda4b22.jpg
abo-B07DBJMFZ2	5	https://amazon-berkeley-objects.s3.amazonaws.com/images/original/3a/3ae86c4f.jpg
abo-B07DBJMFZ2	6	https://amazon-berkeley-objects.s3.amazonaws.com/images/original/f0/f0a2593c.jpg
abo-B07DBJMFZ2	7	https://amazon-berkeley-objects.s3.amazonaws.com/images/original/1e/1ee539f6.jpg
abo-B07DBJMFZ2	8	https://amazon-berkeley-objects.s3.amazonaws.com/images/original/e3/e3492c2a.jpg
abo-B07DBJQC4S	1	https://amazon-berkeley-objects.s3.amazonaws.com/images/original/9c/9c81a7cf.jpg
abo-B07DBJQC4S	2	https://amazon-berkeley-objects.s3.amazonaws.com/images/original/42/42f73738.jpg
abo-B07DBJQC4S	3	https://amazon-berkeley-objects.s3.amazonaws.com/images/original/2f/2f9e193c.jpg
abo-B07DBJQC4S	4	https://amazon-berkeley-objects.s3.amazonaws.com/images/original/82/82af825d.jpg
abo-B07DBJQC4S	5	https://amazon-berkeley-objects.s3.amazonaws.com/images/original/04/04b93a85.jpg
abo-B07DBJQC4S	6	https://amazon-berkeley-objects.s3.amazonaws.com/images/original/43/43c205ea.jpg
abo-B07DBJQC4S	7	https://amazon-berkeley-objects.s3.amazonaws.com/images/original/37/370375ee.jpg
abo-B07DBJQC4S	8	https://amazon-berkeley-objects.s3.amazonaws.com/images/original/57/57bdf575.jpg
abo-B07DBJX741	1	https://amazon-berkeley-objects.s3.amazonaws.com/images/original/b9/b98d0351.jpg
abo-B07DBJX741	2	https://amazon-berkeley-objects.s3.amazonaws.com/images/original/f9/f9cb44bc.jpg
abo-B07DBJX741	3	https://amazon-berkeley-objects.s3.amazonaws.com/images/original/42/42ec7cb7.jpg
abo-B07DBJX741	4	https://amazon-berkeley-objects.s3.amazonaws.com/images/original/4b/4b642017.jpg
abo-B07DBJYDLK	1	https://amazon-berkeley-objects.s3.amazonaws.com/images/original/e2/e20101ca.jpg
abo-B07DBJYDLK	2	https://amazon-berkeley-objects.s3.amazonaws.com/images/original/51/514ac672.jpg
abo-B07DBJYDLK	3	https://amazon-berkeley-objects.s3.amazonaws.com/images/original/be/bea94966.jpg
abo-B07DBJYDLK	4	https://amazon-berkeley-objects.s3.amazonaws.com/images/original/15/1520561d.jpg
abo-B07DBJYNRH	1	https://amazon-berkeley-objects.s3.amazonaws.com/images/original/45/45b18d22.jpg
abo-B07DBJYNRH	2	https://amazon-berkeley-objects.s3.amazonaws.com/images/original/5b/5b12c626.jpg
abo-B07DBJYNRH	3	https://amazon-berkeley-objects.s3.amazonaws.com/images/original/a6/a610295f.jpg
abo-B07DBJYNRH	4	https://amazon-berkeley-objects.s3.amazonaws.com/images/original/2d/2d293ed8.jpg
abo-B07DBJYNRH	5	https://amazon-berkeley-objects.s3.amazonaws.com/images/original/95/95fdc5af.jpg
abo-B07DBJYNRH	6	https://amazon-berkeley-objects.s3.amazonaws.com/images/original/7c/7c1dcafd.jpg
abo-B07DBJYNRH	7	https://amazon-berkeley-objects.s3.amazonaws.com/images/original/03/035c805e.jpg
abo-B07DBJYNRH	8	https://amazon-berkeley-objects.s3.amazonaws.com/images/original/da/da1fa6c3.jpg
abo-B07DBK2P2G	1	https://amazon-berkeley-objects.s3.amazonaws.com/images/original/c4/c4e9a238.jpg
abo-B07DBK2P2G	2	https://amazon-berkeley-objects.s3.amazonaws.com/images/original/25/257ab4f4.jpg
abo-B07DBK2P2G	3	https://amazon-berkeley-objects.s3.amazonaws.com/images/original/f5/f5dfbe6b.jpg
abo-B07DBK2P2G	4	https://amazon-berkeley-objects.s3.amazonaws.com/images/original/51/514ac672.jpg
abo-B07DBK2P2G	5	https://amazon-berkeley-objects.s3.amazonaws.com/images/original/fb/fb042efa.jpg
abo-B07DBK2P2G	6	https://amazon-berkeley-objects.s3.amazonaws.com/images/original/6b/6b1c12ce.jpg
abo-B07DBK2P2G	7	https://amazon-berkeley-objects.s3.amazonaws.com/images/original/04/04b93a85.jpg
abo-B07DBK2P2G	8	https://amazon-berkeley-objects.s3.amazonaws.com/images/original/2c/2cb7f5ac.jpg
abo-B07DBK2YGX	1	https://amazon-berkeley-objects.s3.amazonaws.com/images/original/7a/7afc51a2.jpg
abo-B07DBK2YGX	2	https://amazon-berkeley-objects.s3.amazonaws.com/images/original/bc/bc40a504.jpg
abo-B07DBK2YGX	3	https://amazon-berkeley-objects.s3.amazonaws.com/images/original/45/4506634f.jpg
abo-B07DBK2YGX	4	https://amazon-berkeley-objects.s3.amazonaws.com/images/original/9f/9f208654.jpg
abo-B07DBK7KH8	1	https://amazon-berkeley-objects.s3.amazonaws.com/images/original/e5/e5daa7ec.jpg
abo-B07DBK7KH8	2	https://amazon-berkeley-objects.s3.amazonaws.com/images/original/f9/f927d3ed.jpg
abo-B07DBK7KH8	3	https://amazon-berkeley-objects.s3.amazonaws.com/images/original/cd/cdccbe78.jpg
abo-B07DBK7KH8	4	https://amazon-berkeley-objects.s3.amazonaws.com/images/original/00/003ac4b0.jpg
abo-B07DBK7KKZ	1	https://amazon-berkeley-objects.s3.amazonaws.com/images/original/35/35a55ab7.jpg
abo-B07DBK7KKZ	2	https://amazon-berkeley-objects.s3.amazonaws.com/images/original/a7/a7ea04f4.jpg
abo-B07DBK7KKZ	3	https://amazon-berkeley-objects.s3.amazonaws.com/images/original/f9/f91adfc5.jpg
abo-B07DBK7KKZ	4	https://amazon-berkeley-objects.s3.amazonaws.com/images/original/32/321bdf50.jpg
abo-B07DBK7NFM	1	https://amazon-berkeley-objects.s3.amazonaws.com/images/original/f9/f9f5983b.jpg
abo-B07DBK7NFM	2	https://amazon-berkeley-objects.s3.amazonaws.com/images/original/69/69b3c0b7.jpg
abo-B07DBK7NFM	3	https://amazon-berkeley-objects.s3.amazonaws.com/images/original/06/0649fdbe.jpg
abo-B07DBK7NFM	4	https://amazon-berkeley-objects.s3.amazonaws.com/images/original/df/dfd7e5e5.jpg
abo-B07DBKYHFP	1	https://amazon-berkeley-objects.s3.amazonaws.com/images/original/11/110e2791.jpg
abo-B07DBKYHFP	2	https://amazon-berkeley-objects.s3.amazonaws.com/images/original/76/767f9c8e.jpg
abo-B07DBKYHFP	3	https://amazon-berkeley-objects.s3.amazonaws.com/images/original/e2/e2e98505.jpg
abo-B07DBKYHFP	4	https://amazon-berkeley-objects.s3.amazonaws.com/images/original/a9/a99f998b.jpg
abo-B07DL4Y9G4	1	https://amazon-berkeley-objects.s3.amazonaws.com/images/original/ec/ecb148c9.jpg
abo-B07DL4Y9G4	2	https://amazon-berkeley-objects.s3.amazonaws.com/images/original/40/40c7ee6d.jpg
abo-B07DL4Y9G4	3	https://amazon-berkeley-objects.s3.amazonaws.com/images/original/cb/cbb19a80.jpg
abo-B07DL4Y9G4	4	https://amazon-berkeley-objects.s3.amazonaws.com/images/original/c2/c2cb35e4.jpg
abo-B07DL8RJ4Q	1	https://amazon-berkeley-objects.s3.amazonaws.com/images/original/ec/ecb148c9.jpg
abo-B07DL8RJ4Q	2	https://amazon-berkeley-objects.s3.amazonaws.com/images/original/cb/cbb19a80.jpg
abo-B07DL8RJ4Q	3	https://amazon-berkeley-objects.s3.amazonaws.com/images/original/f6/f64457b1.jpg
abo-B07DL8RJ4Q	4	https://amazon-berkeley-objects.s3.amazonaws.com/images/original/6e/6e606f97.jpg
abo-B07DPYPV8F	1	https://amazon-berkeley-objects.s3.amazonaws.com/images/original/d4/d495ff50.jpg
abo-B07DPYPV8F	2	https://amazon-berkeley-objects.s3.amazonaws.com/images/original/d8/d8a511ae.jpg
abo-B07DPYPV8F	3	https://amazon-berkeley-objects.s3.amazonaws.com/images/original/35/3503e080.jpg
abo-B07DPYPV8F	4	https://amazon-berkeley-objects.s3.amazonaws.com/images/original/6f/6f9cc0cf.jpg
abo-B07DT4GYNL	1	https://amazon-berkeley-objects.s3.amazonaws.com/images/original/45/45f8567e.jpg
abo-B07DT4GYNL	2	https://amazon-berkeley-objects.s3.amazonaws.com/images/original/e3/e3ee8e18.jpg
abo-B07DT4GYNL	3	https://amazon-berkeley-objects.s3.amazonaws.com/images/original/46/465ff9c8.jpg
abo-B07DT4GYNL	4	https://amazon-berkeley-objects.s3.amazonaws.com/images/original/fb/fbf47c09.jpg
abo-B07DT4GYNW	1	https://amazon-berkeley-objects.s3.amazonaws.com/images/original/90/90a4d1c2.jpg
abo-B07DT4GYNW	2	https://amazon-berkeley-objects.s3.amazonaws.com/images/original/af/afa337ca.jpg
abo-B07DT4GYNW	3	https://amazon-berkeley-objects.s3.amazonaws.com/images/original/35/3574ee8d.jpg
abo-B07DT4GYNW	4	https://amazon-berkeley-objects.s3.amazonaws.com/images/original/de/de88fba5.jpg
abo-B07DT4GYP3	1	https://amazon-berkeley-objects.s3.amazonaws.com/images/original/d1/d1c01a9f.jpg
abo-B07DT4GYP3	2	https://amazon-berkeley-objects.s3.amazonaws.com/images/original/e6/e618734b.jpg
abo-B07DT4GYP3	3	https://amazon-berkeley-objects.s3.amazonaws.com/images/original/29/29e6fc84.jpg
abo-B07DT4GYP3	4	https://amazon-berkeley-objects.s3.amazonaws.com/images/original/a0/a0ebdd67.jpg
abo-B07DT4GYP3	5	https://amazon-berkeley-objects.s3.amazonaws.com/images/original/88/88b79c27.jpg
abo-B07DT4GYP3	6	https://amazon-berkeley-objects.s3.amazonaws.com/images/original/a3/a3335eff.jpg
abo-B07DT4GYP3	7	https://amazon-berkeley-objects.s3.amazonaws.com/images/original/51/51751de9.jpg
abo-B07DT4GYP3	8	https://amazon-berkeley-objects.s3.amazonaws.com/images/original/c4/c448207e.jpg
abo-B07DT6B843	1	https://amazon-berkeley-objects.s3.amazonaws.com/images/original/d6/d6409f7e.jpg
abo-B07DT6B843	2	https://amazon-berkeley-objects.s3.amazonaws.com/images/original/e5/e5d964c8.jpg
abo-B07DT6B843	3	https://amazon-berkeley-objects.s3.amazonaws.com/images/original/2b/2bfc7e6c.jpg
abo-B07DT6B843	4	https://amazon-berkeley-objects.s3.amazonaws.com/images/original/0e/0e843ac1.jpg
abo-B07DT6BB62	1	https://amazon-berkeley-objects.s3.amazonaws.com/images/original/49/498ef030.jpg
abo-B07DT6BB62	2	https://amazon-berkeley-objects.s3.amazonaws.com/images/original/88/88b79c27.jpg
abo-B07DT6BB62	3	https://amazon-berkeley-objects.s3.amazonaws.com/images/original/51/516f5dff.jpg
abo-B07DT6BB62	4	https://amazon-berkeley-objects.s3.amazonaws.com/images/original/01/013d1e13.jpg
abo-B07DT8F9D3	1	https://amazon-berkeley-objects.s3.amazonaws.com/images/original/3a/3aaae9fb.jpg
abo-B07DT8F9D3	2	https://amazon-berkeley-objects.s3.amazonaws.com/images/original/51/514ac672.jpg
abo-B07DT8F9D3	3	https://amazon-berkeley-objects.s3.amazonaws.com/images/original/1c/1c6595be.jpg
abo-B07DT8F9D3	4	https://amazon-berkeley-objects.s3.amazonaws.com/images/original/98/9815f8ac.jpg
abo-B07DT8F9D3	5	https://amazon-berkeley-objects.s3.amazonaws.com/images/original/04/04b93a85.jpg
abo-B07DT8F9D3	6	https://amazon-berkeley-objects.s3.amazonaws.com/images/original/0e/0e9d973a.jpg
abo-B07DT8F9D3	7	https://amazon-berkeley-objects.s3.amazonaws.com/images/original/92/92762dc7.jpg
abo-B07DT8F9D3	8	https://amazon-berkeley-objects.s3.amazonaws.com/images/original/23/234de646.jpg
abo-B07DTFBCZN	1	https://amazon-berkeley-objects.s3.amazonaws.com/images/original/ef/ef958301.jpg
abo-B07DTFBCZN	2	https://amazon-berkeley-objects.s3.amazonaws.com/images/original/73/734c36a1.jpg
abo-B07DTFBCZN	3	https://amazon-berkeley-objects.s3.amazonaws.com/images/original/c9/c96d7cea.jpg
abo-B07DTFBCZN	4	https://amazon-berkeley-objects.s3.amazonaws.com/images/original/c2/c2f7ca55.jpg
abo-B07DTFBDTH	1	https://amazon-berkeley-objects.s3.amazonaws.com/images/original/e3/e3cb7651.jpg
abo-B07DTFBDTH	2	https://amazon-berkeley-objects.s3.amazonaws.com/images/original/98/981fe6c6.jpg
abo-B07DTFBDTH	3	https://amazon-berkeley-objects.s3.amazonaws.com/images/original/73/73eccc51.jpg
abo-B07DTFBDTH	4	https://amazon-berkeley-objects.s3.amazonaws.com/images/original/85/85c5b137.jpg
abo-B07DTLWJ8F	1	https://amazon-berkeley-objects.s3.amazonaws.com/images/original/c0/c020fe34.jpg
abo-B07DTLWJ8F	2	https://amazon-berkeley-objects.s3.amazonaws.com/images/original/b5/b578e95c.jpg
abo-B07DTLWJ8F	3	https://amazon-berkeley-objects.s3.amazonaws.com/images/original/c7/c73ce209.jpg
abo-B07DTLWJ8F	4	https://amazon-berkeley-objects.s3.amazonaws.com/images/original/66/66442a4b.jpg
abo-B07DTLWMPB	1	https://amazon-berkeley-objects.s3.amazonaws.com/images/original/5e/5e36da5d.jpg
abo-B07DTLWMPB	2	https://amazon-berkeley-objects.s3.amazonaws.com/images/original/c2/c2f7af8d.jpg
abo-B07DTLWMPB	3	https://amazon-berkeley-objects.s3.amazonaws.com/images/original/54/546b4e82.jpg
abo-B07DTLWMPB	4	https://amazon-berkeley-objects.s3.amazonaws.com/images/original/a7/a7ae9856.jpg
abo-B07DTLWMPR	1	https://amazon-berkeley-objects.s3.amazonaws.com/images/original/db/dbb50742.jpg
abo-B07DTLWMPR	2	https://amazon-berkeley-objects.s3.amazonaws.com/images/original/98/98c55a8e.jpg
abo-B07DTLWMPR	3	https://amazon-berkeley-objects.s3.amazonaws.com/images/original/c4/c49b307a.jpg
abo-B07DTLWMPR	4	https://amazon-berkeley-objects.s3.amazonaws.com/images/original/0d/0d1c115e.jpg
abo-B07DWHQPCQ	1	https://amazon-berkeley-objects.s3.amazonaws.com/images/original/02/028b1fcf.jpg
abo-B07DWHQPCQ	2	https://amazon-berkeley-objects.s3.amazonaws.com/images/original/f8/f8058d88.jpg
abo-B07DWHQPCQ	3	https://amazon-berkeley-objects.s3.amazonaws.com/images/original/12/122cc8ce.jpg
abo-B07DWHQPCQ	4	https://amazon-berkeley-objects.s3.amazonaws.com/images/original/30/30286b54.jpg
abo-B07F2861D1	1	https://amazon-berkeley-objects.s3.amazonaws.com/images/original/ad/ad95695d.jpg
abo-B07F2861D1	2	https://amazon-berkeley-objects.s3.amazonaws.com/images/original/f1/f1cc486f.jpg
abo-B07F2861D1	3	https://amazon-berkeley-objects.s3.amazonaws.com/images/original/72/725517c9.jpg
abo-B07F2861D1	4	https://amazon-berkeley-objects.s3.amazonaws.com/images/original/3d/3dfa800e.jpg
abo-B07F2861D1	5	https://amazon-berkeley-objects.s3.amazonaws.com/images/original/b2/b28c18c7.jpg
abo-B07F2861D1	6	https://amazon-berkeley-objects.s3.amazonaws.com/images/original/14/14497180.jpg
abo-B07F2861D1	7	https://amazon-berkeley-objects.s3.amazonaws.com/images/original/05/053625e7.jpg
abo-B07F2861D1	8	https://amazon-berkeley-objects.s3.amazonaws.com/images/original/51/51fd449b.jpg
abo-B07F2861DT	1	https://amazon-berkeley-objects.s3.amazonaws.com/images/original/4b/4b3e4603.jpg
abo-B07F2861DT	2	https://amazon-berkeley-objects.s3.amazonaws.com/images/original/3e/3e296961.jpg
abo-B07F2861DT	3	https://amazon-berkeley-objects.s3.amazonaws.com/images/original/36/362f3143.jpg
abo-B07F2861DT	4	https://amazon-berkeley-objects.s3.amazonaws.com/images/original/4b/4b6ad1a1.jpg
abo-B07F2861DT	5	https://amazon-berkeley-objects.s3.amazonaws.com/images/original/2a/2ad12f66.jpg
abo-B07F2861DT	6	https://amazon-berkeley-objects.s3.amazonaws.com/images/original/80/80d6d2c7.jpg
abo-B07F2861DT	7	https://amazon-berkeley-objects.s3.amazonaws.com/images/original/6c/6cf019a6.jpg
abo-B07F2861DT	8	https://amazon-berkeley-objects.s3.amazonaws.com/images/original/47/47a8f9dd.jpg
abo-B07F288Z15	1	https://amazon-berkeley-objects.s3.amazonaws.com/images/original/a1/a1159d4b.jpg
abo-B07F288Z15	2	https://amazon-berkeley-objects.s3.amazonaws.com/images/original/ea/ea64ccf1.jpg
abo-B07F288Z15	3	https://amazon-berkeley-objects.s3.amazonaws.com/images/original/11/119f273a.jpg
abo-B07F288Z15	4	https://amazon-berkeley-objects.s3.amazonaws.com/images/original/41/41cf2fd0.jpg
abo-B07F288Z15	5	https://amazon-berkeley-objects.s3.amazonaws.com/images/original/bc/bc7c1249.jpg
abo-B07F288Z15	6	https://amazon-berkeley-objects.s3.amazonaws.com/images/original/78/78804910.jpg
abo-B07F288Z15	7	https://amazon-berkeley-objects.s3.amazonaws.com/images/original/67/6784303b.jpg
abo-B07F288Z15	8	https://amazon-berkeley-objects.s3.amazonaws.com/images/original/1d/1dc96167.jpg
abo-B07F288Z1B	1	https://amazon-berkeley-objects.s3.amazonaws.com/images/original/b1/b1e924a8.jpg
abo-B07F288Z1B	2	https://amazon-berkeley-objects.s3.amazonaws.com/images/original/6c/6c3737f0.jpg
abo-B07F288Z1B	3	https://amazon-berkeley-objects.s3.amazonaws.com/images/original/06/065b771e.jpg
abo-B07F288Z1B	4	https://amazon-berkeley-objects.s3.amazonaws.com/images/original/a5/a5d6dbb0.jpg
abo-B07F288Z1B	5	https://amazon-berkeley-objects.s3.amazonaws.com/images/original/43/432a40e1.jpg
abo-B07F288Z1B	6	https://amazon-berkeley-objects.s3.amazonaws.com/images/original/fb/fb86d88e.jpg
abo-B07F288Z1B	7	https://amazon-berkeley-objects.s3.amazonaws.com/images/original/33/33565dbe.jpg
abo-B07F288Z1B	8	https://amazon-berkeley-objects.s3.amazonaws.com/images/original/e2/e2be2943.jpg
abo-B07F2C56GV	1	https://amazon-berkeley-objects.s3.amazonaws.com/images/original/5b/5b4ec228.jpg
abo-B07F2C56GV	2	https://amazon-berkeley-objects.s3.amazonaws.com/images/original/94/94b797e6.jpg
abo-B07F2C56GV	3	https://amazon-berkeley-objects.s3.amazonaws.com/images/original/57/570cfd86.jpg
abo-B07F2C56GV	4	https://amazon-berkeley-objects.s3.amazonaws.com/images/original/db/db1970a6.jpg
abo-B07F2C69RP	1	https://amazon-berkeley-objects.s3.amazonaws.com/images/original/2d/2dbc010a.jpg
abo-B07F2C69RP	2	https://amazon-berkeley-objects.s3.amazonaws.com/images/original/a3/a3528ff2.jpg
abo-B07F2C69RP	3	https://amazon-berkeley-objects.s3.amazonaws.com/images/original/63/63a9e1c3.jpg
abo-B07F2C69RP	4	https://amazon-berkeley-objects.s3.amazonaws.com/images/original/39/397b705d.jpg
abo-B07F2C69RP	5	https://amazon-berkeley-objects.s3.amazonaws.com/images/original/25/25008a71.jpg
abo-B07F2C69RP	6	https://amazon-berkeley-objects.s3.amazonaws.com/images/original/d8/d8e9c6cd.jpg
abo-B07F2C69RP	7	https://amazon-berkeley-objects.s3.amazonaws.com/images/original/76/767ca1e7.jpg
abo-B07F2C69RP	8	https://amazon-berkeley-objects.s3.amazonaws.com/images/original/00/005ece1b.jpg
abo-B07F2C7GQN	1	https://amazon-berkeley-objects.s3.amazonaws.com/images/original/be/be221de3.jpg
abo-B07F2C7GQN	2	https://amazon-berkeley-objects.s3.amazonaws.com/images/original/d1/d12bf560.jpg
abo-B07F2C7GQN	3	https://amazon-berkeley-objects.s3.amazonaws.com/images/original/53/53060571.jpg
abo-B07F2C7GQN	4	https://amazon-berkeley-objects.s3.amazonaws.com/images/original/a3/a3d885dc.jpg
abo-B07F2C7GQN	5	https://amazon-berkeley-objects.s3.amazonaws.com/images/original/95/958f34b4.jpg
abo-B07F2C7GQN	6	https://amazon-berkeley-objects.s3.amazonaws.com/images/original/bc/bc450476.jpg
abo-B07F2C7GQN	7	https://amazon-berkeley-objects.s3.amazonaws.com/images/original/a1/a1d43a19.jpg
abo-B07F2C7GQN	8	https://amazon-berkeley-objects.s3.amazonaws.com/images/original/e7/e75f4257.jpg
abo-B07F2C7JK4	1	https://amazon-berkeley-objects.s3.amazonaws.com/images/original/6f/6f712026.jpg
abo-B07F2C7JK4	2	https://amazon-berkeley-objects.s3.amazonaws.com/images/original/78/787b9f14.jpg
abo-B07F2C7JK4	3	https://amazon-berkeley-objects.s3.amazonaws.com/images/original/45/4536e949.jpg
abo-B07F2C7JK4	4	https://amazon-berkeley-objects.s3.amazonaws.com/images/original/d4/d47b313d.jpg
abo-B07F2C7JK4	5	https://amazon-berkeley-objects.s3.amazonaws.com/images/original/db/db51464b.jpg
abo-B07F2C7JK4	6	https://amazon-berkeley-objects.s3.amazonaws.com/images/original/27/27e0386f.jpg
abo-B07F2C7JK4	7	https://amazon-berkeley-objects.s3.amazonaws.com/images/original/90/90504b6e.jpg
abo-B07F2C7JK4	8	https://amazon-berkeley-objects.s3.amazonaws.com/images/original/a5/a5dd1ad1.jpg
abo-B07F2C7R19	1	https://amazon-berkeley-objects.s3.amazonaws.com/images/original/2c/2c2166f4.jpg
abo-B07F2C7R19	2	https://amazon-berkeley-objects.s3.amazonaws.com/images/original/63/6385aadb.jpg
abo-B07F2C7R19	3	https://amazon-berkeley-objects.s3.amazonaws.com/images/original/c4/c40e1cee.jpg
abo-B07F2C7R19	4	https://amazon-berkeley-objects.s3.amazonaws.com/images/original/27/27d607d2.jpg
abo-B07F2C7R19	5	https://amazon-berkeley-objects.s3.amazonaws.com/images/original/d1/d1033431.jpg
abo-B07F2C7R19	6	https://amazon-berkeley-objects.s3.amazonaws.com/images/original/bb/bb0947a4.jpg
abo-B07F2C7R19	7	https://amazon-berkeley-objects.s3.amazonaws.com/images/original/01/01effee9.jpg
abo-B07F2C7R19	8	https://amazon-berkeley-objects.s3.amazonaws.com/images/original/16/16e23de2.jpg
abo-B07F2C7S5N	1	https://amazon-berkeley-objects.s3.amazonaws.com/images/original/14/1455f169.jpg
abo-B07F2C7S5N	2	https://amazon-berkeley-objects.s3.amazonaws.com/images/original/d0/d06941ec.jpg
abo-B07F2C7S5N	3	https://amazon-berkeley-objects.s3.amazonaws.com/images/original/5d/5d000279.jpg
abo-B07F2C7S5N	4	https://amazon-berkeley-objects.s3.amazonaws.com/images/original/f7/f7a847e2.jpg
abo-B07F2C7S5N	5	https://amazon-berkeley-objects.s3.amazonaws.com/images/original/c1/c113e202.jpg
abo-B07F2C7S5N	6	https://amazon-berkeley-objects.s3.amazonaws.com/images/original/83/830db4bc.jpg
abo-B07F2C7S5N	7	https://amazon-berkeley-objects.s3.amazonaws.com/images/original/a4/a49e97b5.jpg
abo-B07F2C7S5N	8	https://amazon-berkeley-objects.s3.amazonaws.com/images/original/50/50764b7f.jpg
abo-B07F2C8L4M	1	https://amazon-berkeley-objects.s3.amazonaws.com/images/original/06/06c6b92b.jpg
abo-B07F2C8L4M	2	https://amazon-berkeley-objects.s3.amazonaws.com/images/original/c8/c87e54fd.jpg
abo-B07F2C8L4M	3	https://amazon-berkeley-objects.s3.amazonaws.com/images/original/41/41dbd3d8.jpg
abo-B07F2C8L4M	4	https://amazon-berkeley-objects.s3.amazonaws.com/images/original/c9/c9bacfd8.jpg
abo-B07F2C8L4M	5	https://amazon-berkeley-objects.s3.amazonaws.com/images/original/be/be743e26.jpg
abo-B07F2C8L4M	6	https://amazon-berkeley-objects.s3.amazonaws.com/images/original/2e/2ed57ef9.jpg
abo-B07F2C8L4M	7	https://amazon-berkeley-objects.s3.amazonaws.com/images/original/db/db9fc46c.jpg
abo-B07F2C8L4M	8	https://amazon-berkeley-objects.s3.amazonaws.com/images/original/b3/b36472d4.jpg
abo-B07F2C8MN6	1	https://amazon-berkeley-objects.s3.amazonaws.com/images/original/e2/e2f12943.jpg
abo-B07F2C8MN6	2	https://amazon-berkeley-objects.s3.amazonaws.com/images/original/bb/bb74166e.jpg
abo-B07F2C8MN6	3	https://amazon-berkeley-objects.s3.amazonaws.com/images/original/55/5580461a.jpg
abo-B07F2C8MN6	4	https://amazon-berkeley-objects.s3.amazonaws.com/images/original/70/702823cd.jpg
abo-B07F2C8MN6	5	https://amazon-berkeley-objects.s3.amazonaws.com/images/original/86/867d6536.jpg
abo-B07F2C8MN6	6	https://amazon-berkeley-objects.s3.amazonaws.com/images/original/36/36bd46ce.jpg
abo-B07F2C8MN6	7	https://amazon-berkeley-objects.s3.amazonaws.com/images/original/f6/f613bf1c.jpg
abo-B07F2C8MN6	8	https://amazon-berkeley-objects.s3.amazonaws.com/images/original/6d/6d70be52.jpg
abo-B07F2C9CLC	1	https://amazon-berkeley-objects.s3.amazonaws.com/images/original/be/be4a44d8.jpg
abo-B07F2C9CLC	2	https://amazon-berkeley-objects.s3.amazonaws.com/images/original/be/bef7dc5e.jpg
abo-B07F2C9CLC	3	https://amazon-berkeley-objects.s3.amazonaws.com/images/original/78/78a927a7.jpg
abo-B07F2C9CLC	4	https://amazon-berkeley-objects.s3.amazonaws.com/images/original/02/02b2d7ee.jpg
abo-B07F2C9CLC	5	https://amazon-berkeley-objects.s3.amazonaws.com/images/original/3d/3d5ccb26.jpg
abo-B07F2C9CLC	6	https://amazon-berkeley-objects.s3.amazonaws.com/images/original/81/81921ae7.jpg
abo-B07F2C9CLC	7	https://amazon-berkeley-objects.s3.amazonaws.com/images/original/46/464271ed.jpg
abo-B07F2C9CLC	8	https://amazon-berkeley-objects.s3.amazonaws.com/images/original/9e/9e3cf997.jpg
abo-B07F2CBRRY	1	https://amazon-berkeley-objects.s3.amazonaws.com/images/original/d4/d47e63bf.jpg
abo-B07F2CBRRY	2	https://amazon-berkeley-objects.s3.amazonaws.com/images/original/85/852cfad4.jpg
abo-B07F2CBRRY	3	https://amazon-berkeley-objects.s3.amazonaws.com/images/original/2c/2c9435db.jpg
abo-B07F2CBRRY	4	https://amazon-berkeley-objects.s3.amazonaws.com/images/original/37/3742e5e7.jpg
abo-B07F2CBRRY	5	https://amazon-berkeley-objects.s3.amazonaws.com/images/original/94/94c3da61.jpg
abo-B07F2CBRRY	6	https://amazon-berkeley-objects.s3.amazonaws.com/images/original/0e/0ee41de1.jpg
abo-B07F2CBRRY	7	https://amazon-berkeley-objects.s3.amazonaws.com/images/original/b7/b77aa0de.jpg
abo-B07F2CBRRY	8	https://amazon-berkeley-objects.s3.amazonaws.com/images/original/9a/9aa82056.jpg
abo-B07F2CDDC4	1	https://amazon-berkeley-objects.s3.amazonaws.com/images/original/e9/e9d4dbc7.jpg
abo-B07F2CDDC4	2	https://amazon-berkeley-objects.s3.amazonaws.com/images/original/07/078526b9.jpg
abo-B07F2CDDC4	3	https://amazon-berkeley-objects.s3.amazonaws.com/images/original/5e/5e5a839f.jpg
abo-B07F2CDDC4	4	https://amazon-berkeley-objects.s3.amazonaws.com/images/original/e2/e28aaf03.jpg
abo-B07F2CDDC4	5	https://amazon-berkeley-objects.s3.amazonaws.com/images/original/b2/b22f4dcf.jpg
abo-B07F2CDDC4	6	https://amazon-berkeley-objects.s3.amazonaws.com/images/original/0f/0f7f5b28.jpg
abo-B07F2CDDC4	7	https://amazon-berkeley-objects.s3.amazonaws.com/images/original/bc/bcffea77.jpg
abo-B07F2CDDC4	8	https://amazon-berkeley-objects.s3.amazonaws.com/images/original/b0/b05af468.jpg
abo-B07F2F2J1Y	1	https://amazon-berkeley-objects.s3.amazonaws.com/images/original/dd/ddf27d71.jpg
abo-B07F2F2J1Y	2	https://amazon-berkeley-objects.s3.amazonaws.com/images/original/8f/8f779433.jpg
abo-B07F2F2J1Y	3	https://amazon-berkeley-objects.s3.amazonaws.com/images/original/67/67989d85.jpg
abo-B07F2F2J1Y	4	https://amazon-berkeley-objects.s3.amazonaws.com/images/original/1e/1e4f6012.jpg
abo-B07F2F2J1Y	5	https://amazon-berkeley-objects.s3.amazonaws.com/images/original/4c/4cec2c3b.jpg
abo-B07F2F2J1Y	6	https://amazon-berkeley-objects.s3.amazonaws.com/images/original/db/db6e2591.jpg
abo-B07F2F2J1Y	7	https://amazon-berkeley-objects.s3.amazonaws.com/images/original/bc/bc914020.jpg
abo-B07F2F2J1Y	8	https://amazon-berkeley-objects.s3.amazonaws.com/images/original/4a/4aba1126.jpg
abo-B07F2F65M3	1	https://amazon-berkeley-objects.s3.amazonaws.com/images/original/ec/ec1a0cac.jpg
abo-B07F2F65M3	2	https://amazon-berkeley-objects.s3.amazonaws.com/images/original/35/35af5ae4.jpg
abo-B07F2F65M3	3	https://amazon-berkeley-objects.s3.amazonaws.com/images/original/92/92f737b6.jpg
abo-B07F2F65M3	4	https://amazon-berkeley-objects.s3.amazonaws.com/images/original/43/43b2e886.jpg
abo-B07F2F65M3	5	https://amazon-berkeley-objects.s3.amazonaws.com/images/original/4f/4f8bba11.jpg
abo-B07F2F65M3	6	https://amazon-berkeley-objects.s3.amazonaws.com/images/original/06/0605651e.jpg
abo-B07F2F65M3	7	https://amazon-berkeley-objects.s3.amazonaws.com/images/original/1d/1d530450.jpg
abo-B07F2F65M3	8	https://amazon-berkeley-objects.s3.amazonaws.com/images/original/44/44362641.jpg
abo-B07F2NC17N	1	https://amazon-berkeley-objects.s3.amazonaws.com/images/original/2c/2c35069a.jpg
abo-B07F2NC17N	2	https://amazon-berkeley-objects.s3.amazonaws.com/images/original/3c/3c9a999d.jpg
abo-B07F2NC17N	3	https://amazon-berkeley-objects.s3.amazonaws.com/images/original/3d/3dcab664.jpg
abo-B07F2NC17N	4	https://amazon-berkeley-objects.s3.amazonaws.com/images/original/cc/ccc59a28.jpg
abo-B07F2NC17N	5	https://amazon-berkeley-objects.s3.amazonaws.com/images/original/54/54e72ab0.jpg
abo-B07F2NC17N	6	https://amazon-berkeley-objects.s3.amazonaws.com/images/original/0b/0b515a4b.jpg
abo-B07F2NC17N	7	https://amazon-berkeley-objects.s3.amazonaws.com/images/original/5a/5a0aae12.jpg
abo-B07F2NC17N	8	https://amazon-berkeley-objects.s3.amazonaws.com/images/original/83/83c74a14.jpg
abo-B07F2R9T6R	1	https://amazon-berkeley-objects.s3.amazonaws.com/images/original/a0/a09474a4.jpg
abo-B07F2R9T6R	2	https://amazon-berkeley-objects.s3.amazonaws.com/images/original/e2/e2dbe4d3.jpg
abo-B07F2R9T6R	3	https://amazon-berkeley-objects.s3.amazonaws.com/images/original/f0/f0c587cd.jpg
abo-B07F2R9T6R	4	https://amazon-berkeley-objects.s3.amazonaws.com/images/original/e1/e1cf6634.jpg
abo-B07F2R9T6R	5	https://amazon-berkeley-objects.s3.amazonaws.com/images/original/cb/cbb8397d.jpg
abo-B07F2R9T6R	6	https://amazon-berkeley-objects.s3.amazonaws.com/images/original/aa/aaab90da.jpg
abo-B07F2R9T6R	7	https://amazon-berkeley-objects.s3.amazonaws.com/images/original/68/6867b2a6.jpg
abo-B07F2R9T6R	8	https://amazon-berkeley-objects.s3.amazonaws.com/images/original/7d/7d0b0cf1.jpg
abo-B07F9X919G	1	https://amazon-berkeley-objects.s3.amazonaws.com/images/original/cb/cb7d5cd8.jpg
abo-B07F9X919G	2	https://amazon-berkeley-objects.s3.amazonaws.com/images/original/f8/f8058d88.jpg
abo-B07F9X919G	3	https://amazon-berkeley-objects.s3.amazonaws.com/images/original/ca/ca113d64.jpg
abo-B07F9X919G	4	https://amazon-berkeley-objects.s3.amazonaws.com/images/original/11/113a30cd.jpg
abo-B07FBFKG9L	1	https://amazon-berkeley-objects.s3.amazonaws.com/images/original/94/941a72e1.jpg
abo-B07FBFKG9L	2	https://amazon-berkeley-objects.s3.amazonaws.com/images/original/54/5406494c.jpg
abo-B07FBFKG9L	3	https://amazon-berkeley-objects.s3.amazonaws.com/images/original/16/1676b8f8.jpg
abo-B07FBFKG9L	4	https://amazon-berkeley-objects.s3.amazonaws.com/images/original/75/756bb76f.jpg
abo-B07FFF42D9	1	https://amazon-berkeley-objects.s3.amazonaws.com/images/original/f9/f99c5bce.jpg
abo-B07FFF42D9	2	https://amazon-berkeley-objects.s3.amazonaws.com/images/original/25/254ca33c.jpg
abo-B07FFF42D9	3	https://amazon-berkeley-objects.s3.amazonaws.com/images/original/18/1811c5c0.jpg
abo-B07FFF42D9	4	https://amazon-berkeley-objects.s3.amazonaws.com/images/original/d9/d908506c.jpg
abo-B07FG2R4H7	1	https://amazon-berkeley-objects.s3.amazonaws.com/images/original/43/4365dcda.jpg
abo-B07FG2R4H7	2	https://amazon-berkeley-objects.s3.amazonaws.com/images/original/1d/1d4153af.jpg
abo-B07FG2R4H7	3	https://amazon-berkeley-objects.s3.amazonaws.com/images/original/a4/a497a30d.jpg
abo-B07FG2R4H7	4	https://amazon-berkeley-objects.s3.amazonaws.com/images/original/dd/dd7ab039.jpg
abo-B07FJNZS52	1	https://amazon-berkeley-objects.s3.amazonaws.com/images/original/1d/1d1912ba.jpg
abo-B07FJNZS52	2	https://amazon-berkeley-objects.s3.amazonaws.com/images/original/1b/1b5fdd74.jpg
abo-B07FJNZS52	3	https://amazon-berkeley-objects.s3.amazonaws.com/images/original/78/78ca58af.jpg
abo-B07FJNZS52	4	https://amazon-berkeley-objects.s3.amazonaws.com/images/original/f1/f1083a4a.jpg
abo-B07FM3HHWT	1	https://amazon-berkeley-objects.s3.amazonaws.com/images/original/d0/d003d9e9.jpg
abo-B07FM3HHWT	2	https://amazon-berkeley-objects.s3.amazonaws.com/images/original/bd/bdf357c1.jpg
abo-B07FM3HHWT	3	https://amazon-berkeley-objects.s3.amazonaws.com/images/original/e0/e09138de.jpg
abo-B07FM3HHWT	4	https://amazon-berkeley-objects.s3.amazonaws.com/images/original/f2/f21f4d69.jpg
abo-B07FVN536V	1	https://amazon-berkeley-objects.s3.amazonaws.com/images/original/50/50d1f9d4.jpg
abo-B07FVN536V	2	https://amazon-berkeley-objects.s3.amazonaws.com/images/original/57/57fe3c8f.jpg
abo-B07FVN536V	3	https://amazon-berkeley-objects.s3.amazonaws.com/images/original/15/15d72ab0.jpg
abo-B07FVN536V	4	https://amazon-berkeley-objects.s3.amazonaws.com/images/original/74/74e44bb5.jpg
abo-B07FVN9WNG	1	https://amazon-berkeley-objects.s3.amazonaws.com/images/original/03/0363263d.jpg
abo-B07FVN9WNG	2	https://amazon-berkeley-objects.s3.amazonaws.com/images/original/97/97350ca5.jpg
abo-B07FVN9WNG	3	https://amazon-berkeley-objects.s3.amazonaws.com/images/original/35/35b3c06f.jpg
abo-B07FVN9WNG	4	https://amazon-berkeley-objects.s3.amazonaws.com/images/original/8e/8e2b112a.jpg
abo-B07FVNB537	1	https://amazon-berkeley-objects.s3.amazonaws.com/images/original/38/3839f5f6.jpg
abo-B07FVNB537	2	https://amazon-berkeley-objects.s3.amazonaws.com/images/original/ee/ee10badf.jpg
abo-B07FVNB537	3	https://amazon-berkeley-objects.s3.amazonaws.com/images/original/a5/a5b83b59.jpg
abo-B07FVNB537	4	https://amazon-berkeley-objects.s3.amazonaws.com/images/original/6b/6bdb17b9.jpg
abo-B07FVNB53F	1	https://amazon-berkeley-objects.s3.amazonaws.com/images/original/cb/cb9beb62.jpg
abo-B07FVNB53F	2	https://amazon-berkeley-objects.s3.amazonaws.com/images/original/f6/f63c4b66.jpg
abo-B07FVNB53F	3	https://amazon-berkeley-objects.s3.amazonaws.com/images/original/ee/ee281151.jpg
abo-B07FVNB53F	4	https://amazon-berkeley-objects.s3.amazonaws.com/images/original/b5/b5bf9d3e.jpg
abo-B07FVXNWJS	1	https://amazon-berkeley-objects.s3.amazonaws.com/images/original/50/50d1f9d4.jpg
abo-B07FVXNWJS	2	https://amazon-berkeley-objects.s3.amazonaws.com/images/original/57/57fe3c8f.jpg
abo-B07FVXNWJS	3	https://amazon-berkeley-objects.s3.amazonaws.com/images/original/15/15d72ab0.jpg
abo-B07FVXNWJS	4	https://amazon-berkeley-objects.s3.amazonaws.com/images/original/74/74e44bb5.jpg
abo-B07FVXNYVW	1	https://amazon-berkeley-objects.s3.amazonaws.com/images/original/58/58855591.jpg
abo-B07FVXNYVW	2	https://amazon-berkeley-objects.s3.amazonaws.com/images/original/a8/a8872ce5.jpg
abo-B07FVXNYVW	3	https://amazon-berkeley-objects.s3.amazonaws.com/images/original/bd/bde50650.jpg
abo-B07FVXNYVW	4	https://amazon-berkeley-objects.s3.amazonaws.com/images/original/33/338ecd3f.jpg
abo-B07FW1D1T9	1	https://amazon-berkeley-objects.s3.amazonaws.com/images/original/66/66a19f6b.jpg
abo-B07FW1D1T9	2	https://amazon-berkeley-objects.s3.amazonaws.com/images/original/65/65f87d99.jpg
abo-B07FW1D1T9	3	https://amazon-berkeley-objects.s3.amazonaws.com/images/original/db/db50751a.jpg
abo-B07FW1D1T9	4	https://amazon-berkeley-objects.s3.amazonaws.com/images/original/15/15d72ab0.jpg
abo-B07FW3R6BR	1	https://amazon-berkeley-objects.s3.amazonaws.com/images/original/23/23c95b5b.jpg
abo-B07FW3R6BR	2	https://amazon-berkeley-objects.s3.amazonaws.com/images/original/6a/6aa1d887.jpg
abo-B07FW3R6BR	3	https://amazon-berkeley-objects.s3.amazonaws.com/images/original/d5/d59e4339.jpg
abo-B07FW3R6BR	4	https://amazon-berkeley-objects.s3.amazonaws.com/images/original/6e/6ed11a63.jpg
abo-B07FW511GG	1	https://amazon-berkeley-objects.s3.amazonaws.com/images/original/58/58855591.jpg
abo-B07FW511GG	2	https://amazon-berkeley-objects.s3.amazonaws.com/images/original/a8/a8872ce5.jpg
abo-B07FW511GG	3	https://amazon-berkeley-objects.s3.amazonaws.com/images/original/bd/bde50650.jpg
abo-B07FW511GG	4	https://amazon-berkeley-objects.s3.amazonaws.com/images/original/33/338ecd3f.jpg
abo-B07FW6N4ZX	1	https://amazon-berkeley-objects.s3.amazonaws.com/images/original/23/23c95b5b.jpg
abo-B07FW6N4ZX	2	https://amazon-berkeley-objects.s3.amazonaws.com/images/original/6a/6aa1d887.jpg
abo-B07FW6N4ZX	3	https://amazon-berkeley-objects.s3.amazonaws.com/images/original/d5/d59e4339.jpg
abo-B07FW6N4ZX	4	https://amazon-berkeley-objects.s3.amazonaws.com/images/original/6e/6ed11a63.jpg
abo-B07FW7STYV	1	https://amazon-berkeley-objects.s3.amazonaws.com/images/original/38/3839f5f6.jpg
abo-B07FW7STYV	2	https://amazon-berkeley-objects.s3.amazonaws.com/images/original/e3/e37f44e2.jpg
abo-B07FW7STYV	3	https://amazon-berkeley-objects.s3.amazonaws.com/images/original/af/af316192.jpg
abo-B07FW7STYV	4	https://amazon-berkeley-objects.s3.amazonaws.com/images/original/62/62f8435e.jpg
abo-B07FW7WYJJ	1	https://amazon-berkeley-objects.s3.amazonaws.com/images/original/23/23c95b5b.jpg
abo-B07FW7WYJJ	2	https://amazon-berkeley-objects.s3.amazonaws.com/images/original/6a/6aa1d887.jpg
abo-B07FW7WYJJ	3	https://amazon-berkeley-objects.s3.amazonaws.com/images/original/d5/d59e4339.jpg
abo-B07FW7WYJJ	4	https://amazon-berkeley-objects.s3.amazonaws.com/images/original/6e/6ed11a63.jpg
abo-B07G4ZXLC8	1	https://amazon-berkeley-objects.s3.amazonaws.com/images/original/e3/e3ca6e08.jpg
abo-B07G4ZXLC8	2	https://amazon-berkeley-objects.s3.amazonaws.com/images/original/81/8183f8a1.jpg
abo-B07G4ZXLC8	3	https://amazon-berkeley-objects.s3.amazonaws.com/images/original/6d/6de7e409.jpg
abo-B07G4ZXLC8	4	https://amazon-berkeley-objects.s3.amazonaws.com/images/original/ce/ce4b58cd.jpg
abo-B07G4ZXLC8	5	https://amazon-berkeley-objects.s3.amazonaws.com/images/original/5e/5e22b0d8.jpg
abo-B07G4ZXLC8	6	https://amazon-berkeley-objects.s3.amazonaws.com/images/original/31/31d68e10.jpg
abo-B07G4ZXLC8	7	https://amazon-berkeley-objects.s3.amazonaws.com/images/original/f8/f8bb4518.jpg
abo-B07GDFC97W	1	https://amazon-berkeley-objects.s3.amazonaws.com/images/original/f6/f6db70d8.jpg
abo-B07GDFC97W	2	https://amazon-berkeley-objects.s3.amazonaws.com/images/original/f6/f62aa625.jpg
abo-B07GDFC97W	3	https://amazon-berkeley-objects.s3.amazonaws.com/images/original/99/9978b7d9.jpg
abo-B07GDFC97W	4	https://amazon-berkeley-objects.s3.amazonaws.com/images/original/85/85e75ccc.jpg
abo-B07GDFC97W	5	https://amazon-berkeley-objects.s3.amazonaws.com/images/original/16/16a3b0e6.jpg
abo-B07GDFC97W	6	https://amazon-berkeley-objects.s3.amazonaws.com/images/original/2a/2afcb81c.jpg
abo-B07GDFC97W	7	https://amazon-berkeley-objects.s3.amazonaws.com/images/original/ba/ba4ca043.jpg
abo-B07GDFC97W	8	https://amazon-berkeley-objects.s3.amazonaws.com/images/original/9c/9c11cc07.jpg
abo-B07GDQLJQL	1	https://amazon-berkeley-objects.s3.amazonaws.com/images/original/d6/d69d45f5.jpg
abo-B07GDQLJQL	2	https://amazon-berkeley-objects.s3.amazonaws.com/images/original/e7/e77b1459.jpg
abo-B07GDQLJQL	3	https://amazon-berkeley-objects.s3.amazonaws.com/images/original/74/74f5e2d4.jpg
abo-B07GDQLJQL	4	https://amazon-berkeley-objects.s3.amazonaws.com/images/original/0c/0c3293a5.jpg
abo-B07GDQLJRW	1	https://amazon-berkeley-objects.s3.amazonaws.com/images/original/5e/5e7b4a71.jpg
abo-B07GDQLJRW	2	https://amazon-berkeley-objects.s3.amazonaws.com/images/original/56/567e421e.jpg
abo-B07GDQLJRW	3	https://amazon-berkeley-objects.s3.amazonaws.com/images/original/3d/3d3835d1.jpg
abo-B07GDQLJRW	4	https://amazon-berkeley-objects.s3.amazonaws.com/images/original/08/089f9388.jpg
abo-B07GDQLQQZ	1	https://amazon-berkeley-objects.s3.amazonaws.com/images/original/c5/c56b3542.jpg
abo-B07GDQLQQZ	2	https://amazon-berkeley-objects.s3.amazonaws.com/images/original/b1/b1dfd23e.jpg
abo-B07GDQLQQZ	3	https://amazon-berkeley-objects.s3.amazonaws.com/images/original/dc/dc2541a8.jpg
abo-B07GDQLQQZ	4	https://amazon-berkeley-objects.s3.amazonaws.com/images/original/89/89ad89d8.jpg
abo-B07GDQLV3G	1	https://amazon-berkeley-objects.s3.amazonaws.com/images/original/a6/a60c377e.jpg
abo-B07GDQLV3G	2	https://amazon-berkeley-objects.s3.amazonaws.com/images/original/4f/4fb576a4.jpg
abo-B07GDQLV3G	3	https://amazon-berkeley-objects.s3.amazonaws.com/images/original/df/dfa08aef.jpg
abo-B07GDQLV3G	4	https://amazon-berkeley-objects.s3.amazonaws.com/images/original/eb/eb1816dc.jpg
abo-B07GDQLV46	1	https://amazon-berkeley-objects.s3.amazonaws.com/images/original/fd/fd875f38.jpg
abo-B07GDQLV46	2	https://amazon-berkeley-objects.s3.amazonaws.com/images/original/a4/a45346b9.jpg
abo-B07GDQLV46	3	https://amazon-berkeley-objects.s3.amazonaws.com/images/original/4a/4a5ecaaf.jpg
abo-B07GDQLV46	4	https://amazon-berkeley-objects.s3.amazonaws.com/images/original/ea/eabe5c80.jpg
abo-B07GDQLV61	1	https://amazon-berkeley-objects.s3.amazonaws.com/images/original/bb/bb82ac08.jpg
abo-B07GDQLV61	2	https://amazon-berkeley-objects.s3.amazonaws.com/images/original/e4/e4a199f6.jpg
abo-B07GDQLV61	3	https://amazon-berkeley-objects.s3.amazonaws.com/images/original/4a/4a307b16.jpg
abo-B07GDQLV61	4	https://amazon-berkeley-objects.s3.amazonaws.com/images/original/d4/d4ea39a0.jpg
abo-B07GDQM2SH	1	https://amazon-berkeley-objects.s3.amazonaws.com/images/original/a7/a7822daa.jpg
abo-B07GDQM2SH	2	https://amazon-berkeley-objects.s3.amazonaws.com/images/original/50/502535e9.jpg
abo-B07GDQM2SH	3	https://amazon-berkeley-objects.s3.amazonaws.com/images/original/b5/b5c2f92c.jpg
abo-B07GDQM2SH	4	https://amazon-berkeley-objects.s3.amazonaws.com/images/original/4b/4b252e43.jpg
abo-B07GDQM2TW	1	https://amazon-berkeley-objects.s3.amazonaws.com/images/original/2e/2e10dfa4.jpg
abo-B07GDQM2TW	2	https://amazon-berkeley-objects.s3.amazonaws.com/images/original/4a/4a105f61.jpg
abo-B07GDQM2TW	3	https://amazon-berkeley-objects.s3.amazonaws.com/images/original/0b/0b1eb071.jpg
abo-B07GDQM2TW	4	https://amazon-berkeley-objects.s3.amazonaws.com/images/original/67/67d0c8ba.jpg
abo-B07GDQM2TW	5	https://amazon-berkeley-objects.s3.amazonaws.com/images/original/9a/9a087ca7.jpg
abo-B07GDQM2TW	6	https://amazon-berkeley-objects.s3.amazonaws.com/images/original/63/633a2de0.jpg
abo-B07GDQM2TW	7	https://amazon-berkeley-objects.s3.amazonaws.com/images/original/df/dffe3231.jpg
abo-B07GDQNK71	1	https://amazon-berkeley-objects.s3.amazonaws.com/images/original/7c/7cf09a2c.jpg
abo-B07GDQNK71	2	https://amazon-berkeley-objects.s3.amazonaws.com/images/original/e8/e8f90e2a.jpg
abo-B07GDQNK71	3	https://amazon-berkeley-objects.s3.amazonaws.com/images/original/7b/7bbe7311.jpg
abo-B07GDQNK71	4	https://amazon-berkeley-objects.s3.amazonaws.com/images/original/5b/5b6eede3.jpg
abo-B07GDQNK7Q	1	https://amazon-berkeley-objects.s3.amazonaws.com/images/original/59/599c25cc.jpg
abo-B07GDQNK7Q	2	https://amazon-berkeley-objects.s3.amazonaws.com/images/original/f7/f7476521.jpg
abo-B07GDQNK7Q	3	https://amazon-berkeley-objects.s3.amazonaws.com/images/original/1f/1f927a23.jpg
abo-B07GDQNK7Q	4	https://amazon-berkeley-objects.s3.amazonaws.com/images/original/a9/a9910e79.jpg
abo-B07GDQNKB1	1	https://amazon-berkeley-objects.s3.amazonaws.com/images/original/6a/6acc2124.jpg
abo-B07GDQNKB1	2	https://amazon-berkeley-objects.s3.amazonaws.com/images/original/3d/3dd8b0f5.jpg
abo-B07GDQNKB1	3	https://amazon-berkeley-objects.s3.amazonaws.com/images/original/9e/9ea856bd.jpg
abo-B07GDQNKB1	4	https://amazon-berkeley-objects.s3.amazonaws.com/images/original/a5/a5c76055.jpg
abo-B07GDQNP8C	1	https://amazon-berkeley-objects.s3.amazonaws.com/images/original/95/952da227.jpg
abo-B07GDQNP8C	2	https://amazon-berkeley-objects.s3.amazonaws.com/images/original/81/81d8019e.jpg
abo-B07GDQNP8C	3	https://amazon-berkeley-objects.s3.amazonaws.com/images/original/ce/ce54e1cd.jpg
abo-B07GDQNP8C	4	https://amazon-berkeley-objects.s3.amazonaws.com/images/original/e3/e3e8cb79.jpg
abo-B07GDRHR29	1	https://amazon-berkeley-objects.s3.amazonaws.com/images/original/99/99ee05c9.jpg
abo-B07GDRHR29	2	https://amazon-berkeley-objects.s3.amazonaws.com/images/original/4e/4eda9013.jpg
abo-B07GDRHR29	3	https://amazon-berkeley-objects.s3.amazonaws.com/images/original/cd/cd6f162c.jpg
abo-B07GDRHR29	4	https://amazon-berkeley-objects.s3.amazonaws.com/images/original/19/19d54479.jpg
abo-B07GDRHR29	5	https://amazon-berkeley-objects.s3.amazonaws.com/images/original/5a/5a72fcc6.jpg
abo-B07GDRHR29	6	https://amazon-berkeley-objects.s3.amazonaws.com/images/original/a5/a5ae0336.jpg
abo-B07GDRHR29	7	https://amazon-berkeley-objects.s3.amazonaws.com/images/original/32/3227ebeb.jpg
abo-B07GDRHR29	8	https://amazon-berkeley-objects.s3.amazonaws.com/images/original/2e/2e963652.jpg
abo-B07GDRHR47	1	https://amazon-berkeley-objects.s3.amazonaws.com/images/original/30/301d6d6a.jpg
abo-B07GDRHR47	2	https://amazon-berkeley-objects.s3.amazonaws.com/images/original/16/167ed999.jpg
abo-B07GDRHR47	3	https://amazon-berkeley-objects.s3.amazonaws.com/images/original/91/91cc9bc9.jpg
abo-B07GDRHR47	4	https://amazon-berkeley-objects.s3.amazonaws.com/images/original/a3/a362379d.jpg
abo-B07GDRHSRS	1	https://amazon-berkeley-objects.s3.amazonaws.com/images/original/09/09873b98.jpg
abo-B07GDRHSRS	2	https://amazon-berkeley-objects.s3.amazonaws.com/images/original/2b/2b76c1b7.jpg
abo-B07GDRHSRS	3	https://amazon-berkeley-objects.s3.amazonaws.com/images/original/c6/c63ee7eb.jpg
abo-B07GDRHSRS	4	https://amazon-berkeley-objects.s3.amazonaws.com/images/original/b8/b8abe755.jpg
abo-B07GDRZVYV	1	https://amazon-berkeley-objects.s3.amazonaws.com/images/original/87/873d0886.jpg
abo-B07GDRZVYV	2	https://amazon-berkeley-objects.s3.amazonaws.com/images/original/2f/2f7984ee.jpg
abo-B07GDRZVYV	3	https://amazon-berkeley-objects.s3.amazonaws.com/images/original/11/11f6524c.jpg
abo-B07GDRZVYV	4	https://amazon-berkeley-objects.s3.amazonaws.com/images/original/0a/0a7339f1.jpg
abo-B07GDRZVZ3	1	https://amazon-berkeley-objects.s3.amazonaws.com/images/original/d2/d2f7de51.jpg
abo-B07GDRZVZ3	2	https://amazon-berkeley-objects.s3.amazonaws.com/images/original/39/391151ea.jpg
abo-B07GDRZVZ3	3	https://amazon-berkeley-objects.s3.amazonaws.com/images/original/10/10c31836.jpg
abo-B07GDRZVZ3	4	https://amazon-berkeley-objects.s3.amazonaws.com/images/original/53/53e42c27.jpg
abo-B07GDRZVZ3	5	https://amazon-berkeley-objects.s3.amazonaws.com/images/original/94/948d3c50.jpg
abo-B07GDRZVZ3	6	https://amazon-berkeley-objects.s3.amazonaws.com/images/original/2c/2cf6893f.jpg
abo-B07GDRZVZ3	7	https://amazon-berkeley-objects.s3.amazonaws.com/images/original/7d/7d70d814.jpg
abo-B07GDRZXSS	1	https://amazon-berkeley-objects.s3.amazonaws.com/images/original/87/8799071f.jpg
abo-B07GDRZXSS	2	https://amazon-berkeley-objects.s3.amazonaws.com/images/original/f8/f85204b8.jpg
abo-B07GDRZXSS	3	https://amazon-berkeley-objects.s3.amazonaws.com/images/original/7e/7eabb2ab.jpg
abo-B07GDRZXSS	4	https://amazon-berkeley-objects.s3.amazonaws.com/images/original/e7/e7c5fa75.jpg
abo-B07GDRZXXJ	1	https://amazon-berkeley-objects.s3.amazonaws.com/images/original/d5/d5bd6049.jpg
abo-B07GDRZXXJ	2	https://amazon-berkeley-objects.s3.amazonaws.com/images/original/84/84c9727c.jpg
abo-B07GDRZXXJ	3	https://amazon-berkeley-objects.s3.amazonaws.com/images/original/21/21d36a82.jpg
abo-B07GDRZXXJ	4	https://amazon-berkeley-objects.s3.amazonaws.com/images/original/8d/8dce0e1f.jpg
abo-B07GDRZYHM	1	https://amazon-berkeley-objects.s3.amazonaws.com/images/original/06/0621d5b2.jpg
abo-B07GDRZYHM	2	https://amazon-berkeley-objects.s3.amazonaws.com/images/original/e1/e10d6f53.jpg
abo-B07GDRZYHM	3	https://amazon-berkeley-objects.s3.amazonaws.com/images/original/f9/f92ad6d3.jpg
abo-B07GDRZYHM	4	https://amazon-berkeley-objects.s3.amazonaws.com/images/original/6d/6df75543.jpg
abo-B07GDRZYKR	1	https://amazon-berkeley-objects.s3.amazonaws.com/images/original/04/0448738e.jpg
abo-B07GDRZYKR	2	https://amazon-berkeley-objects.s3.amazonaws.com/images/original/33/339cdf89.jpg
abo-B07GDRZYKR	3	https://amazon-berkeley-objects.s3.amazonaws.com/images/original/e2/e2676ee3.jpg
abo-B07GDRZYKR	4	https://amazon-berkeley-objects.s3.amazonaws.com/images/original/08/089acbe1.jpg
abo-B07GDS15KG	1	https://amazon-berkeley-objects.s3.amazonaws.com/images/original/0b/0ba74c9a.jpg
abo-B07GDS15KG	2	https://amazon-berkeley-objects.s3.amazonaws.com/images/original/ce/ce0d5821.jpg
abo-B07GDS15KG	3	https://amazon-berkeley-objects.s3.amazonaws.com/images/original/6b/6b10a514.jpg
abo-B07GDS15KG	4	https://amazon-berkeley-objects.s3.amazonaws.com/images/original/ff/ff5ecba7.jpg
abo-B07GDS26Y9	1	https://amazon-berkeley-objects.s3.amazonaws.com/images/original/0a/0a1675e0.jpg
abo-B07GDS26Y9	2	https://amazon-berkeley-objects.s3.amazonaws.com/images/original/5c/5ce2bf5b.jpg
abo-B07GDS26Y9	3	https://amazon-berkeley-objects.s3.amazonaws.com/images/original/2b/2b55f465.jpg
abo-B07GDS26Y9	4	https://amazon-berkeley-objects.s3.amazonaws.com/images/original/5f/5fcb779f.jpg
abo-B07GDS26Y9	5	https://amazon-berkeley-objects.s3.amazonaws.com/images/original/4b/4bc5a665.jpg
abo-B07GDS26Y9	6	https://amazon-berkeley-objects.s3.amazonaws.com/images/original/d4/d4f5bb3c.jpg
abo-B07GDS26Y9	7	https://amazon-berkeley-objects.s3.amazonaws.com/images/original/ac/acff1a9c.jpg
abo-B07GDWV4PK	1	https://amazon-berkeley-objects.s3.amazonaws.com/images/original/6a/6a3d3be6.jpg
abo-B07GDWV4PK	2	https://amazon-berkeley-objects.s3.amazonaws.com/images/original/be/becd8ed3.jpg
abo-B07GDWV4PK	3	https://amazon-berkeley-objects.s3.amazonaws.com/images/original/73/73140884.jpg
abo-B07GDWV4PK	4	https://amazon-berkeley-objects.s3.amazonaws.com/images/original/d2/d2fe4b6d.jpg
abo-B07GDWV4PM	1	https://amazon-berkeley-objects.s3.amazonaws.com/images/original/8d/8d8a247f.jpg
abo-B07GDWV4PM	2	https://amazon-berkeley-objects.s3.amazonaws.com/images/original/98/98c386c6.jpg
abo-B07GDWV4PM	3	https://amazon-berkeley-objects.s3.amazonaws.com/images/original/96/96dc4b10.jpg
abo-B07GDWV4PM	4	https://amazon-berkeley-objects.s3.amazonaws.com/images/original/f4/f4febb0b.jpg
abo-B07GDWV53C	1	https://amazon-berkeley-objects.s3.amazonaws.com/images/original/5f/5fd47fdf.jpg
abo-B07GDWV53C	2	https://amazon-berkeley-objects.s3.amazonaws.com/images/original/6e/6e95302e.jpg
abo-B07GDWV53C	3	https://amazon-berkeley-objects.s3.amazonaws.com/images/original/78/78274818.jpg
abo-B07GDWV53C	4	https://amazon-berkeley-objects.s3.amazonaws.com/images/original/18/185bb6b8.jpg
abo-B07GDWV5WT	1	https://amazon-berkeley-objects.s3.amazonaws.com/images/original/16/16e97fb3.jpg
abo-B07GDWV5WT	2	https://amazon-berkeley-objects.s3.amazonaws.com/images/original/96/965a5865.jpg
abo-B07GDWV5WT	3	https://amazon-berkeley-objects.s3.amazonaws.com/images/original/20/200bad15.jpg
abo-B07GDWV5WT	4	https://amazon-berkeley-objects.s3.amazonaws.com/images/original/8d/8dd3454a.jpg
abo-B07GDWV8C7	1	https://amazon-berkeley-objects.s3.amazonaws.com/images/original/83/83e7292b.jpg
abo-B07GDWV8C7	2	https://amazon-berkeley-objects.s3.amazonaws.com/images/original/6e/6e7e3c30.jpg
abo-B07GDWV8C7	3	https://amazon-berkeley-objects.s3.amazonaws.com/images/original/e0/e01edc59.jpg
abo-B07GDWV8C7	4	https://amazon-berkeley-objects.s3.amazonaws.com/images/original/c9/c9057a8c.jpg
abo-B07GDWV8D7	1	https://amazon-berkeley-objects.s3.amazonaws.com/images/original/90/900160b8.jpg
abo-B07GDWV8D7	2	https://amazon-berkeley-objects.s3.amazonaws.com/images/original/fd/fd8ebbc2.jpg
abo-B07GDWV8D7	3	https://amazon-berkeley-objects.s3.amazonaws.com/images/original/d3/d34c4193.jpg
abo-B07GDWV8D7	4	https://amazon-berkeley-objects.s3.amazonaws.com/images/original/fd/fd742a01.jpg
abo-B07GDWYXJK	1	https://amazon-berkeley-objects.s3.amazonaws.com/images/original/16/160457d0.jpg
abo-B07GDWYXJK	2	https://amazon-berkeley-objects.s3.amazonaws.com/images/original/43/4322c050.jpg
abo-B07GDWYXJK	3	https://amazon-berkeley-objects.s3.amazonaws.com/images/original/57/570c1243.jpg
abo-B07GDWYXJK	4	https://amazon-berkeley-objects.s3.amazonaws.com/images/original/56/563db306.jpg
abo-B07GDWYXJK	5	https://amazon-berkeley-objects.s3.amazonaws.com/images/original/6e/6ebcb717.jpg
abo-B07GDWYXJK	6	https://amazon-berkeley-objects.s3.amazonaws.com/images/original/d3/d3c620ef.jpg
abo-B07GDWYXJK	7	https://amazon-berkeley-objects.s3.amazonaws.com/images/original/3a/3ac7d983.jpg
abo-B07GDWYXKQ	1	https://amazon-berkeley-objects.s3.amazonaws.com/images/original/7d/7d3441ee.jpg
abo-B07GDWYXKQ	2	https://amazon-berkeley-objects.s3.amazonaws.com/images/original/f9/f94d733c.jpg
abo-B07GDWYXKQ	3	https://amazon-berkeley-objects.s3.amazonaws.com/images/original/19/193b37b4.jpg
abo-B07GDWYXKQ	4	https://amazon-berkeley-objects.s3.amazonaws.com/images/original/9e/9ea9d5c4.jpg
abo-B07GDWYXKQ	5	https://amazon-berkeley-objects.s3.amazonaws.com/images/original/d4/d44af8a2.jpg
abo-B07GDWYXKQ	6	https://amazon-berkeley-objects.s3.amazonaws.com/images/original/0a/0a0ac5c1.jpg
abo-B07GDWYXKQ	7	https://amazon-berkeley-objects.s3.amazonaws.com/images/original/52/52bbb32d.jpg
abo-B07GDWYXKT	1	https://amazon-berkeley-objects.s3.amazonaws.com/images/original/21/2125d23d.jpg
abo-B07GDWYXKT	2	https://amazon-berkeley-objects.s3.amazonaws.com/images/original/e3/e3a946ce.jpg
abo-B07GDWYXKT	3	https://amazon-berkeley-objects.s3.amazonaws.com/images/original/89/89691056.jpg
abo-B07GDWYXKT	4	https://amazon-berkeley-objects.s3.amazonaws.com/images/original/60/60dd8f47.jpg
abo-B07GDWYYX2	1	https://amazon-berkeley-objects.s3.amazonaws.com/images/original/21/21787326.jpg
abo-B07GDWYYX2	2	https://amazon-berkeley-objects.s3.amazonaws.com/images/original/b5/b5a33c2d.jpg
abo-B07GDWYYX2	3	https://amazon-berkeley-objects.s3.amazonaws.com/images/original/04/048ced06.jpg
abo-B07GDWYYX2	4	https://amazon-berkeley-objects.s3.amazonaws.com/images/original/0c/0c71e7e9.jpg
abo-B07GDWYZ28	1	https://amazon-berkeley-objects.s3.amazonaws.com/images/original/1d/1db9d8be.jpg
abo-B07GDWYZ28	2	https://amazon-berkeley-objects.s3.amazonaws.com/images/original/a9/a99cd536.jpg
abo-B07GDWYZ28	3	https://amazon-berkeley-objects.s3.amazonaws.com/images/original/00/00214dbd.jpg
abo-B07GDWYZ28	4	https://amazon-berkeley-objects.s3.amazonaws.com/images/original/7e/7ed6f52b.jpg
abo-B07GDWYZ3H	1	https://amazon-berkeley-objects.s3.amazonaws.com/images/original/f7/f73607c0.jpg
abo-B07GDWYZ3H	2	https://amazon-berkeley-objects.s3.amazonaws.com/images/original/81/814618e3.jpg
abo-B07GDWYZ3H	3	https://amazon-berkeley-objects.s3.amazonaws.com/images/original/4e/4ea5a5ec.jpg
abo-B07GDWYZ3H	4	https://amazon-berkeley-objects.s3.amazonaws.com/images/original/be/be33bc25.jpg
abo-B07GDWZ9BS	1	https://amazon-berkeley-objects.s3.amazonaws.com/images/original/57/571b996a.jpg
abo-B07GDWZ9BS	2	https://amazon-berkeley-objects.s3.amazonaws.com/images/original/0d/0d2acd18.jpg
abo-B07GDWZ9BS	3	https://amazon-berkeley-objects.s3.amazonaws.com/images/original/b6/b6fa63d6.jpg
abo-B07GDWZ9BS	4	https://amazon-berkeley-objects.s3.amazonaws.com/images/original/9a/9aacd6ac.jpg
abo-B07GDWZ9C4	1	https://amazon-berkeley-objects.s3.amazonaws.com/images/original/5d/5d6ef3c8.jpg
abo-B07GDWZ9C4	2	https://amazon-berkeley-objects.s3.amazonaws.com/images/original/15/15e80245.jpg
abo-B07GDWZ9C4	3	https://amazon-berkeley-objects.s3.amazonaws.com/images/original/88/8808ba7c.jpg
abo-B07GDWZ9C4	4	https://amazon-berkeley-objects.s3.amazonaws.com/images/original/9e/9eed9fcd.jpg
abo-B07GDWZB6H	1	https://amazon-berkeley-objects.s3.amazonaws.com/images/original/b7/b741bd09.jpg
abo-B07GDWZB6H	2	https://amazon-berkeley-objects.s3.amazonaws.com/images/original/1a/1ab0cdf1.jpg
abo-B07GDWZB6H	3	https://amazon-berkeley-objects.s3.amazonaws.com/images/original/f3/f34797df.jpg
abo-B07GDWZB6H	4	https://amazon-berkeley-objects.s3.amazonaws.com/images/original/55/55a05350.jpg
abo-B07GDWZB74	1	https://amazon-berkeley-objects.s3.amazonaws.com/images/original/ef/efd936f1.jpg
abo-B07GDWZB74	2	https://amazon-berkeley-objects.s3.amazonaws.com/images/original/af/af91d851.jpg
abo-B07GDWZB74	3	https://amazon-berkeley-objects.s3.amazonaws.com/images/original/44/4475ff5d.jpg
abo-B07GDWZB74	4	https://amazon-berkeley-objects.s3.amazonaws.com/images/original/98/98b7cc99.jpg
abo-B07GDWZB78	1	https://amazon-berkeley-objects.s3.amazonaws.com/images/original/2c/2c7b0013.jpg
abo-B07GDWZB78	2	https://amazon-berkeley-objects.s3.amazonaws.com/images/original/95/95e6eb17.jpg
abo-B07GDWZB78	3	https://amazon-berkeley-objects.s3.amazonaws.com/images/original/fe/febcc1e5.jpg
abo-B07GDWZB78	4	https://amazon-berkeley-objects.s3.amazonaws.com/images/original/71/713ce69a.jpg
abo-B07GDWZB9G	1	https://amazon-berkeley-objects.s3.amazonaws.com/images/original/ff/ff8c338b.jpg
abo-B07GDWZB9G	2	https://amazon-berkeley-objects.s3.amazonaws.com/images/original/b8/b8d643d0.jpg
abo-B07GDWZB9G	3	https://amazon-berkeley-objects.s3.amazonaws.com/images/original/fa/fa6b8d31.jpg
abo-B07GDWZB9G	4	https://amazon-berkeley-objects.s3.amazonaws.com/images/original/b3/b3042f7a.jpg
abo-B07GDWZDT1	1	https://amazon-berkeley-objects.s3.amazonaws.com/images/original/7e/7ea5fa93.jpg
abo-B07GDWZDT1	2	https://amazon-berkeley-objects.s3.amazonaws.com/images/original/af/af138c4f.jpg
abo-B07GDWZDT1	3	https://amazon-berkeley-objects.s3.amazonaws.com/images/original/3b/3b928092.jpg
abo-B07GDWZDT1	4	https://amazon-berkeley-objects.s3.amazonaws.com/images/original/c6/c65f250a.jpg
abo-B07GDWZFNQ	1	https://amazon-berkeley-objects.s3.amazonaws.com/images/original/80/8080eccd.jpg
abo-B07GDWZFNQ	2	https://amazon-berkeley-objects.s3.amazonaws.com/images/original/6b/6b52fdac.jpg
abo-B07GDWZFNQ	3	https://amazon-berkeley-objects.s3.amazonaws.com/images/original/2b/2b4bb6c5.jpg
abo-B07GDWZFNQ	4	https://amazon-berkeley-objects.s3.amazonaws.com/images/original/22/22cb8f32.jpg
abo-B07GDWZFNQ	5	https://amazon-berkeley-objects.s3.amazonaws.com/images/original/f0/f07ac7d9.jpg
abo-B07GDWZFNQ	6	https://amazon-berkeley-objects.s3.amazonaws.com/images/original/2b/2be182ac.jpg
abo-B07GDWZFNQ	7	https://amazon-berkeley-objects.s3.amazonaws.com/images/original/02/02bfe8ba.jpg
abo-B07GDWZFQ8	1	https://amazon-berkeley-objects.s3.amazonaws.com/images/original/bf/bf688c2c.jpg
abo-B07GDWZFQ8	2	https://amazon-berkeley-objects.s3.amazonaws.com/images/original/cf/cf5963bc.jpg
abo-B07GDWZFQ8	3	https://amazon-berkeley-objects.s3.amazonaws.com/images/original/63/634cd082.jpg
abo-B07GDWZFQ8	4	https://amazon-berkeley-objects.s3.amazonaws.com/images/original/8e/8ecc8135.jpg
abo-B07GDX68B5	1	https://amazon-berkeley-objects.s3.amazonaws.com/images/original/08/086ff598.jpg
abo-B07GDX68B5	2	https://amazon-berkeley-objects.s3.amazonaws.com/images/original/e0/e01a3d06.jpg
abo-B07GDX68B5	3	https://amazon-berkeley-objects.s3.amazonaws.com/images/original/fc/fc40b1ab.jpg
abo-B07GDX68B5	4	https://amazon-berkeley-objects.s3.amazonaws.com/images/original/8a/8af2ed04.jpg
abo-B07GDX68B5	5	https://amazon-berkeley-objects.s3.amazonaws.com/images/original/f6/f62c5991.jpg
abo-B07GDX68B5	6	https://amazon-berkeley-objects.s3.amazonaws.com/images/original/f8/f8e8e268.jpg
abo-B07GDX68B5	7	https://amazon-berkeley-objects.s3.amazonaws.com/images/original/8b/8b1a73c7.jpg
abo-B07GDXCPGD	1	https://amazon-berkeley-objects.s3.amazonaws.com/images/original/18/18eba6ae.jpg
abo-B07GDXCPGD	2	https://amazon-berkeley-objects.s3.amazonaws.com/images/original/e1/e1bc3704.jpg
abo-B07GDXCPGD	3	https://amazon-berkeley-objects.s3.amazonaws.com/images/original/90/909c5580.jpg
abo-B07GDXCPGD	4	https://amazon-berkeley-objects.s3.amazonaws.com/images/original/09/09092848.jpg
abo-B07GDXCX75	1	https://amazon-berkeley-objects.s3.amazonaws.com/images/original/c7/c7557e18.jpg
abo-B07GDXCX75	2	https://amazon-berkeley-objects.s3.amazonaws.com/images/original/c0/c05c851f.jpg
abo-B07GDXCX75	3	https://amazon-berkeley-objects.s3.amazonaws.com/images/original/27/27db14aa.jpg
abo-B07GDXCX75	4	https://amazon-berkeley-objects.s3.amazonaws.com/images/original/73/7369a6f8.jpg
abo-B07GF4MRC5	1	https://amazon-berkeley-objects.s3.amazonaws.com/images/original/a0/a07426e0.jpg
abo-B07GF4MRC5	2	https://amazon-berkeley-objects.s3.amazonaws.com/images/original/cf/cf4fa5dd.jpg
abo-B07GF4MRC5	3	https://amazon-berkeley-objects.s3.amazonaws.com/images/original/a1/a19c2f01.jpg
abo-B07GF4MRC5	4	https://amazon-berkeley-objects.s3.amazonaws.com/images/original/af/af4202ec.jpg
abo-B07GF4MRCT	1	https://amazon-berkeley-objects.s3.amazonaws.com/images/original/2b/2bb2f002.jpg
abo-B07GF4MRCT	2	https://amazon-berkeley-objects.s3.amazonaws.com/images/original/fb/fbc669d9.jpg
abo-B07GF4MRCT	3	https://amazon-berkeley-objects.s3.amazonaws.com/images/original/db/dbeffcfa.jpg
abo-B07GF4MRCT	4	https://amazon-berkeley-objects.s3.amazonaws.com/images/original/11/11cfa65c.jpg
abo-B07GF4MX5K	1	https://amazon-berkeley-objects.s3.amazonaws.com/images/original/50/50b2bef4.jpg
abo-B07GF4MX5K	2	https://amazon-berkeley-objects.s3.amazonaws.com/images/original/d1/d1401a97.jpg
abo-B07GF4MX5K	3	https://amazon-berkeley-objects.s3.amazonaws.com/images/original/63/6365d7bf.jpg
abo-B07GF4MX5K	4	https://amazon-berkeley-objects.s3.amazonaws.com/images/original/d6/d6757935.jpg
abo-B07GF4MX5K	5	https://amazon-berkeley-objects.s3.amazonaws.com/images/original/39/39eb4d99.jpg
abo-B07GF4MX5K	6	https://amazon-berkeley-objects.s3.amazonaws.com/images/original/2f/2f1e74db.jpg
abo-B07GF4MX5K	7	https://amazon-berkeley-objects.s3.amazonaws.com/images/original/21/210bb0ba.jpg
abo-B07GF4TKZS	1	https://amazon-berkeley-objects.s3.amazonaws.com/images/original/a7/a737509e.jpg
abo-B07GF4TKZS	2	https://amazon-berkeley-objects.s3.amazonaws.com/images/original/a1/a1690b96.jpg
abo-B07GF4TKZS	3	https://amazon-berkeley-objects.s3.amazonaws.com/images/original/83/83d0bd04.jpg
abo-B07GF4TKZS	4	https://amazon-berkeley-objects.s3.amazonaws.com/images/original/d6/d6a9b6ca.jpg
abo-B07GF4TL2P	1	https://amazon-berkeley-objects.s3.amazonaws.com/images/original/d2/d2d6418a.jpg
abo-B07GF4TL2P	2	https://amazon-berkeley-objects.s3.amazonaws.com/images/original/bb/bbb98b26.jpg
abo-B07GF4TL2P	3	https://amazon-berkeley-objects.s3.amazonaws.com/images/original/41/419a836f.jpg
abo-B07GF4TL2P	4	https://amazon-berkeley-objects.s3.amazonaws.com/images/original/95/95c4b849.jpg
abo-B07GF4TMNC	1	https://amazon-berkeley-objects.s3.amazonaws.com/images/original/e4/e47f6dea.jpg
abo-B07GF4TMNC	2	https://amazon-berkeley-objects.s3.amazonaws.com/images/original/fa/fa0fac37.jpg
abo-B07GF4TMNC	3	https://amazon-berkeley-objects.s3.amazonaws.com/images/original/51/511297f7.jpg
abo-B07GF4TMNC	4	https://amazon-berkeley-objects.s3.amazonaws.com/images/original/7b/7bcc1fda.jpg
abo-B07GF4TMNC	5	https://amazon-berkeley-objects.s3.amazonaws.com/images/original/d9/d931ff29.jpg
abo-B07GF4TMNC	6	https://amazon-berkeley-objects.s3.amazonaws.com/images/original/1e/1e6fe7ed.jpg
abo-B07GF4TMNC	7	https://amazon-berkeley-objects.s3.amazonaws.com/images/original/a0/a0222971.jpg
abo-B07GF4TMNC	8	https://amazon-berkeley-objects.s3.amazonaws.com/images/original/74/74dcd8ac.jpg
abo-B07GF4TMWL	1	https://amazon-berkeley-objects.s3.amazonaws.com/images/original/d5/d5e4dda3.jpg
abo-B07GF4TMWL	2	https://amazon-berkeley-objects.s3.amazonaws.com/images/original/2e/2efa0c16.jpg
abo-B07GF4TMWL	3	https://amazon-berkeley-objects.s3.amazonaws.com/images/original/45/45c9268c.jpg
abo-B07GF4TMWL	4	https://amazon-berkeley-objects.s3.amazonaws.com/images/original/e5/e52aeb1d.jpg
abo-B07GF4X7TR	1	https://amazon-berkeley-objects.s3.amazonaws.com/images/original/c4/c423ca7a.jpg
abo-B07GF4X7TR	2	https://amazon-berkeley-objects.s3.amazonaws.com/images/original/25/258d962e.jpg
abo-B07GF4X7TR	3	https://amazon-berkeley-objects.s3.amazonaws.com/images/original/fa/fa0d1d1d.jpg
abo-B07GF4X7TR	4	https://amazon-berkeley-objects.s3.amazonaws.com/images/original/f2/f273d9cf.jpg
abo-B07GF4ZCPP	1	https://amazon-berkeley-objects.s3.amazonaws.com/images/original/4e/4ed25e00.jpg
abo-B07GF4ZCPP	2	https://amazon-berkeley-objects.s3.amazonaws.com/images/original/9d/9d19005a.jpg
abo-B07GF4ZCPP	3	https://amazon-berkeley-objects.s3.amazonaws.com/images/original/64/6435b5ae.jpg
abo-B07GF4ZCPP	4	https://amazon-berkeley-objects.s3.amazonaws.com/images/original/23/23d75b91.jpg
abo-B07GF4ZCPP	5	https://amazon-berkeley-objects.s3.amazonaws.com/images/original/cc/cc4c7037.jpg
abo-B07GF4ZCPP	6	https://amazon-berkeley-objects.s3.amazonaws.com/images/original/23/23b1f8ac.jpg
abo-B07GF4ZCPP	7	https://amazon-berkeley-objects.s3.amazonaws.com/images/original/96/96ae201d.jpg
abo-B07GF4ZR17	1	https://amazon-berkeley-objects.s3.amazonaws.com/images/original/cf/cf3edf04.jpg
abo-B07GF4ZR17	2	https://amazon-berkeley-objects.s3.amazonaws.com/images/original/4f/4f9ac492.jpg
abo-B07GF4ZR17	3	https://amazon-berkeley-objects.s3.amazonaws.com/images/original/4f/4f011251.jpg
abo-B07GF4ZR17	4	https://amazon-berkeley-objects.s3.amazonaws.com/images/original/39/39104c83.jpg
abo-B07GF54D91	1	https://amazon-berkeley-objects.s3.amazonaws.com/images/original/5c/5c4c0d6c.jpg
abo-B07GF54D91	2	https://amazon-berkeley-objects.s3.amazonaws.com/images/original/d6/d69c336f.jpg
abo-B07GF54D91	3	https://amazon-berkeley-objects.s3.amazonaws.com/images/original/29/29ab497d.jpg
abo-B07GF54D91	4	https://amazon-berkeley-objects.s3.amazonaws.com/images/original/46/4677d810.jpg
abo-B07GF54QTJ	1	https://amazon-berkeley-objects.s3.amazonaws.com/images/original/91/91c6f402.jpg
abo-B07GF54QTJ	2	https://amazon-berkeley-objects.s3.amazonaws.com/images/original/4a/4a1665bf.jpg
abo-B07GF54QTJ	3	https://amazon-berkeley-objects.s3.amazonaws.com/images/original/6a/6a82ffdf.jpg
abo-B07GF54QTJ	4	https://amazon-berkeley-objects.s3.amazonaws.com/images/original/2a/2a607cac.jpg
abo-B07GF54QVJ	1	https://amazon-berkeley-objects.s3.amazonaws.com/images/original/55/55834744.jpg
abo-B07GF54QVJ	2	https://amazon-berkeley-objects.s3.amazonaws.com/images/original/0b/0b0950a2.jpg
abo-B07GF54QVJ	3	https://amazon-berkeley-objects.s3.amazonaws.com/images/original/6b/6b10a514.jpg
abo-B07GF54QVJ	4	https://amazon-berkeley-objects.s3.amazonaws.com/images/original/66/66a86a88.jpg
abo-B07GF583NX	1	https://amazon-berkeley-objects.s3.amazonaws.com/images/original/97/976e6d8c.jpg
abo-B07GF583NX	2	https://amazon-berkeley-objects.s3.amazonaws.com/images/original/df/df6abc3b.jpg
abo-B07GF583NX	3	https://amazon-berkeley-objects.s3.amazonaws.com/images/original/d9/d9d66358.jpg
abo-B07GF583NX	4	https://amazon-berkeley-objects.s3.amazonaws.com/images/original/07/071389d1.jpg
abo-B07GF586KK	1	https://amazon-berkeley-objects.s3.amazonaws.com/images/original/d5/d55cfc1b.jpg
abo-B07GF586KK	2	https://amazon-berkeley-objects.s3.amazonaws.com/images/original/de/de9f78cc.jpg
abo-B07GF586KK	3	https://amazon-berkeley-objects.s3.amazonaws.com/images/original/0a/0a26051d.jpg
abo-B07GF586KK	4	https://amazon-berkeley-objects.s3.amazonaws.com/images/original/51/51716247.jpg
abo-B07GF586KK	5	https://amazon-berkeley-objects.s3.amazonaws.com/images/original/ff/ff6f1d20.jpg
abo-B07GF586KK	6	https://amazon-berkeley-objects.s3.amazonaws.com/images/original/d0/d038d5ad.jpg
abo-B07GF586KK	7	https://amazon-berkeley-objects.s3.amazonaws.com/images/original/87/87a95565.jpg
abo-B07GF586MC	1	https://amazon-berkeley-objects.s3.amazonaws.com/images/original/4c/4c1508fa.jpg
abo-B07GF586MC	2	https://amazon-berkeley-objects.s3.amazonaws.com/images/original/14/1431bb5d.jpg
abo-B07GF586MC	3	https://amazon-berkeley-objects.s3.amazonaws.com/images/original/d7/d7d76eb0.jpg
abo-B07GF586MC	4	https://amazon-berkeley-objects.s3.amazonaws.com/images/original/34/3494dadc.jpg
abo-B07GF586MQ	1	https://amazon-berkeley-objects.s3.amazonaws.com/images/original/9c/9c03b892.jpg
abo-B07GF586MQ	2	https://amazon-berkeley-objects.s3.amazonaws.com/images/original/1b/1ba04d5e.jpg
abo-B07GF586MQ	3	https://amazon-berkeley-objects.s3.amazonaws.com/images/original/a7/a728b6b9.jpg
abo-B07GF586MQ	4	https://amazon-berkeley-objects.s3.amazonaws.com/images/original/eb/eb3d283e.jpg
abo-B07GF586MQ	5	https://amazon-berkeley-objects.s3.amazonaws.com/images/original/3f/3ff6edf8.jpg
abo-B07GF586MQ	6	https://amazon-berkeley-objects.s3.amazonaws.com/images/original/5f/5ff123ef.jpg
abo-B07GF586MQ	7	https://amazon-berkeley-objects.s3.amazonaws.com/images/original/37/37922469.jpg
abo-B07GF586MQ	8	https://amazon-berkeley-objects.s3.amazonaws.com/images/original/cc/cc111cbc.jpg
abo-B07GF58DQK	1	https://amazon-berkeley-objects.s3.amazonaws.com/images/original/ac/ac3ceb80.jpg
abo-B07GF58DQK	2	https://amazon-berkeley-objects.s3.amazonaws.com/images/original/65/6575b02b.jpg
abo-B07GF58DQK	3	https://amazon-berkeley-objects.s3.amazonaws.com/images/original/ad/adbbaced.jpg
abo-B07GF58DQK	4	https://amazon-berkeley-objects.s3.amazonaws.com/images/original/c5/c597ac75.jpg
abo-B07GF58FLL	1	https://amazon-berkeley-objects.s3.amazonaws.com/images/original/4d/4d0f42a0.jpg
abo-B07GF58FLL	2	https://amazon-berkeley-objects.s3.amazonaws.com/images/original/c1/c1b693a7.jpg
abo-B07GF58FLL	3	https://amazon-berkeley-objects.s3.amazonaws.com/images/original/af/af4776ef.jpg
abo-B07GF58FLL	4	https://amazon-berkeley-objects.s3.amazonaws.com/images/original/42/42d114d5.jpg
abo-B07GF58FLL	5	https://amazon-berkeley-objects.s3.amazonaws.com/images/original/84/845e9369.jpg
abo-B07GF58FLL	6	https://amazon-berkeley-objects.s3.amazonaws.com/images/original/e8/e82dddea.jpg
abo-B07GF58FLL	7	https://amazon-berkeley-objects.s3.amazonaws.com/images/original/3f/3fda4eab.jpg
abo-B07GF58FLL	8	https://amazon-berkeley-objects.s3.amazonaws.com/images/original/b6/b6d07201.jpg
abo-B07GF58FQ3	1	https://amazon-berkeley-objects.s3.amazonaws.com/images/original/1a/1acaf1f1.jpg
abo-B07GF58FQ3	2	https://amazon-berkeley-objects.s3.amazonaws.com/images/original/d9/d94f1ba7.jpg
abo-B07GF58FQ3	3	https://amazon-berkeley-objects.s3.amazonaws.com/images/original/6b/6b00d371.jpg
abo-B07GF58FQ3	4	https://amazon-berkeley-objects.s3.amazonaws.com/images/original/3d/3d29e6fe.jpg
abo-B07GF58FQ3	5	https://amazon-berkeley-objects.s3.amazonaws.com/images/original/3f/3f382c9a.jpg
abo-B07GF58FQ3	6	https://amazon-berkeley-objects.s3.amazonaws.com/images/original/67/6711d5a8.jpg
abo-B07GF58FQ3	7	https://amazon-berkeley-objects.s3.amazonaws.com/images/original/6d/6d513f32.jpg
abo-B07GF58FSY	1	https://amazon-berkeley-objects.s3.amazonaws.com/images/original/12/12199742.jpg
abo-B07GF58FSY	2	https://amazon-berkeley-objects.s3.amazonaws.com/images/original/71/71721522.jpg
abo-B07GF58FSY	3	https://amazon-berkeley-objects.s3.amazonaws.com/images/original/f5/f5f361ca.jpg
abo-B07GF58FSY	4	https://amazon-berkeley-objects.s3.amazonaws.com/images/original/38/38fc24b1.jpg
abo-B07GF58FTH	1	https://amazon-berkeley-objects.s3.amazonaws.com/images/original/36/36f2e9c1.jpg
abo-B07GF58FTH	2	https://amazon-berkeley-objects.s3.amazonaws.com/images/original/cc/cca5787b.jpg
abo-B07GF58FTH	3	https://amazon-berkeley-objects.s3.amazonaws.com/images/original/89/894baf29.jpg
abo-B07GF58FTH	4	https://amazon-berkeley-objects.s3.amazonaws.com/images/original/d0/d0f2a1a5.jpg
abo-B07GF5F3H6	1	https://amazon-berkeley-objects.s3.amazonaws.com/images/original/f6/f6cffa6b.jpg
abo-B07GF5F3H6	2	https://amazon-berkeley-objects.s3.amazonaws.com/images/original/9a/9a58c02f.jpg
abo-B07GF5F3H6	3	https://amazon-berkeley-objects.s3.amazonaws.com/images/original/f1/f16a2d08.jpg
abo-B07GF5F3H6	4	https://amazon-berkeley-objects.s3.amazonaws.com/images/original/6c/6c674e23.jpg
abo-B07GF5F97V	1	https://amazon-berkeley-objects.s3.amazonaws.com/images/original/e5/e55b775c.jpg
abo-B07GF5F97V	2	https://amazon-berkeley-objects.s3.amazonaws.com/images/original/83/832b365a.jpg
abo-B07GF5F97V	3	https://amazon-berkeley-objects.s3.amazonaws.com/images/original/4e/4e2474fd.jpg
abo-B07GF5F97V	4	https://amazon-berkeley-objects.s3.amazonaws.com/images/original/9e/9e90d9ea.jpg
abo-B07GF5F9C9	1	https://amazon-berkeley-objects.s3.amazonaws.com/images/original/fd/fd8d82ba.jpg
abo-B07GF5F9C9	2	https://amazon-berkeley-objects.s3.amazonaws.com/images/original/3d/3db87999.jpg
abo-B07GF5F9C9	3	https://amazon-berkeley-objects.s3.amazonaws.com/images/original/e2/e2a81f34.jpg
abo-B07GF5F9C9	4	https://amazon-berkeley-objects.s3.amazonaws.com/images/original/de/dea54e01.jpg
abo-B07GF5F9DS	1	https://amazon-berkeley-objects.s3.amazonaws.com/images/original/3f/3fb6e5eb.jpg
abo-B07GF5F9DS	2	https://amazon-berkeley-objects.s3.amazonaws.com/images/original/e8/e8465b66.jpg
abo-B07GF5F9DS	3	https://amazon-berkeley-objects.s3.amazonaws.com/images/original/e8/e8700962.jpg
abo-B07GF5F9DS	4	https://amazon-berkeley-objects.s3.amazonaws.com/images/original/c2/c2838deb.jpg
abo-B07GF5FMJM	1	https://amazon-berkeley-objects.s3.amazonaws.com/images/original/80/8050fbb5.jpg
abo-B07GF5FMJM	2	https://amazon-berkeley-objects.s3.amazonaws.com/images/original/87/8725003c.jpg
abo-B07GF5FMJM	3	https://amazon-berkeley-objects.s3.amazonaws.com/images/original/88/8801c48a.jpg
abo-B07GF5FMJM	4	https://amazon-berkeley-objects.s3.amazonaws.com/images/original/07/076bfc07.jpg
abo-B07GF5FTM5	1	https://amazon-berkeley-objects.s3.amazonaws.com/images/original/8f/8fdd5ed3.jpg
abo-B07GF5FTM5	2	https://amazon-berkeley-objects.s3.amazonaws.com/images/original/66/6641ed77.jpg
abo-B07GF5FTM5	3	https://amazon-berkeley-objects.s3.amazonaws.com/images/original/d2/d25f782a.jpg
abo-B07GF5FTM5	4	https://amazon-berkeley-objects.s3.amazonaws.com/images/original/d7/d7088106.jpg
abo-B07GF5FTM5	5	https://amazon-berkeley-objects.s3.amazonaws.com/images/original/33/33f7f1c4.jpg
abo-B07GF5FTM5	6	https://amazon-berkeley-objects.s3.amazonaws.com/images/original/76/768e0c54.jpg
abo-B07GF5FTM5	7	https://amazon-berkeley-objects.s3.amazonaws.com/images/original/9a/9afa56e1.jpg
abo-B07GF5FTQJ	1	https://amazon-berkeley-objects.s3.amazonaws.com/images/original/05/0517bd2f.jpg
abo-B07GF5FTQJ	2	https://amazon-berkeley-objects.s3.amazonaws.com/images/original/39/3957b6ae.jpg
abo-B07GF5FTQJ	3	https://amazon-berkeley-objects.s3.amazonaws.com/images/original/86/86b6b4ed.jpg
abo-B07GF5FTQJ	4	https://amazon-berkeley-objects.s3.amazonaws.com/images/original/41/4182f21c.jpg
abo-B07GF7VNMZ	1	https://amazon-berkeley-objects.s3.amazonaws.com/images/original/61/61be434d.jpg
abo-B07GF7VNMZ	2	https://amazon-berkeley-objects.s3.amazonaws.com/images/original/73/73d097d2.jpg
abo-B07GF7VNMZ	3	https://amazon-berkeley-objects.s3.amazonaws.com/images/original/ab/abbf7e8d.jpg
abo-B07GF7VNMZ	4	https://amazon-berkeley-objects.s3.amazonaws.com/images/original/01/01bcd375.jpg
abo-B07GF7VNRC	1	https://amazon-berkeley-objects.s3.amazonaws.com/images/original/c6/c630121f.jpg
abo-B07GF7VNRC	2	https://amazon-berkeley-objects.s3.amazonaws.com/images/original/1a/1a972be2.jpg
abo-B07GF7VNRC	3	https://amazon-berkeley-objects.s3.amazonaws.com/images/original/93/93fcf7d5.jpg
abo-B07GF7VNRC	4	https://amazon-berkeley-objects.s3.amazonaws.com/images/original/44/44db1eef.jpg
abo-B07GF97GW4	1	https://amazon-berkeley-objects.s3.amazonaws.com/images/original/e1/e1e92eb6.jpg
abo-B07GF97GW4	2	https://amazon-berkeley-objects.s3.amazonaws.com/images/original/9f/9f2803c6.jpg
abo-B07GF97GW4	3	https://amazon-berkeley-objects.s3.amazonaws.com/images/original/66/66917877.jpg
abo-B07GF97GW4	4	https://amazon-berkeley-objects.s3.amazonaws.com/images/original/91/912f88ed.jpg
abo-B07GF9P3FY	1	https://amazon-berkeley-objects.s3.amazonaws.com/images/original/d5/d57021cf.jpg
abo-B07GF9P3FY	2	https://amazon-berkeley-objects.s3.amazonaws.com/images/original/79/798a2777.jpg
abo-B07GF9P3FY	3	https://amazon-berkeley-objects.s3.amazonaws.com/images/original/d3/d306532a.jpg
abo-B07GF9P3FY	4	https://amazon-berkeley-objects.s3.amazonaws.com/images/original/ab/ab4cb009.jpg
abo-B07GF9PGWX	1	https://amazon-berkeley-objects.s3.amazonaws.com/images/original/62/622c0b13.jpg
abo-B07GF9PGWX	2	https://amazon-berkeley-objects.s3.amazonaws.com/images/original/68/68259ee8.jpg
abo-B07GF9PGWX	3	https://amazon-berkeley-objects.s3.amazonaws.com/images/original/90/904f5a29.jpg
abo-B07GF9PGWX	4	https://amazon-berkeley-objects.s3.amazonaws.com/images/original/cb/cb5b438c.jpg
abo-B07GF9PGZF	1	https://amazon-berkeley-objects.s3.amazonaws.com/images/original/d8/d8484853.jpg
abo-B07GF9PGZF	2	https://amazon-berkeley-objects.s3.amazonaws.com/images/original/3b/3b2a303b.jpg
abo-B07GF9PGZF	3	https://amazon-berkeley-objects.s3.amazonaws.com/images/original/4c/4c2cbb75.jpg
abo-B07GF9PGZF	4	https://amazon-berkeley-objects.s3.amazonaws.com/images/original/c5/c51434de.jpg
abo-B07GF9PGZJ	1	https://amazon-berkeley-objects.s3.amazonaws.com/images/original/64/64f82301.jpg
abo-B07GF9PGZJ	2	https://amazon-berkeley-objects.s3.amazonaws.com/images/original/6e/6e942c20.jpg
abo-B07GF9PGZJ	3	https://amazon-berkeley-objects.s3.amazonaws.com/images/original/ae/ae2df5c2.jpg
abo-B07GF9PGZJ	4	https://amazon-berkeley-objects.s3.amazonaws.com/images/original/f5/f503f0fd.jpg
abo-B07GF9PGZJ	5	https://amazon-berkeley-objects.s3.amazonaws.com/images/original/d6/d6e776f6.jpg
abo-B07GF9PGZJ	6	https://amazon-berkeley-objects.s3.amazonaws.com/images/original/09/09f985df.jpg
abo-B07GF9PGZJ	7	https://amazon-berkeley-objects.s3.amazonaws.com/images/original/bc/bc2c79a2.jpg
abo-B07GFFLGG9	1	https://amazon-berkeley-objects.s3.amazonaws.com/images/original/26/2676efb9.jpg
abo-B07GFFLGG9	2	https://amazon-berkeley-objects.s3.amazonaws.com/images/original/a1/a11e13d6.jpg
abo-B07GFFLGG9	3	https://amazon-berkeley-objects.s3.amazonaws.com/images/original/f7/f7003bed.jpg
abo-B07GFFLGG9	4	https://amazon-berkeley-objects.s3.amazonaws.com/images/original/9f/9fa0defb.jpg
abo-B07GFFLGH5	1	https://amazon-berkeley-objects.s3.amazonaws.com/images/original/9c/9cce7c9e.jpg
abo-B07GFFLGH5	2	https://amazon-berkeley-objects.s3.amazonaws.com/images/original/0d/0d46eedb.jpg
abo-B07GFFLGH5	3	https://amazon-berkeley-objects.s3.amazonaws.com/images/original/66/66c0746a.jpg
abo-B07GFFLGH5	4	https://amazon-berkeley-objects.s3.amazonaws.com/images/original/a4/a41cc42e.jpg
abo-B07GFMFQ7L	1	https://amazon-berkeley-objects.s3.amazonaws.com/images/original/c5/c5711a64.jpg
abo-B07GFMFQ7L	2	https://amazon-berkeley-objects.s3.amazonaws.com/images/original/83/83512299.jpg
abo-B07GFMFQ7L	3	https://amazon-berkeley-objects.s3.amazonaws.com/images/original/e7/e70281d9.jpg
abo-B07GFMFQ7L	4	https://amazon-berkeley-objects.s3.amazonaws.com/images/original/21/2189e6b2.jpg
abo-B07GFRKRZG	1	https://amazon-berkeley-objects.s3.amazonaws.com/images/original/c7/c78e9af6.jpg
abo-B07GFRKRZG	2	https://amazon-berkeley-objects.s3.amazonaws.com/images/original/1e/1e517aa5.jpg
abo-B07GFRKRZG	3	https://amazon-berkeley-objects.s3.amazonaws.com/images/original/dc/dc8b6dde.jpg
abo-B07GFRKRZG	4	https://amazon-berkeley-objects.s3.amazonaws.com/images/original/ad/ad086ace.jpg
abo-B07GL3HNT3	1	https://amazon-berkeley-objects.s3.amazonaws.com/images/original/d6/d6d96fb0.jpg
abo-B07GL3HNT3	2	https://amazon-berkeley-objects.s3.amazonaws.com/images/original/c6/c665168c.jpg
abo-B07GL3HNT3	3	https://amazon-berkeley-objects.s3.amazonaws.com/images/original/dc/dc4ac092.jpg
abo-B07GL3HNT3	4	https://amazon-berkeley-objects.s3.amazonaws.com/images/original/93/93b67945.jpg
abo-B07GL3HNT3	5	https://amazon-berkeley-objects.s3.amazonaws.com/images/original/4f/4f31a5cb.jpg
abo-B07GL3HNT3	6	https://amazon-berkeley-objects.s3.amazonaws.com/images/original/c1/c1b64151.jpg
abo-B07GL3HNT3	7	https://amazon-berkeley-objects.s3.amazonaws.com/images/original/27/2738abb6.jpg
abo-B07GL3HNT3	8	https://amazon-berkeley-objects.s3.amazonaws.com/images/original/92/92961963.jpg
abo-B07GL3HNT6	1	https://amazon-berkeley-objects.s3.amazonaws.com/images/original/52/52167a52.jpg
abo-B07GL3HNT6	2	https://amazon-berkeley-objects.s3.amazonaws.com/images/original/c6/c665168c.jpg
abo-B07GL3HNT6	3	https://amazon-berkeley-objects.s3.amazonaws.com/images/original/67/67336080.jpg
abo-B07GL3HNT6	4	https://amazon-berkeley-objects.s3.amazonaws.com/images/original/fa/facea29d.jpg
abo-B07GL3HNT6	5	https://amazon-berkeley-objects.s3.amazonaws.com/images/original/89/896f2ff0.jpg
abo-B07GL3HNT6	6	https://amazon-berkeley-objects.s3.amazonaws.com/images/original/ce/ce2e4014.jpg
abo-B07GL3HNT6	7	https://amazon-berkeley-objects.s3.amazonaws.com/images/original/f1/f108cb68.jpg
abo-B07GL3HNT6	8	https://amazon-berkeley-objects.s3.amazonaws.com/images/original/e1/e17a11fb.jpg
abo-B07GNNPB38	1	https://amazon-berkeley-objects.s3.amazonaws.com/images/original/11/1138a8c1.jpg
abo-B07GNNPB38	2	https://amazon-berkeley-objects.s3.amazonaws.com/images/original/d8/d8043ee4.jpg
abo-B07GNNPB38	3	https://amazon-berkeley-objects.s3.amazonaws.com/images/original/d4/d455ddf7.jpg
abo-B07GNNPB38	4	https://amazon-berkeley-objects.s3.amazonaws.com/images/original/55/558c834e.jpg
abo-B07GNNPB3M	1	https://amazon-berkeley-objects.s3.amazonaws.com/images/original/ae/aec66d2c.jpg
abo-B07GNNPB3M	2	https://amazon-berkeley-objects.s3.amazonaws.com/images/original/fa/fa02eed9.jpg
abo-B07GNNPB3M	3	https://amazon-berkeley-objects.s3.amazonaws.com/images/original/93/93c2fb04.jpg
abo-B07GNNPB3M	4	https://amazon-berkeley-objects.s3.amazonaws.com/images/original/7e/7e0a394b.jpg
abo-B07GPF72BZ	1	https://amazon-berkeley-objects.s3.amazonaws.com/images/original/af/af543fd0.jpg
abo-B07GPF72BZ	2	https://amazon-berkeley-objects.s3.amazonaws.com/images/original/5d/5d43bd2a.jpg
abo-B07GPF72BZ	3	https://amazon-berkeley-objects.s3.amazonaws.com/images/original/3e/3e8e3381.jpg
abo-B07GPF72BZ	4	https://amazon-berkeley-objects.s3.amazonaws.com/images/original/4c/4caa674b.jpg
abo-B07GPRSP5R	1	https://amazon-berkeley-objects.s3.amazonaws.com/images/original/3a/3a8f4bf1.jpg
abo-B07GPRSP5R	2	https://amazon-berkeley-objects.s3.amazonaws.com/images/original/34/34c05808.jpg
abo-B07GPRSP5R	3	https://amazon-berkeley-objects.s3.amazonaws.com/images/original/b1/b1f4c3d2.jpg
abo-B07GPRSP5R	4	https://amazon-berkeley-objects.s3.amazonaws.com/images/original/25/259227f1.jpg
abo-B07GT113B3	1	https://amazon-berkeley-objects.s3.amazonaws.com/images/original/4f/4f5f46e7.jpg
abo-B07GT113B3	2	https://amazon-berkeley-objects.s3.amazonaws.com/images/original/1d/1d826c53.jpg
abo-B07GT113B3	3	https://amazon-berkeley-objects.s3.amazonaws.com/images/original/c6/c637307f.jpg
abo-B07GT113B3	4	https://amazon-berkeley-objects.s3.amazonaws.com/images/original/bc/bc65a637.jpg
abo-B07GXPLMBJ	1	https://amazon-berkeley-objects.s3.amazonaws.com/images/original/3d/3d5b81e0.jpg
abo-B07GXPLMBJ	2	https://amazon-berkeley-objects.s3.amazonaws.com/images/original/61/616fa367.jpg
abo-B07GXPLMBJ	3	https://amazon-berkeley-objects.s3.amazonaws.com/images/original/2e/2efa0c16.jpg
abo-B07GXPLMBJ	4	https://amazon-berkeley-objects.s3.amazonaws.com/images/original/ef/eff09b45.jpg
abo-B07GXRCN59	1	https://amazon-berkeley-objects.s3.amazonaws.com/images/original/55/55260ff5.jpg
abo-B07GXRCN59	2	https://amazon-berkeley-objects.s3.amazonaws.com/images/original/bb/bb75e2a0.jpg
abo-B07GXRCN59	3	https://amazon-berkeley-objects.s3.amazonaws.com/images/original/a4/a41cc42e.jpg
abo-B07GXRCN59	4	https://amazon-berkeley-objects.s3.amazonaws.com/images/original/a7/a7312a11.jpg
abo-B07GXRCN59	5	https://amazon-berkeley-objects.s3.amazonaws.com/images/original/f5/f5e4ac66.jpg
abo-B07GXRCN59	6	https://amazon-berkeley-objects.s3.amazonaws.com/images/original/da/da0f689a.jpg
abo-B07GXRCN59	7	https://amazon-berkeley-objects.s3.amazonaws.com/images/original/e3/e33a0950.jpg
abo-B07GXRCN59	8	https://amazon-berkeley-objects.s3.amazonaws.com/images/original/9e/9e605459.jpg
abo-B07GYC94VP	1	https://amazon-berkeley-objects.s3.amazonaws.com/images/original/f8/f8161a80.jpg
abo-B07GYC94VP	2	https://amazon-berkeley-objects.s3.amazonaws.com/images/original/cc/cca5787b.jpg
abo-B07GYC94VP	3	https://amazon-berkeley-objects.s3.amazonaws.com/images/original/89/894baf29.jpg
abo-B07GYC94VP	4	https://amazon-berkeley-objects.s3.amazonaws.com/images/original/d0/d0f2a1a5.jpg
abo-B07H2N6F9V	1	https://amazon-berkeley-objects.s3.amazonaws.com/images/original/da/da308820.jpg
abo-B07H2N6F9V	2	https://amazon-berkeley-objects.s3.amazonaws.com/images/original/23/235436f3.jpg
abo-B07H2N6F9V	3	https://amazon-berkeley-objects.s3.amazonaws.com/images/original/a3/a31165bb.jpg
abo-B07H2N6F9V	4	https://amazon-berkeley-objects.s3.amazonaws.com/images/original/fd/fde40548.jpg
abo-B07H2RQXZR	1	https://amazon-berkeley-objects.s3.amazonaws.com/images/original/a5/a5181d69.jpg
abo-B07H2RQXZR	2	https://amazon-berkeley-objects.s3.amazonaws.com/images/original/59/59396f96.jpg
abo-B07H2RQXZR	3	https://amazon-berkeley-objects.s3.amazonaws.com/images/original/16/1603f894.jpg
abo-B07H2RQXZR	4	https://amazon-berkeley-objects.s3.amazonaws.com/images/original/f9/f995a317.jpg
abo-B07H34V3KL	1	https://amazon-berkeley-objects.s3.amazonaws.com/images/original/7b/7b51cb64.jpg
abo-B07H34V3KL	2	https://amazon-berkeley-objects.s3.amazonaws.com/images/original/ee/ee2fd507.jpg
abo-B07H34V3KL	3	https://amazon-berkeley-objects.s3.amazonaws.com/images/original/19/196e2292.jpg
abo-B07H34V3KL	4	https://amazon-berkeley-objects.s3.amazonaws.com/images/original/4a/4a90edf4.jpg
abo-B07H36422Q	1	https://amazon-berkeley-objects.s3.amazonaws.com/images/original/57/57edbb85.jpg
abo-B07H36422Q	2	https://amazon-berkeley-objects.s3.amazonaws.com/images/original/a1/a134c69a.jpg
abo-B07H36422Q	3	https://amazon-berkeley-objects.s3.amazonaws.com/images/original/d1/d181834b.jpg
abo-B07H36422Q	4	https://amazon-berkeley-objects.s3.amazonaws.com/images/original/b2/b29a4bc2.jpg
abo-B07H8T8ZT1	1	https://amazon-berkeley-objects.s3.amazonaws.com/images/original/24/244a2a0a.jpg
abo-B07H8T8ZT1	2	https://amazon-berkeley-objects.s3.amazonaws.com/images/original/55/554a7e5e.jpg
abo-B07H8T8ZT1	3	https://amazon-berkeley-objects.s3.amazonaws.com/images/original/4e/4ee68782.jpg
abo-B07H8T8ZT1	4	https://amazon-berkeley-objects.s3.amazonaws.com/images/original/4c/4ce1b6da.jpg
abo-B07H8T8ZT1	5	https://amazon-berkeley-objects.s3.amazonaws.com/images/original/91/91f000b7.jpg
abo-B07H8T8ZT1	6	https://amazon-berkeley-objects.s3.amazonaws.com/images/original/56/56c1910d.jpg
abo-B07H8T8ZT1	7	https://amazon-berkeley-objects.s3.amazonaws.com/images/original/ca/ca487a08.jpg
abo-B07H8T8ZT1	8	https://amazon-berkeley-objects.s3.amazonaws.com/images/original/f9/f96f500c.jpg
abo-B07H9M97YT	1	https://amazon-berkeley-objects.s3.amazonaws.com/images/original/b6/b60752e5.jpg
abo-B07H9M97YT	2	https://amazon-berkeley-objects.s3.amazonaws.com/images/original/1e/1ec682e5.jpg
abo-B07H9M97YT	3	https://amazon-berkeley-objects.s3.amazonaws.com/images/original/ab/abdc9b5f.jpg
abo-B07H9M97YT	4	https://amazon-berkeley-objects.s3.amazonaws.com/images/original/28/28218f00.jpg
abo-B07H9RYVZ4	1	https://amazon-berkeley-objects.s3.amazonaws.com/images/original/3e/3e1e39a6.jpg
abo-B07H9RYVZ4	2	https://amazon-berkeley-objects.s3.amazonaws.com/images/original/1a/1ac38df5.jpg
abo-B07H9RYVZ4	3	https://amazon-berkeley-objects.s3.amazonaws.com/images/original/67/67687eb7.jpg
abo-B07H9RYVZ4	4	https://amazon-berkeley-objects.s3.amazonaws.com/images/original/83/835ac522.jpg
abo-B07HJNCFRQ	1	https://amazon-berkeley-objects.s3.amazonaws.com/images/original/dd/ddcfab45.jpg
abo-B07HJNCFRQ	2	https://amazon-berkeley-objects.s3.amazonaws.com/images/original/8c/8c7d6941.jpg
abo-B07HJNCFRQ	3	https://amazon-berkeley-objects.s3.amazonaws.com/images/original/3b/3b977b6f.jpg
abo-B07HJNCFRQ	4	https://amazon-berkeley-objects.s3.amazonaws.com/images/original/4a/4a9698a5.jpg
abo-B07HJQ5K5D	1	https://amazon-berkeley-objects.s3.amazonaws.com/images/original/38/3845ddc5.jpg
abo-B07HJQ5K5D	2	https://amazon-berkeley-objects.s3.amazonaws.com/images/original/52/52b6c82f.jpg
abo-B07HJQ5K5D	3	https://amazon-berkeley-objects.s3.amazonaws.com/images/original/3a/3a9ce352.jpg
abo-B07HJQ5K5D	4	https://amazon-berkeley-objects.s3.amazonaws.com/images/original/7a/7a25540e.jpg
abo-B07HJQ5NWT	1	https://amazon-berkeley-objects.s3.amazonaws.com/images/original/cf/cf7c3857.jpg
abo-B07HJQ5NWT	2	https://amazon-berkeley-objects.s3.amazonaws.com/images/original/37/37b13cda.jpg
abo-B07HJQ5NWT	3	https://amazon-berkeley-objects.s3.amazonaws.com/images/original/d4/d42036dd.jpg
abo-B07HJQ5NWT	4	https://amazon-berkeley-objects.s3.amazonaws.com/images/original/c8/c8fdf20e.jpg
abo-B07HK3HJ15	1	https://amazon-berkeley-objects.s3.amazonaws.com/images/original/35/3543fc19.jpg
abo-B07HK3HJ15	2	https://amazon-berkeley-objects.s3.amazonaws.com/images/original/9e/9eb36133.jpg
abo-B07HK3HJ15	3	https://amazon-berkeley-objects.s3.amazonaws.com/images/original/98/984e29de.jpg
abo-B07HK3HJ15	4	https://amazon-berkeley-objects.s3.amazonaws.com/images/original/ea/ea30f143.jpg
abo-B07HK3HJ6P	1	https://amazon-berkeley-objects.s3.amazonaws.com/images/original/e8/e8f26fa1.jpg
abo-B07HK3HJ6P	2	https://amazon-berkeley-objects.s3.amazonaws.com/images/original/da/da455922.jpg
abo-B07HK3HJ6P	3	https://amazon-berkeley-objects.s3.amazonaws.com/images/original/81/81868eb8.jpg
abo-B07HK3HJ6P	4	https://amazon-berkeley-objects.s3.amazonaws.com/images/original/e7/e7606fce.jpg
abo-B07HK3HJR5	1	https://amazon-berkeley-objects.s3.amazonaws.com/images/original/93/93dd4af3.jpg
abo-B07HK3HJR5	2	https://amazon-berkeley-objects.s3.amazonaws.com/images/original/a6/a69c2394.jpg
abo-B07HK3HJR5	3	https://amazon-berkeley-objects.s3.amazonaws.com/images/original/1f/1f4d5930.jpg
abo-B07HK3HJR5	4	https://amazon-berkeley-objects.s3.amazonaws.com/images/original/bc/bc2676ff.jpg
abo-B07HK3PK6C	1	https://amazon-berkeley-objects.s3.amazonaws.com/images/original/42/42e38527.jpg
abo-B07HK3PK6C	2	https://amazon-berkeley-objects.s3.amazonaws.com/images/original/56/5619d70c.jpg
abo-B07HK3PK6C	3	https://amazon-berkeley-objects.s3.amazonaws.com/images/original/7f/7fdc810e.jpg
abo-B07HK3PK6C	4	https://amazon-berkeley-objects.s3.amazonaws.com/images/original/81/817e8044.jpg
abo-B07HK3PNWZ	1	https://amazon-berkeley-objects.s3.amazonaws.com/images/original/8b/8bfbcd45.jpg
abo-B07HK3PNWZ	2	https://amazon-berkeley-objects.s3.amazonaws.com/images/original/73/73772249.jpg
abo-B07HK3PNWZ	3	https://amazon-berkeley-objects.s3.amazonaws.com/images/original/2e/2e3fd3b3.jpg
abo-B07HK3PNWZ	4	https://amazon-berkeley-objects.s3.amazonaws.com/images/original/53/5304fd8e.jpg
abo-B07HK3RNN7	1	https://amazon-berkeley-objects.s3.amazonaws.com/images/original/85/85328d97.jpg
abo-B07HK3RNN7	2	https://amazon-berkeley-objects.s3.amazonaws.com/images/original/21/212170cf.jpg
abo-B07HK3RNN7	3	https://amazon-berkeley-objects.s3.amazonaws.com/images/original/24/2473c397.jpg
abo-B07HK3RNN7	4	https://amazon-berkeley-objects.s3.amazonaws.com/images/original/74/743463fe.jpg
abo-B07HK3TM6S	1	https://amazon-berkeley-objects.s3.amazonaws.com/images/original/50/504019bb.jpg
abo-B07HK3TM6S	2	https://amazon-berkeley-objects.s3.amazonaws.com/images/original/3c/3c273b08.jpg
abo-B07HK3TM6S	3	https://amazon-berkeley-objects.s3.amazonaws.com/images/original/6d/6d637f89.jpg
abo-B07HK3TM6S	4	https://amazon-berkeley-objects.s3.amazonaws.com/images/original/a1/a17fe81c.jpg
abo-B07HK3TNDP	1	https://amazon-berkeley-objects.s3.amazonaws.com/images/original/89/89ee9b66.jpg
abo-B07HK3TNDP	2	https://amazon-berkeley-objects.s3.amazonaws.com/images/original/49/49463ff8.jpg
abo-B07HK3TNDP	3	https://amazon-berkeley-objects.s3.amazonaws.com/images/original/fb/fbca74ac.jpg
abo-B07HK3TNDP	4	https://amazon-berkeley-objects.s3.amazonaws.com/images/original/0b/0b8c9d34.jpg
abo-B07HK3YKZF	1	https://amazon-berkeley-objects.s3.amazonaws.com/images/original/17/178103de.jpg
abo-B07HK3YKZF	2	https://amazon-berkeley-objects.s3.amazonaws.com/images/original/b8/b829d513.jpg
abo-B07HK3YKZF	3	https://amazon-berkeley-objects.s3.amazonaws.com/images/original/bc/bcda7891.jpg
abo-B07HK3YKZF	4	https://amazon-berkeley-objects.s3.amazonaws.com/images/original/6a/6a8b9cf5.jpg
abo-B07HK419DX	1	https://amazon-berkeley-objects.s3.amazonaws.com/images/original/b2/b288a1a3.jpg
abo-B07HK419DX	2	https://amazon-berkeley-objects.s3.amazonaws.com/images/original/1d/1da8ca11.jpg
abo-B07HK419DX	3	https://amazon-berkeley-objects.s3.amazonaws.com/images/original/c3/c3f2baa9.jpg
abo-B07HK419DX	4	https://amazon-berkeley-objects.s3.amazonaws.com/images/original/7d/7d8a0c9e.jpg
abo-B07HK5CDRQ	1	https://amazon-berkeley-objects.s3.amazonaws.com/images/original/ce/ce0b55a2.jpg
abo-B07HK5CDRQ	2	https://amazon-berkeley-objects.s3.amazonaws.com/images/original/98/984e29de.jpg
abo-B07HK5CDRQ	3	https://amazon-berkeley-objects.s3.amazonaws.com/images/original/96/969c032e.jpg
abo-B07HK5CDRQ	4	https://amazon-berkeley-objects.s3.amazonaws.com/images/original/ec/ec3724c1.jpg
abo-B07HK5JJP2	1	https://amazon-berkeley-objects.s3.amazonaws.com/images/original/41/41dc9d08.jpg
abo-B07HK5JJP2	2	https://amazon-berkeley-objects.s3.amazonaws.com/images/original/73/73102d0d.jpg
abo-B07HK5JJP2	3	https://amazon-berkeley-objects.s3.amazonaws.com/images/original/cc/cc2b9828.jpg
abo-B07HK5JJP2	4	https://amazon-berkeley-objects.s3.amazonaws.com/images/original/67/679b4593.jpg
abo-B07HK5MXZ3	1	https://amazon-berkeley-objects.s3.amazonaws.com/images/original/b0/b0c0767f.jpg
abo-B07HK5MXZ3	2	https://amazon-berkeley-objects.s3.amazonaws.com/images/original/f4/f4f0055e.jpg
abo-B07HK5MXZ3	3	https://amazon-berkeley-objects.s3.amazonaws.com/images/original/bb/bb145702.jpg
abo-B07HK5MXZ3	4	https://amazon-berkeley-objects.s3.amazonaws.com/images/original/ba/ba029580.jpg
abo-B07HK5WXQP	1	https://amazon-berkeley-objects.s3.amazonaws.com/images/original/bb/bb62c513.jpg
abo-B07HK5WXQP	2	https://amazon-berkeley-objects.s3.amazonaws.com/images/original/83/837299d2.jpg
abo-B07HK5WXQP	3	https://amazon-berkeley-objects.s3.amazonaws.com/images/original/67/6746bbe0.jpg
abo-B07HK5WXQP	4	https://amazon-berkeley-objects.s3.amazonaws.com/images/original/70/703b92ed.jpg
abo-B07HK631PX	1	https://amazon-berkeley-objects.s3.amazonaws.com/images/original/cc/cc5c7151.jpg
abo-B07HK631PX	2	https://amazon-berkeley-objects.s3.amazonaws.com/images/original/b9/b9b709e7.jpg
abo-B07HK631PX	3	https://amazon-berkeley-objects.s3.amazonaws.com/images/original/bf/bf40c8b7.jpg
abo-B07HK631PX	4	https://amazon-berkeley-objects.s3.amazonaws.com/images/original/59/59a897dc.jpg
abo-B07HK663HN	1	https://amazon-berkeley-objects.s3.amazonaws.com/images/original/e7/e74255a9.jpg
abo-B07HK663HN	2	https://amazon-berkeley-objects.s3.amazonaws.com/images/original/d9/d9f32d8b.jpg
abo-B07HK663HN	3	https://amazon-berkeley-objects.s3.amazonaws.com/images/original/c2/c2cfaa5c.jpg
abo-B07HK663HN	4	https://amazon-berkeley-objects.s3.amazonaws.com/images/original/75/75856395.jpg
abo-B07HK67M71	1	https://amazon-berkeley-objects.s3.amazonaws.com/images/original/62/62767d02.jpg
abo-B07HK67M71	2	https://amazon-berkeley-objects.s3.amazonaws.com/images/original/00/0086c108.jpg
abo-B07HK67M71	3	https://amazon-berkeley-objects.s3.amazonaws.com/images/original/c1/c1eb6c6e.jpg
abo-B07HK67M71	4	https://amazon-berkeley-objects.s3.amazonaws.com/images/original/98/984e29de.jpg
abo-B07HK67M8R	1	https://amazon-berkeley-objects.s3.amazonaws.com/images/original/99/99840195.jpg
abo-B07HK67M8R	2	https://amazon-berkeley-objects.s3.amazonaws.com/images/original/4e/4e9659aa.jpg
abo-B07HK67M8R	3	https://amazon-berkeley-objects.s3.amazonaws.com/images/original/e3/e322d8cf.jpg
abo-B07HK67M8R	4	https://amazon-berkeley-objects.s3.amazonaws.com/images/original/9d/9d99d182.jpg
abo-B07HK67PJM	1	https://amazon-berkeley-objects.s3.amazonaws.com/images/original/f2/f2f9503f.jpg
abo-B07HK67PJM	2	https://amazon-berkeley-objects.s3.amazonaws.com/images/original/d4/d49bbe3b.jpg
abo-B07HK67PJM	3	https://amazon-berkeley-objects.s3.amazonaws.com/images/original/b3/b3580456.jpg
abo-B07HK67PJM	4	https://amazon-berkeley-objects.s3.amazonaws.com/images/original/3c/3c52d3cd.jpg
abo-B07HK68BTZ	1	https://amazon-berkeley-objects.s3.amazonaws.com/images/original/23/23f74cf9.jpg
abo-B07HK68BTZ	2	https://amazon-berkeley-objects.s3.amazonaws.com/images/original/87/871334f1.jpg
abo-B07HK68BTZ	3	https://amazon-berkeley-objects.s3.amazonaws.com/images/original/0d/0debcc46.jpg
abo-B07HK68BTZ	4	https://amazon-berkeley-objects.s3.amazonaws.com/images/original/c6/c6021b21.jpg
abo-B07HK6N3GK	1	https://amazon-berkeley-objects.s3.amazonaws.com/images/original/38/3863c1e8.jpg
abo-B07HK6N3GK	2	https://amazon-berkeley-objects.s3.amazonaws.com/images/original/1b/1bf131f5.jpg
abo-B07HK6N3GK	3	https://amazon-berkeley-objects.s3.amazonaws.com/images/original/1c/1c8dc62f.jpg
abo-B07HK6N3GK	4	https://amazon-berkeley-objects.s3.amazonaws.com/images/original/c9/c9de9e6d.jpg
abo-B07HK6Q49F	1	https://amazon-berkeley-objects.s3.amazonaws.com/images/original/98/98c9fe5e.jpg
abo-B07HK6Q49F	2	https://amazon-berkeley-objects.s3.amazonaws.com/images/original/c6/c696d8d0.jpg
abo-B07HK6Q49F	3	https://amazon-berkeley-objects.s3.amazonaws.com/images/original/9d/9d3c646f.jpg
abo-B07HK6Q49F	4	https://amazon-berkeley-objects.s3.amazonaws.com/images/original/96/963dffc0.jpg
abo-B07HK85RQF	1	https://amazon-berkeley-objects.s3.amazonaws.com/images/original/5a/5a442b21.jpg
abo-B07HK85RQF	2	https://amazon-berkeley-objects.s3.amazonaws.com/images/original/2f/2f454646.jpg
abo-B07HK85RQF	3	https://amazon-berkeley-objects.s3.amazonaws.com/images/original/ec/ec8dd381.jpg
abo-B07HK85RQF	4	https://amazon-berkeley-objects.s3.amazonaws.com/images/original/91/91114383.jpg
abo-B07HK85S41	1	https://amazon-berkeley-objects.s3.amazonaws.com/images/original/ea/ea913ec5.jpg
abo-B07HK85S41	2	https://amazon-berkeley-objects.s3.amazonaws.com/images/original/0a/0a57557f.jpg
abo-B07HK85S41	3	https://amazon-berkeley-objects.s3.amazonaws.com/images/original/a7/a702506f.jpg
abo-B07HK85S41	4	https://amazon-berkeley-objects.s3.amazonaws.com/images/original/53/53b75b80.jpg
abo-B07HK86P81	1	https://amazon-berkeley-objects.s3.amazonaws.com/images/original/57/578911c1.jpg
abo-B07HK86P81	2	https://amazon-berkeley-objects.s3.amazonaws.com/images/original/9a/9a6eda24.jpg
abo-B07HK86P81	3	https://amazon-berkeley-objects.s3.amazonaws.com/images/original/03/035a4442.jpg
abo-B07HK86P81	4	https://amazon-berkeley-objects.s3.amazonaws.com/images/original/37/379a9ec4.jpg
abo-B07HK86WK2	1	https://amazon-berkeley-objects.s3.amazonaws.com/images/original/38/38c6a3e8.jpg
abo-B07HK86WK2	2	https://amazon-berkeley-objects.s3.amazonaws.com/images/original/6b/6bfe936e.jpg
abo-B07HK86WK2	3	https://amazon-berkeley-objects.s3.amazonaws.com/images/original/bc/bcfc3948.jpg
abo-B07HK86WK2	4	https://amazon-berkeley-objects.s3.amazonaws.com/images/original/98/984e29de.jpg
abo-B07HK86WTF	1	https://amazon-berkeley-objects.s3.amazonaws.com/images/original/2c/2c957342.jpg
abo-B07HK86WTF	2	https://amazon-berkeley-objects.s3.amazonaws.com/images/original/86/861122da.jpg
abo-B07HK86WTF	3	https://amazon-berkeley-objects.s3.amazonaws.com/images/original/1a/1a9540bf.jpg
abo-B07HK86WTF	4	https://amazon-berkeley-objects.s3.amazonaws.com/images/original/55/556ed79a.jpg
abo-B07HK8ML99	1	https://amazon-berkeley-objects.s3.amazonaws.com/images/original/b0/b0802674.jpg
abo-B07HK8ML99	2	https://amazon-berkeley-objects.s3.amazonaws.com/images/original/d0/d0c46003.jpg
abo-B07HK8ML99	3	https://amazon-berkeley-objects.s3.amazonaws.com/images/original/77/7750ee20.jpg
abo-B07HK8ML99	4	https://amazon-berkeley-objects.s3.amazonaws.com/images/original/db/db17068c.jpg
abo-B07HK8NDJX	1	https://amazon-berkeley-objects.s3.amazonaws.com/images/original/03/03b71b06.jpg
abo-B07HK8NDJX	2	https://amazon-berkeley-objects.s3.amazonaws.com/images/original/c8/c8a692e0.jpg
abo-B07HK8NDJX	3	https://amazon-berkeley-objects.s3.amazonaws.com/images/original/0d/0debcc46.jpg
abo-B07HK8NDJX	4	https://amazon-berkeley-objects.s3.amazonaws.com/images/original/83/83bc6e70.jpg
abo-B07HK8NDXS	1	https://amazon-berkeley-objects.s3.amazonaws.com/images/original/4e/4e0468f8.jpg
abo-B07HK8NDXS	2	https://amazon-berkeley-objects.s3.amazonaws.com/images/original/6f/6fb657cc.jpg
abo-B07HK8NDXS	3	https://amazon-berkeley-objects.s3.amazonaws.com/images/original/bf/bf5b3d37.jpg
abo-B07HK8NDXS	4	https://amazon-berkeley-objects.s3.amazonaws.com/images/original/85/857cc82f.jpg
abo-B07HK8YH94	1	https://amazon-berkeley-objects.s3.amazonaws.com/images/original/7e/7e2a3902.jpg
abo-B07HK8YH94	2	https://amazon-berkeley-objects.s3.amazonaws.com/images/original/09/09e72399.jpg
abo-B07HK8YH94	3	https://amazon-berkeley-objects.s3.amazonaws.com/images/original/d4/d40c4d9f.jpg
abo-B07HK8YH94	4	https://amazon-berkeley-objects.s3.amazonaws.com/images/original/1e/1e34f5e7.jpg
abo-B07HK8YHB7	1	https://amazon-berkeley-objects.s3.amazonaws.com/images/original/d6/d6e519db.jpg
abo-B07HK8YHB7	2	https://amazon-berkeley-objects.s3.amazonaws.com/images/original/4f/4fbc5473.jpg
abo-B07HK8YHB7	3	https://amazon-berkeley-objects.s3.amazonaws.com/images/original/7b/7bca70f8.jpg
abo-B07HK8YHB7	4	https://amazon-berkeley-objects.s3.amazonaws.com/images/original/0d/0debcc46.jpg
abo-B07HKB5KNR	1	https://amazon-berkeley-objects.s3.amazonaws.com/images/original/bf/bf0624b9.jpg
abo-B07HKB5KNR	2	https://amazon-berkeley-objects.s3.amazonaws.com/images/original/42/427c9949.jpg
abo-B07HKB5KNR	3	https://amazon-berkeley-objects.s3.amazonaws.com/images/original/19/19124661.jpg
abo-B07HKB5KNR	4	https://amazon-berkeley-objects.s3.amazonaws.com/images/original/0e/0ec0e288.jpg
abo-B07HKBP18W	1	https://amazon-berkeley-objects.s3.amazonaws.com/images/original/14/1470e190.jpg
abo-B07HKBP18W	2	https://amazon-berkeley-objects.s3.amazonaws.com/images/original/8d/8d40fbac.jpg
abo-B07HKBP18W	3	https://amazon-berkeley-objects.s3.amazonaws.com/images/original/63/63ba44cd.jpg
abo-B07HKBP18W	4	https://amazon-berkeley-objects.s3.amazonaws.com/images/original/64/6490d396.jpg
abo-B07HKC3RXS	1	https://amazon-berkeley-objects.s3.amazonaws.com/images/original/f0/f0fd7c5e.jpg
abo-B07HKC3RXS	2	https://amazon-berkeley-objects.s3.amazonaws.com/images/original/9f/9fd09aa3.jpg
abo-B07HKC3RXS	3	https://amazon-berkeley-objects.s3.amazonaws.com/images/original/92/92b57514.jpg
abo-B07HKC3RXS	4	https://amazon-berkeley-objects.s3.amazonaws.com/images/original/39/3964d28a.jpg
abo-B07HKC5WF8	1	https://amazon-berkeley-objects.s3.amazonaws.com/images/original/f2/f2adc172.jpg
abo-B07HKC5WF8	2	https://amazon-berkeley-objects.s3.amazonaws.com/images/original/f7/f72bb598.jpg
abo-B07HKC5WF8	3	https://amazon-berkeley-objects.s3.amazonaws.com/images/original/62/62cb40d1.jpg
abo-B07HKC5WF8	4	https://amazon-berkeley-objects.s3.amazonaws.com/images/original/98/984e29de.jpg
abo-B07HKCJQ4N	1	https://amazon-berkeley-objects.s3.amazonaws.com/images/original/c9/c9f9182d.jpg
abo-B07HKCJQ4N	2	https://amazon-berkeley-objects.s3.amazonaws.com/images/original/04/043048c4.jpg
abo-B07HKCJQ4N	3	https://amazon-berkeley-objects.s3.amazonaws.com/images/original/0e/0e76c0a3.jpg
abo-B07HKCJQ4N	4	https://amazon-berkeley-objects.s3.amazonaws.com/images/original/ac/ac77f930.jpg
abo-B07HKCRWJH	1	https://amazon-berkeley-objects.s3.amazonaws.com/images/original/8b/8b9167b3.jpg
abo-B07HKCRWJH	2	https://amazon-berkeley-objects.s3.amazonaws.com/images/original/56/563abd38.jpg
abo-B07HKCRWJH	3	https://amazon-berkeley-objects.s3.amazonaws.com/images/original/24/24c1e1bf.jpg
abo-B07HKCRWJH	4	https://amazon-berkeley-objects.s3.amazonaws.com/images/original/1a/1a7a564c.jpg
abo-B07HKCRWSY	1	https://amazon-berkeley-objects.s3.amazonaws.com/images/original/60/60f9e3ea.jpg
abo-B07HKCRWSY	2	https://amazon-berkeley-objects.s3.amazonaws.com/images/original/c9/c9de9e6d.jpg
abo-B07HKCRWSY	3	https://amazon-berkeley-objects.s3.amazonaws.com/images/original/85/85310f85.jpg
abo-B07HKCRWSY	4	https://amazon-berkeley-objects.s3.amazonaws.com/images/original/2e/2ea373bc.jpg
abo-B07HKDSLCP	1	https://amazon-berkeley-objects.s3.amazonaws.com/images/original/fd/fd4f2722.jpg
abo-B07HKDSLCP	2	https://amazon-berkeley-objects.s3.amazonaws.com/images/original/cf/cf66674a.jpg
abo-B07HKDSLCP	3	https://amazon-berkeley-objects.s3.amazonaws.com/images/original/b9/b9954f74.jpg
abo-B07HKDSLCP	4	https://amazon-berkeley-objects.s3.amazonaws.com/images/original/89/898ab76f.jpg
abo-B07HKF28GD	1	https://amazon-berkeley-objects.s3.amazonaws.com/images/original/12/127a2525.jpg
abo-B07HKF28GD	2	https://amazon-berkeley-objects.s3.amazonaws.com/images/original/63/635e50b9.jpg
abo-B07HKF28GD	3	https://amazon-berkeley-objects.s3.amazonaws.com/images/original/31/31215cdd.jpg
abo-B07HKF28GD	4	https://amazon-berkeley-objects.s3.amazonaws.com/images/original/c1/c1537dbd.jpg
abo-B07HKF4GLP	1	https://amazon-berkeley-objects.s3.amazonaws.com/images/original/ca/caeb3e15.jpg
abo-B07HKF4GLP	2	https://amazon-berkeley-objects.s3.amazonaws.com/images/original/2f/2fee8d30.jpg
abo-B07HKF4GLP	3	https://amazon-berkeley-objects.s3.amazonaws.com/images/original/95/9565de2e.jpg
abo-B07HKF4GLP	4	https://amazon-berkeley-objects.s3.amazonaws.com/images/original/e8/e8e87f42.jpg
abo-B07HKF59YX	1	https://amazon-berkeley-objects.s3.amazonaws.com/images/original/82/82255360.jpg
abo-B07HKF59YX	2	https://amazon-berkeley-objects.s3.amazonaws.com/images/original/5c/5cd872c0.jpg
abo-B07HKF59YX	3	https://amazon-berkeley-objects.s3.amazonaws.com/images/original/9e/9e02045d.jpg
abo-B07HKF59YX	4	https://amazon-berkeley-objects.s3.amazonaws.com/images/original/88/88b0e759.jpg
abo-B07HKFDY51	1	https://amazon-berkeley-objects.s3.amazonaws.com/images/original/bb/bb4b90e8.jpg
abo-B07HKFDY51	2	https://amazon-berkeley-objects.s3.amazonaws.com/images/original/66/66d5ac90.jpg
abo-B07HKFDY51	3	https://amazon-berkeley-objects.s3.amazonaws.com/images/original/01/0196c56c.jpg
abo-B07HKFDY51	4	https://amazon-berkeley-objects.s3.amazonaws.com/images/original/0f/0f09d177.jpg
abo-B07HKFRV55	1	https://amazon-berkeley-objects.s3.amazonaws.com/images/original/6f/6f597360.jpg
abo-B07HKFRV55	2	https://amazon-berkeley-objects.s3.amazonaws.com/images/original/c9/c9de9e6d.jpg
abo-B07HKFRV55	3	https://amazon-berkeley-objects.s3.amazonaws.com/images/original/09/09849af3.jpg
abo-B07HKFRV55	4	https://amazon-berkeley-objects.s3.amazonaws.com/images/original/9f/9f4ef351.jpg
abo-B07HKGHSJJ	1	https://amazon-berkeley-objects.s3.amazonaws.com/images/original/56/5650e56d.jpg
abo-B07HKGHSJJ	2	https://amazon-berkeley-objects.s3.amazonaws.com/images/original/65/65f41ecf.jpg
abo-B07HKGHSJJ	3	https://amazon-berkeley-objects.s3.amazonaws.com/images/original/85/85ae3aa3.jpg
abo-B07HKGHSJJ	4	https://amazon-berkeley-objects.s3.amazonaws.com/images/original/84/84d7ab26.jpg
abo-B07HKGHSQT	1	https://amazon-berkeley-objects.s3.amazonaws.com/images/original/41/41f13c62.jpg
abo-B07HKGHSQT	2	https://amazon-berkeley-objects.s3.amazonaws.com/images/original/dc/dc8231ea.jpg
abo-B07HKGHSQT	3	https://amazon-berkeley-objects.s3.amazonaws.com/images/original/65/659b9c9e.jpg
abo-B07HKGHSQT	4	https://amazon-berkeley-objects.s3.amazonaws.com/images/original/2e/2e7835b8.jpg
abo-B07HKGHSR7	1	https://amazon-berkeley-objects.s3.amazonaws.com/images/original/72/7267bf33.jpg
abo-B07HKGHSR7	2	https://amazon-berkeley-objects.s3.amazonaws.com/images/original/45/45aa94d6.jpg
abo-B07HKGHSR7	3	https://amazon-berkeley-objects.s3.amazonaws.com/images/original/0d/0d1c115e.jpg
abo-B07HKGHSR7	4	https://amazon-berkeley-objects.s3.amazonaws.com/images/original/ae/ae7b5e21.jpg
abo-B07HKGHT98	1	https://amazon-berkeley-objects.s3.amazonaws.com/images/original/59/59fe95ba.jpg
abo-B07HKGHT98	2	https://amazon-berkeley-objects.s3.amazonaws.com/images/original/f1/f161f2e9.jpg
abo-B07HKGHT98	3	https://amazon-berkeley-objects.s3.amazonaws.com/images/original/eb/eb206374.jpg
abo-B07HKGHT98	4	https://amazon-berkeley-objects.s3.amazonaws.com/images/original/ec/ec0d6c34.jpg
abo-B07HKGHTGF	1	https://amazon-berkeley-objects.s3.amazonaws.com/images/original/45/45fe4fc2.jpg
abo-B07HKGHTGF	2	https://amazon-berkeley-objects.s3.amazonaws.com/images/original/80/80ba48f5.jpg
abo-B07HKGHTGF	3	https://amazon-berkeley-objects.s3.amazonaws.com/images/original/1c/1c6c49fb.jpg
abo-B07HKGHTGF	4	https://amazon-berkeley-objects.s3.amazonaws.com/images/original/a7/a77b9f1f.jpg
abo-B07HKGKSMM	1	https://amazon-berkeley-objects.s3.amazonaws.com/images/original/6a/6a23406e.jpg
abo-B07HKGKSMM	2	https://amazon-berkeley-objects.s3.amazonaws.com/images/original/e1/e195e4b2.jpg
abo-B07HKGKSMM	3	https://amazon-berkeley-objects.s3.amazonaws.com/images/original/0d/0debcc46.jpg
abo-B07HKGKSMM	4	https://amazon-berkeley-objects.s3.amazonaws.com/images/original/0b/0b58e1fe.jpg
abo-B07HKGKSMM	5	https://amazon-berkeley-objects.s3.amazonaws.com/images/original/25/2522be0e.jpg
abo-B07HKGKSMM	6	https://amazon-berkeley-objects.s3.amazonaws.com/images/original/65/65debe35.jpg
abo-B07HKGKSMM	7	https://amazon-berkeley-objects.s3.amazonaws.com/images/original/c5/c576a451.jpg
abo-B07HKGKSMM	8	https://amazon-berkeley-objects.s3.amazonaws.com/images/original/a3/a32935bb.jpg
abo-B07HKGMC96	1	https://amazon-berkeley-objects.s3.amazonaws.com/images/original/8b/8b8201bb.jpg
abo-B07HKGMC96	2	https://amazon-berkeley-objects.s3.amazonaws.com/images/original/c9/c98e4edb.jpg
abo-B07HKGMC96	3	https://amazon-berkeley-objects.s3.amazonaws.com/images/original/e1/e19fd1e0.jpg
abo-B07HKGMC96	4	https://amazon-berkeley-objects.s3.amazonaws.com/images/original/78/787ab231.jpg
abo-B07HKGY4J2	1	https://amazon-berkeley-objects.s3.amazonaws.com/images/original/7c/7c67b18f.jpg
abo-B07HKGY4J2	2	https://amazon-berkeley-objects.s3.amazonaws.com/images/original/64/64a0bff7.jpg
abo-B07HKGY4J2	3	https://amazon-berkeley-objects.s3.amazonaws.com/images/original/60/60c31b94.jpg
abo-B07HKGY4J2	4	https://amazon-berkeley-objects.s3.amazonaws.com/images/original/5f/5fb8457d.jpg
abo-B07HKN6MKT	1	https://amazon-berkeley-objects.s3.amazonaws.com/images/original/f7/f7a0723e.jpg
abo-B07HKN6MKT	2	https://amazon-berkeley-objects.s3.amazonaws.com/images/original/26/262ea5ce.jpg
abo-B07HKN6MKT	3	https://amazon-berkeley-objects.s3.amazonaws.com/images/original/5d/5db6ada9.jpg
abo-B07HKN6MKT	4	https://amazon-berkeley-objects.s3.amazonaws.com/images/original/e3/e34d031a.jpg
abo-B07HSBD8DM	1	https://amazon-berkeley-objects.s3.amazonaws.com/images/original/4c/4cded7e5.jpg
abo-B07HSBD8DM	2	https://amazon-berkeley-objects.s3.amazonaws.com/images/original/d4/d4d65c85.jpg
abo-B07HSBD8DM	3	https://amazon-berkeley-objects.s3.amazonaws.com/images/original/71/7101b8d0.jpg
abo-B07HSBD8DM	4	https://amazon-berkeley-objects.s3.amazonaws.com/images/original/4c/4c1077ec.jpg
abo-B07J2V25FZ	1	https://amazon-berkeley-objects.s3.amazonaws.com/images/original/78/78304e44.jpg
abo-B07J2V25FZ	2	https://amazon-berkeley-objects.s3.amazonaws.com/images/original/46/465b351e.jpg
abo-B07J2V25FZ	3	https://amazon-berkeley-objects.s3.amazonaws.com/images/original/06/063d38f7.jpg
abo-B07J2V25FZ	4	https://amazon-berkeley-objects.s3.amazonaws.com/images/original/19/19f98ff7.jpg
abo-B07J4HXTWJ	1	https://amazon-berkeley-objects.s3.amazonaws.com/images/original/d8/d8bd8b88.jpg
abo-B07J4HXTWJ	2	https://amazon-berkeley-objects.s3.amazonaws.com/images/original/01/0146ac59.jpg
abo-B07J4HXTWJ	3	https://amazon-berkeley-objects.s3.amazonaws.com/images/original/d8/d8c78f52.jpg
abo-B07J4HXTWJ	4	https://amazon-berkeley-objects.s3.amazonaws.com/images/original/f5/f517b5f9.jpg
abo-B07J4HXTWT	1	https://amazon-berkeley-objects.s3.amazonaws.com/images/original/3a/3a4b9316.jpg
abo-B07J4HXTWT	2	https://amazon-berkeley-objects.s3.amazonaws.com/images/original/92/921052e6.jpg
abo-B07J4HXTWT	3	https://amazon-berkeley-objects.s3.amazonaws.com/images/original/ca/cabbe94a.jpg
abo-B07J4HXTWT	4	https://amazon-berkeley-objects.s3.amazonaws.com/images/original/e1/e1239af6.jpg
abo-B07J4HY1BM	1	https://amazon-berkeley-objects.s3.amazonaws.com/images/original/6c/6c1f3c30.jpg
abo-B07J4HY1BM	2	https://amazon-berkeley-objects.s3.amazonaws.com/images/original/af/af309a4a.jpg
abo-B07J4HY1BM	3	https://amazon-berkeley-objects.s3.amazonaws.com/images/original/47/47b568b7.jpg
abo-B07J4HY1BM	4	https://amazon-berkeley-objects.s3.amazonaws.com/images/original/4f/4f30240b.jpg
abo-B07J4V9XFC	1	https://amazon-berkeley-objects.s3.amazonaws.com/images/original/84/84ff210e.jpg
abo-B07J4V9XFC	2	https://amazon-berkeley-objects.s3.amazonaws.com/images/original/21/2155d42f.jpg
abo-B07J4V9XFC	3	https://amazon-berkeley-objects.s3.amazonaws.com/images/original/ce/ce5aa48f.jpg
abo-B07J4V9XFC	4	https://amazon-berkeley-objects.s3.amazonaws.com/images/original/a9/a91adca5.jpg
abo-B07J4VDXGY	1	https://amazon-berkeley-objects.s3.amazonaws.com/images/original/24/247b26a5.jpg
abo-B07J4VDXGY	2	https://amazon-berkeley-objects.s3.amazonaws.com/images/original/0e/0ea522dc.jpg
abo-B07J4VDXGY	3	https://amazon-berkeley-objects.s3.amazonaws.com/images/original/af/af309a4a.jpg
abo-B07J4VDXGY	4	https://amazon-berkeley-objects.s3.amazonaws.com/images/original/38/38bfa2fb.jpg
abo-B07J4VHQSP	1	https://amazon-berkeley-objects.s3.amazonaws.com/images/original/e2/e2aad8f4.jpg
abo-B07J4VHQSP	2	https://amazon-berkeley-objects.s3.amazonaws.com/images/original/c8/c878150c.jpg
abo-B07J4VHQSP	3	https://amazon-berkeley-objects.s3.amazonaws.com/images/original/c8/c89df5d6.jpg
abo-B07J4VHQSP	4	https://amazon-berkeley-objects.s3.amazonaws.com/images/original/30/309a358d.jpg
abo-B07J4VHVB7	1	https://amazon-berkeley-objects.s3.amazonaws.com/images/original/b1/b18004a6.jpg
abo-B07J4VHVB7	2	https://amazon-berkeley-objects.s3.amazonaws.com/images/original/50/50e9efcd.jpg
abo-B07J4VHVB7	3	https://amazon-berkeley-objects.s3.amazonaws.com/images/original/55/55572ca5.jpg
abo-B07J4VHVB7	4	https://amazon-berkeley-objects.s3.amazonaws.com/images/original/52/52744e56.jpg
abo-B07J4VHVN5	1	https://amazon-berkeley-objects.s3.amazonaws.com/images/original/15/15b7db65.jpg
abo-B07J4VHVN5	2	https://amazon-berkeley-objects.s3.amazonaws.com/images/original/92/9281a51f.jpg
abo-B07J4VHVN5	3	https://amazon-berkeley-objects.s3.amazonaws.com/images/original/8d/8d15d906.jpg
abo-B07J4VHVN5	4	https://amazon-berkeley-objects.s3.amazonaws.com/images/original/45/456c94ee.jpg
abo-B07J4VHWQ3	1	https://amazon-berkeley-objects.s3.amazonaws.com/images/original/bb/bbbc26ba.jpg
abo-B07J4VHWQ3	2	https://amazon-berkeley-objects.s3.amazonaws.com/images/original/fd/fd87641f.jpg
abo-B07J4VHWQ3	3	https://amazon-berkeley-objects.s3.amazonaws.com/images/original/c7/c7639de7.jpg
abo-B07J4VHWQ3	4	https://amazon-berkeley-objects.s3.amazonaws.com/images/original/21/2169585b.jpg
abo-B07J4VHWQB	1	https://amazon-berkeley-objects.s3.amazonaws.com/images/original/f3/f38e2a21.jpg
abo-B07J4VHWQB	2	https://amazon-berkeley-objects.s3.amazonaws.com/images/original/9f/9f56df2f.jpg
abo-B07J4VHWQB	3	https://amazon-berkeley-objects.s3.amazonaws.com/images/original/8c/8cf61081.jpg
abo-B07J4VHWQB	4	https://amazon-berkeley-objects.s3.amazonaws.com/images/original/e6/e61d603a.jpg
abo-B07J4VK78L	1	https://amazon-berkeley-objects.s3.amazonaws.com/images/original/3b/3b9a0404.jpg
abo-B07J4VK78L	2	https://amazon-berkeley-objects.s3.amazonaws.com/images/original/99/99eeeeb6.jpg
abo-B07J4VK78L	3	https://amazon-berkeley-objects.s3.amazonaws.com/images/original/a0/a03a38fb.jpg
abo-B07J4VK78L	4	https://amazon-berkeley-objects.s3.amazonaws.com/images/original/0a/0a2661a0.jpg
abo-B07J4VLVCF	1	https://amazon-berkeley-objects.s3.amazonaws.com/images/original/5d/5d911d6e.jpg
abo-B07J4VLVCF	2	https://amazon-berkeley-objects.s3.amazonaws.com/images/original/63/633175ed.jpg
abo-B07J4VLVCF	3	https://amazon-berkeley-objects.s3.amazonaws.com/images/original/f7/f7e36952.jpg
abo-B07J4VLVCF	4	https://amazon-berkeley-objects.s3.amazonaws.com/images/original/9d/9dfbd701.jpg
abo-B07J4VLVPF	1	https://amazon-berkeley-objects.s3.amazonaws.com/images/original/c3/c3eb94c0.jpg
abo-B07J4VLVPF	2	https://amazon-berkeley-objects.s3.amazonaws.com/images/original/92/921052e6.jpg
abo-B07J4VLVPF	3	https://amazon-berkeley-objects.s3.amazonaws.com/images/original/62/625f5cce.jpg
abo-B07J4VLVPF	4	https://amazon-berkeley-objects.s3.amazonaws.com/images/original/cd/cda17a1f.jpg
abo-B07J4VQCL7	1	https://amazon-berkeley-objects.s3.amazonaws.com/images/original/4b/4b9d5c22.jpg
abo-B07J4VQCL7	2	https://amazon-berkeley-objects.s3.amazonaws.com/images/original/2e/2ee23ddc.jpg
abo-B07J4VQCL7	3	https://amazon-berkeley-objects.s3.amazonaws.com/images/original/92/92dd47cc.jpg
abo-B07J4VQCL7	4	https://amazon-berkeley-objects.s3.amazonaws.com/images/original/80/804600d8.jpg
abo-B07J4VQCMF	1	https://amazon-berkeley-objects.s3.amazonaws.com/images/original/1a/1a24b67d.jpg
abo-B07J4VQCMF	2	https://amazon-berkeley-objects.s3.amazonaws.com/images/original/7b/7b71029b.jpg
abo-B07J4VQCMF	3	https://amazon-berkeley-objects.s3.amazonaws.com/images/original/09/091097f3.jpg
abo-B07J4VQCMF	4	https://amazon-berkeley-objects.s3.amazonaws.com/images/original/02/022fa6a0.jpg
abo-B07J5HMF9P	1	https://amazon-berkeley-objects.s3.amazonaws.com/images/original/59/5909f4e5.jpg
abo-B07J5HMF9P	2	https://amazon-berkeley-objects.s3.amazonaws.com/images/original/2b/2b2e0d97.jpg
abo-B07J5HMF9P	3	https://amazon-berkeley-objects.s3.amazonaws.com/images/original/af/af309a4a.jpg
abo-B07J5HMF9P	4	https://amazon-berkeley-objects.s3.amazonaws.com/images/original/ba/ba51f051.jpg
abo-B07J5HMF9T	1	https://amazon-berkeley-objects.s3.amazonaws.com/images/original/9a/9a8d41e3.jpg
abo-B07J5HMF9T	2	https://amazon-berkeley-objects.s3.amazonaws.com/images/original/40/40b6d6ed.jpg
abo-B07J5HMF9T	3	https://amazon-berkeley-objects.s3.amazonaws.com/images/original/04/0412b3f5.jpg
abo-B07J5HMF9T	4	https://amazon-berkeley-objects.s3.amazonaws.com/images/original/4e/4e208765.jpg
abo-B07J5HR777	1	https://amazon-berkeley-objects.s3.amazonaws.com/images/original/0d/0d5983c7.jpg
abo-B07J5HR777	2	https://amazon-berkeley-objects.s3.amazonaws.com/images/original/e5/e56efccf.jpg
abo-B07J5HR777	3	https://amazon-berkeley-objects.s3.amazonaws.com/images/original/03/035a4a82.jpg
abo-B07J5HR777	4	https://amazon-berkeley-objects.s3.amazonaws.com/images/original/cd/cddcb05b.jpg
abo-B07J5HR7D6	1	https://amazon-berkeley-objects.s3.amazonaws.com/images/original/b1/b1fd3608.jpg
abo-B07J5HR7D6	2	https://amazon-berkeley-objects.s3.amazonaws.com/images/original/d3/d351d165.jpg
abo-B07J5HR7D6	3	https://amazon-berkeley-objects.s3.amazonaws.com/images/original/1b/1bf43c39.jpg
abo-B07J5HR7D6	4	https://amazon-berkeley-objects.s3.amazonaws.com/images/original/08/08bf7d61.jpg
abo-B07J5MNSVT	1	https://amazon-berkeley-objects.s3.amazonaws.com/images/original/f0/f07f4f78.jpg
abo-B07J5MNSVT	2	https://amazon-berkeley-objects.s3.amazonaws.com/images/original/d7/d78f8f20.jpg
abo-B07J5MNSVT	3	https://amazon-berkeley-objects.s3.amazonaws.com/images/original/30/30959480.jpg
abo-B07J5MNSVT	4	https://amazon-berkeley-objects.s3.amazonaws.com/images/original/4e/4ed92b99.jpg
abo-B07J5MV6K8	1	https://amazon-berkeley-objects.s3.amazonaws.com/images/original/cd/cd43fd32.jpg
abo-B07J5MV6K8	2	https://amazon-berkeley-objects.s3.amazonaws.com/images/original/b6/b6fd0141.jpg
abo-B07J5MV6K8	3	https://amazon-berkeley-objects.s3.amazonaws.com/images/original/cc/ccd13111.jpg
abo-B07J5MV6K8	4	https://amazon-berkeley-objects.s3.amazonaws.com/images/original/01/01056727.jpg
abo-B07JB6RD6S	1	https://amazon-berkeley-objects.s3.amazonaws.com/images/original/51/511d0f42.jpg
abo-B07JB6RD6S	2	https://amazon-berkeley-objects.s3.amazonaws.com/images/original/2b/2b42dfc1.jpg
abo-B07JB6RD6S	3	https://amazon-berkeley-objects.s3.amazonaws.com/images/original/72/726c9431.jpg
abo-B07JB6RD6S	4	https://amazon-berkeley-objects.s3.amazonaws.com/images/original/0b/0bf01ad2.jpg
abo-B07JCMYJGR	1	https://amazon-berkeley-objects.s3.amazonaws.com/images/original/05/05491e35.jpg
abo-B07JCMYJGR	2	https://amazon-berkeley-objects.s3.amazonaws.com/images/original/21/2156b5ad.jpg
abo-B07JCMYJGR	3	https://amazon-berkeley-objects.s3.amazonaws.com/images/original/41/414e3684.jpg
abo-B07JCMYJGR	4	https://amazon-berkeley-objects.s3.amazonaws.com/images/original/37/37c2fbc2.jpg
abo-B07JCN8CCH	1	https://amazon-berkeley-objects.s3.amazonaws.com/images/original/09/0900529c.jpg
abo-B07JCN8CCH	2	https://amazon-berkeley-objects.s3.amazonaws.com/images/original/34/347b78c1.jpg
abo-B07JCN8CCH	3	https://amazon-berkeley-objects.s3.amazonaws.com/images/original/86/8605d4cd.jpg
abo-B07JCN8CCH	4	https://amazon-berkeley-objects.s3.amazonaws.com/images/original/be/befeafad.jpg
abo-B07JJF6G9Q	1	https://amazon-berkeley-objects.s3.amazonaws.com/images/original/b7/b73c4e3f.jpg
abo-B07JJF6G9Q	2	https://amazon-berkeley-objects.s3.amazonaws.com/images/original/e8/e83c619f.jpg
abo-B07JJF6G9Q	3	https://amazon-berkeley-objects.s3.amazonaws.com/images/original/3d/3da69ffa.jpg
abo-B07JJF6G9Q	4	https://amazon-berkeley-objects.s3.amazonaws.com/images/original/90/90a65767.jpg
abo-B07JLGMNLZ	1	https://amazon-berkeley-objects.s3.amazonaws.com/images/original/3b/3bd657cc.jpg
abo-B07JLGMNLZ	2	https://amazon-berkeley-objects.s3.amazonaws.com/images/original/2f/2f7acee7.jpg
abo-B07JLGMNLZ	3	https://amazon-berkeley-objects.s3.amazonaws.com/images/original/aa/aa544e90.jpg
abo-B07JLGMNLZ	4	https://amazon-berkeley-objects.s3.amazonaws.com/images/original/6e/6e345f28.jpg
abo-B07JLGMPQC	1	https://amazon-berkeley-objects.s3.amazonaws.com/images/original/55/555cedaa.jpg
abo-B07JLGMPQC	2	https://amazon-berkeley-objects.s3.amazonaws.com/images/original/23/2378f601.jpg
abo-B07JLGMPQC	3	https://amazon-berkeley-objects.s3.amazonaws.com/images/original/4e/4e0004f7.jpg
abo-B07JLGMPQC	4	https://amazon-berkeley-objects.s3.amazonaws.com/images/original/ac/ac38dfe3.jpg
abo-B07JLGMPQC	5	https://amazon-berkeley-objects.s3.amazonaws.com/images/original/7f/7f903c27.jpg
abo-B07JLGMPQC	6	https://amazon-berkeley-objects.s3.amazonaws.com/images/original/67/67da5339.jpg
abo-B07JLGMPQC	7	https://amazon-berkeley-objects.s3.amazonaws.com/images/original/61/61cb7cd4.jpg
abo-B07JLGMPQC	8	https://amazon-berkeley-objects.s3.amazonaws.com/images/original/7c/7c1dad96.jpg
abo-B07JLGMZTV	1	https://amazon-berkeley-objects.s3.amazonaws.com/images/original/1e/1ee9ad56.jpg
abo-B07JLGMZTV	2	https://amazon-berkeley-objects.s3.amazonaws.com/images/original/66/66c11287.jpg
abo-B07JLGMZTV	3	https://amazon-berkeley-objects.s3.amazonaws.com/images/original/9e/9e53c25f.jpg
abo-B07JLGMZTV	4	https://amazon-berkeley-objects.s3.amazonaws.com/images/original/a1/a179cd33.jpg
abo-B07JLGMZTV	5	https://amazon-berkeley-objects.s3.amazonaws.com/images/original/b4/b45bf37c.jpg
abo-B07JLGMZTV	6	https://amazon-berkeley-objects.s3.amazonaws.com/images/original/d5/d58bfe92.jpg
abo-B07JLGMZTV	7	https://amazon-berkeley-objects.s3.amazonaws.com/images/original/22/229907db.jpg
abo-B07JLGMZTV	8	https://amazon-berkeley-objects.s3.amazonaws.com/images/original/ab/ab41f113.jpg
abo-B07JLGN5QK	1	https://amazon-berkeley-objects.s3.amazonaws.com/images/original/32/3218e1e1.jpg
abo-B07JLGN5QK	2	https://amazon-berkeley-objects.s3.amazonaws.com/images/original/22/22cd89d0.jpg
abo-B07JLGN5QK	3	https://amazon-berkeley-objects.s3.amazonaws.com/images/original/6e/6e345f28.jpg
abo-B07JLGN5QK	4	https://amazon-berkeley-objects.s3.amazonaws.com/images/original/24/242ada89.jpg
abo-B07JLGNPBW	1	https://amazon-berkeley-objects.s3.amazonaws.com/images/original/ee/ee543a66.jpg
abo-B07JLGNPBW	2	https://amazon-berkeley-objects.s3.amazonaws.com/images/original/66/66c11287.jpg
abo-B07JLGNPBW	3	https://amazon-berkeley-objects.s3.amazonaws.com/images/original/be/be79fe65.jpg
abo-B07JLGNPBW	4	https://amazon-berkeley-objects.s3.amazonaws.com/images/original/0d/0d9003ec.jpg
abo-B07JLGNPBW	5	https://amazon-berkeley-objects.s3.amazonaws.com/images/original/c3/c30dafc0.jpg
abo-B07JLGNPBW	6	https://amazon-berkeley-objects.s3.amazonaws.com/images/original/a1/a179cd33.jpg
abo-B07JLGNPBW	7	https://amazon-berkeley-objects.s3.amazonaws.com/images/original/b4/b45bf37c.jpg
abo-B07JLGNPBW	8	https://amazon-berkeley-objects.s3.amazonaws.com/images/original/d5/d58bfe92.jpg
abo-B07JLGNPC6	1	https://amazon-berkeley-objects.s3.amazonaws.com/images/original/b2/b2dee3d2.jpg
abo-B07JLGNPC6	2	https://amazon-berkeley-objects.s3.amazonaws.com/images/original/23/2378f601.jpg
abo-B07JLGNPC6	3	https://amazon-berkeley-objects.s3.amazonaws.com/images/original/4e/4e0004f7.jpg
abo-B07JLGNPC6	4	https://amazon-berkeley-objects.s3.amazonaws.com/images/original/ac/ac38dfe3.jpg
abo-B07JLGNPC6	5	https://amazon-berkeley-objects.s3.amazonaws.com/images/original/67/67da5339.jpg
abo-B07JLGNPC6	6	https://amazon-berkeley-objects.s3.amazonaws.com/images/original/e2/e29d082d.jpg
abo-B07JLGNPC6	7	https://amazon-berkeley-objects.s3.amazonaws.com/images/original/61/61cb7cd4.jpg
abo-B07JLGNPC6	8	https://amazon-berkeley-objects.s3.amazonaws.com/images/original/7c/7c1dad96.jpg
abo-B07JLZKQ9R	1	https://amazon-berkeley-objects.s3.amazonaws.com/images/original/2d/2d803c36.jpg
abo-B07JLZKQ9R	2	https://amazon-berkeley-objects.s3.amazonaws.com/images/original/66/66c11287.jpg
abo-B07JLZKQ9R	3	https://amazon-berkeley-objects.s3.amazonaws.com/images/original/a3/a31cc7a1.jpg
abo-B07JLZKQ9R	4	https://amazon-berkeley-objects.s3.amazonaws.com/images/original/fc/fc095b2f.jpg
abo-B07JLZKQ9R	5	https://amazon-berkeley-objects.s3.amazonaws.com/images/original/b4/b45bf37c.jpg
abo-B07JLZKQ9R	6	https://amazon-berkeley-objects.s3.amazonaws.com/images/original/d5/d58bfe92.jpg
abo-B07JLZKQ9R	7	https://amazon-berkeley-objects.s3.amazonaws.com/images/original/6a/6aa1d887.jpg
abo-B07JLZKQ9R	8	https://amazon-berkeley-objects.s3.amazonaws.com/images/original/32/32cb8926.jpg
abo-B07JLZKQB5	1	https://amazon-berkeley-objects.s3.amazonaws.com/images/original/4e/4e9003bd.jpg
abo-B07JLZKQB5	2	https://amazon-berkeley-objects.s3.amazonaws.com/images/original/66/66c11287.jpg
abo-B07JLZKQB5	3	https://amazon-berkeley-objects.s3.amazonaws.com/images/original/53/532d62f5.jpg
abo-B07JLZKQB5	4	https://amazon-berkeley-objects.s3.amazonaws.com/images/original/3a/3adb95e8.jpg
abo-B07JLZKQB5	5	https://amazon-berkeley-objects.s3.amazonaws.com/images/original/b4/b45bf37c.jpg
abo-B07JLZKQB5	6	https://amazon-berkeley-objects.s3.amazonaws.com/images/original/d5/d58bfe92.jpg
abo-B07JLZKQB5	7	https://amazon-berkeley-objects.s3.amazonaws.com/images/original/99/99669102.jpg
abo-B07JLZKQB5	8	https://amazon-berkeley-objects.s3.amazonaws.com/images/original/ab/ab41f113.jpg
abo-B07JLZN1QR	1	https://amazon-berkeley-objects.s3.amazonaws.com/images/original/cf/cf0a6b87.jpg
abo-B07JLZN1QR	2	https://amazon-berkeley-objects.s3.amazonaws.com/images/original/66/66c11287.jpg
abo-B07JLZN1QR	3	https://amazon-berkeley-objects.s3.amazonaws.com/images/original/b8/b8ee7fc0.jpg
abo-B07JLZN1QR	4	https://amazon-berkeley-objects.s3.amazonaws.com/images/original/b4/b45bf37c.jpg
abo-B07JLZN1QR	5	https://amazon-berkeley-objects.s3.amazonaws.com/images/original/d5/d58bfe92.jpg
abo-B07JLZN1QR	6	https://amazon-berkeley-objects.s3.amazonaws.com/images/original/79/79c91a98.jpg
abo-B07JLZN1QR	7	https://amazon-berkeley-objects.s3.amazonaws.com/images/original/03/03097cc6.jpg
abo-B07JLZN1QR	8	https://amazon-berkeley-objects.s3.amazonaws.com/images/original/ab/ab41f113.jpg
abo-B07JLZQZW8	1	https://amazon-berkeley-objects.s3.amazonaws.com/images/original/87/87a85cac.jpg
abo-B07JLZQZW8	2	https://amazon-berkeley-objects.s3.amazonaws.com/images/original/5b/5b870aa8.jpg
abo-B07JLZQZW8	3	https://amazon-berkeley-objects.s3.amazonaws.com/images/original/d8/d8869306.jpg
abo-B07JLZQZW8	4	https://amazon-berkeley-objects.s3.amazonaws.com/images/original/6e/6e345f28.jpg
abo-B07JLZQZW8	5	https://amazon-berkeley-objects.s3.amazonaws.com/images/original/cc/cce56850.jpg
abo-B07JLZQZW8	6	https://amazon-berkeley-objects.s3.amazonaws.com/images/original/67/67da5339.jpg
abo-B07JLZQZW8	7	https://amazon-berkeley-objects.s3.amazonaws.com/images/original/02/0261ec05.jpg
abo-B07JLZQZW8	8	https://amazon-berkeley-objects.s3.amazonaws.com/images/original/61/61cb7cd4.jpg
abo-B07JLZTL3J	1	https://amazon-berkeley-objects.s3.amazonaws.com/images/original/05/05153206.jpg
abo-B07JLZTL3J	2	https://amazon-berkeley-objects.s3.amazonaws.com/images/original/66/66c11287.jpg
abo-B07JLZTL3J	3	https://amazon-berkeley-objects.s3.amazonaws.com/images/original/da/da7c63fb.jpg
abo-B07JLZTL3J	4	https://amazon-berkeley-objects.s3.amazonaws.com/images/original/a1/a179cd33.jpg
abo-B07JLZTL3J	5	https://amazon-berkeley-objects.s3.amazonaws.com/images/original/b4/b45bf37c.jpg
abo-B07JLZTL3J	6	https://amazon-berkeley-objects.s3.amazonaws.com/images/original/d5/d58bfe92.jpg
abo-B07JLZTL3J	7	https://amazon-berkeley-objects.s3.amazonaws.com/images/original/c7/c7c5dd46.jpg
abo-B07JLZTL3J	8	https://amazon-berkeley-objects.s3.amazonaws.com/images/original/ab/ab41f113.jpg
abo-B07JLZTL45	1	https://amazon-berkeley-objects.s3.amazonaws.com/images/original/f6/f699ce60.jpg
abo-B07JLZTL45	2	https://amazon-berkeley-objects.s3.amazonaws.com/images/original/66/66c11287.jpg
abo-B07JLZTL45	3	https://amazon-berkeley-objects.s3.amazonaws.com/images/original/c3/c30dafc0.jpg
abo-B07JLZTL45	4	https://amazon-berkeley-objects.s3.amazonaws.com/images/original/97/97d76f5f.jpg
abo-B07JLZTL45	5	https://amazon-berkeley-objects.s3.amazonaws.com/images/original/4a/4a0ba77f.jpg
abo-B07JLZTL45	6	https://amazon-berkeley-objects.s3.amazonaws.com/images/original/b4/b45bf37c.jpg
abo-B07JLZTL45	7	https://amazon-berkeley-objects.s3.amazonaws.com/images/original/d5/d58bfe92.jpg
abo-B07JLZTL45	8	https://amazon-berkeley-objects.s3.amazonaws.com/images/original/bc/bcdc4b61.jpg
abo-B07JMBT69Q	1	https://amazon-berkeley-objects.s3.amazonaws.com/images/original/e5/e5e2949e.jpg
abo-B07JMBT69Q	2	https://amazon-berkeley-objects.s3.amazonaws.com/images/original/66/66c11287.jpg
abo-B07JMBT69Q	3	https://amazon-berkeley-objects.s3.amazonaws.com/images/original/9a/9ab3f84a.jpg
abo-B07JMBT69Q	4	https://amazon-berkeley-objects.s3.amazonaws.com/images/original/b4/b45bf37c.jpg
abo-B07JMBT69Q	5	https://amazon-berkeley-objects.s3.amazonaws.com/images/original/d5/d58bfe92.jpg
abo-B07JMBT69Q	6	https://amazon-berkeley-objects.s3.amazonaws.com/images/original/c7/c7c5dd46.jpg
abo-B07JMBT69Q	7	https://amazon-berkeley-objects.s3.amazonaws.com/images/original/bc/bcdc4b61.jpg
abo-B07JMBT69Q	8	https://amazon-berkeley-objects.s3.amazonaws.com/images/original/15/15d72ab0.jpg
abo-B07JMBTLP4	1	https://amazon-berkeley-objects.s3.amazonaws.com/images/original/13/13156686.jpg
abo-B07JMBTLP4	2	https://amazon-berkeley-objects.s3.amazonaws.com/images/original/22/22a51e11.jpg
abo-B07JMBTLP4	3	https://amazon-berkeley-objects.s3.amazonaws.com/images/original/3a/3ad654aa.jpg
abo-B07JMBTLP4	4	https://amazon-berkeley-objects.s3.amazonaws.com/images/original/17/17e5c984.jpg
abo-B07JMBTQ57	1	https://amazon-berkeley-objects.s3.amazonaws.com/images/original/4e/4e5e7b71.jpg
abo-B07JMBTQ57	2	https://amazon-berkeley-objects.s3.amazonaws.com/images/original/9b/9b29fc15.jpg
abo-B07JMBTQ57	3	https://amazon-berkeley-objects.s3.amazonaws.com/images/original/6e/6e345f28.jpg
abo-B07JMBTQ57	4	https://amazon-berkeley-objects.s3.amazonaws.com/images/original/66/66def6ff.jpg
abo-B07JMBV2DS	1	https://amazon-berkeley-objects.s3.amazonaws.com/images/original/15/15be87f6.jpg
abo-B07JMBV2DS	2	https://amazon-berkeley-objects.s3.amazonaws.com/images/original/66/66c11287.jpg
abo-B07JMBV2DS	3	https://amazon-berkeley-objects.s3.amazonaws.com/images/original/b4/b45bf37c.jpg
abo-B07JMBV2DS	4	https://amazon-berkeley-objects.s3.amazonaws.com/images/original/d5/d58bfe92.jpg
abo-B07JMBV2DS	5	https://amazon-berkeley-objects.s3.amazonaws.com/images/original/6a/6aa1d887.jpg
abo-B07JMBV2DS	6	https://amazon-berkeley-objects.s3.amazonaws.com/images/original/c7/c7c5dd46.jpg
abo-B07JMBV2DS	7	https://amazon-berkeley-objects.s3.amazonaws.com/images/original/d0/d023358d.jpg
abo-B07JMBV2DS	8	https://amazon-berkeley-objects.s3.amazonaws.com/images/original/bc/bcdc4b61.jpg
abo-B07JMBVB11	1	https://amazon-berkeley-objects.s3.amazonaws.com/images/original/27/2733ec03.jpg
abo-B07JMBVB11	2	https://amazon-berkeley-objects.s3.amazonaws.com/images/original/66/66c11287.jpg
abo-B07JMBVB11	3	https://amazon-berkeley-objects.s3.amazonaws.com/images/original/b4/b45bf37c.jpg
abo-B07JMBVB11	4	https://amazon-berkeley-objects.s3.amazonaws.com/images/original/4a/4a6a432c.jpg
abo-B07JMBVB11	5	https://amazon-berkeley-objects.s3.amazonaws.com/images/original/d5/d58bfe92.jpg
abo-B07JMBVB11	6	https://amazon-berkeley-objects.s3.amazonaws.com/images/original/6a/6aa1d887.jpg
abo-B07JMBVB11	7	https://amazon-berkeley-objects.s3.amazonaws.com/images/original/ab/ab41f113.jpg
abo-B07JMBVB11	8	https://amazon-berkeley-objects.s3.amazonaws.com/images/original/dc/dc730815.jpg
abo-B07JMP17M7	1	https://amazon-berkeley-objects.s3.amazonaws.com/images/original/27/2771ba13.jpg
abo-B07JMP17M7	2	https://amazon-berkeley-objects.s3.amazonaws.com/images/original/66/66c11287.jpg
abo-B07JMP17M7	3	https://amazon-berkeley-objects.s3.amazonaws.com/images/original/be/be79fe65.jpg
abo-B07JMP17M7	4	https://amazon-berkeley-objects.s3.amazonaws.com/images/original/b4/b45bf37c.jpg
abo-B07JMP17M7	5	https://amazon-berkeley-objects.s3.amazonaws.com/images/original/d5/d58bfe92.jpg
abo-B07JMP17M7	6	https://amazon-berkeley-objects.s3.amazonaws.com/images/original/f1/f138a812.jpg
abo-B07JMP17M7	7	https://amazon-berkeley-objects.s3.amazonaws.com/images/original/6a/6aa1d887.jpg
abo-B07JMP17M7	8	https://amazon-berkeley-objects.s3.amazonaws.com/images/original/c7/c7c5dd46.jpg
abo-B07JMPB4HW	1	https://amazon-berkeley-objects.s3.amazonaws.com/images/original/bb/bb414711.jpg
abo-B07JMPB4HW	2	https://amazon-berkeley-objects.s3.amazonaws.com/images/original/b7/b78ac148.jpg
abo-B07JMPB4HW	3	https://amazon-berkeley-objects.s3.amazonaws.com/images/original/6e/6e345f28.jpg
abo-B07JMPB4HW	4	https://amazon-berkeley-objects.s3.amazonaws.com/images/original/ee/ee682959.jpg
abo-B07JMPB4KS	1	https://amazon-berkeley-objects.s3.amazonaws.com/images/original/3a/3a1bccf7.jpg
abo-B07JMPB4KS	2	https://amazon-berkeley-objects.s3.amazonaws.com/images/original/66/66c11287.jpg
abo-B07JMPB4KS	3	https://amazon-berkeley-objects.s3.amazonaws.com/images/original/be/be79fe65.jpg
abo-B07JMPB4KS	4	https://amazon-berkeley-objects.s3.amazonaws.com/images/original/c3/c30dafc0.jpg
abo-B07JMPB4KS	5	https://amazon-berkeley-objects.s3.amazonaws.com/images/original/4a/4a0ba77f.jpg
abo-B07JMPB4KS	6	https://amazon-berkeley-objects.s3.amazonaws.com/images/original/b4/b45bf37c.jpg
abo-B07JMPB4KS	7	https://amazon-berkeley-objects.s3.amazonaws.com/images/original/d5/d58bfe92.jpg
abo-B07JMPB4KS	8	https://amazon-berkeley-objects.s3.amazonaws.com/images/original/bc/bcdc4b61.jpg
abo-B07JMTHFKF	1	https://amazon-berkeley-objects.s3.amazonaws.com/images/original/2f/2fc45f28.jpg
abo-B07JMTHFKF	2	https://amazon-berkeley-objects.s3.amazonaws.com/images/original/66/66c11287.jpg
abo-B07JMTHFKF	3	https://amazon-berkeley-objects.s3.amazonaws.com/images/original/b4/b45bf37c.jpg
abo-B07JMTHFKF	4	https://amazon-berkeley-objects.s3.amazonaws.com/images/original/d5/d58bfe92.jpg
abo-B07JMTHFKF	5	https://amazon-berkeley-objects.s3.amazonaws.com/images/original/95/95d6636d.jpg
abo-B07JMTHFKF	6	https://amazon-berkeley-objects.s3.amazonaws.com/images/original/c7/c7c5dd46.jpg
abo-B07JMTHFKF	7	https://amazon-berkeley-objects.s3.amazonaws.com/images/original/ab/ab41f113.jpg
abo-B07JMTHFKF	8	https://amazon-berkeley-objects.s3.amazonaws.com/images/original/bc/bcdc4b61.jpg
abo-B07JMTHJNG	1	https://amazon-berkeley-objects.s3.amazonaws.com/images/original/5f/5f2780cc.jpg
abo-B07JMTHJNG	2	https://amazon-berkeley-objects.s3.amazonaws.com/images/original/76/76445ce0.jpg
abo-B07JMTHJNG	3	https://amazon-berkeley-objects.s3.amazonaws.com/images/original/66/66c11287.jpg
abo-B07JMTHJNG	4	https://amazon-berkeley-objects.s3.amazonaws.com/images/original/ad/ad4105da.jpg
abo-B07JMTHJNG	5	https://amazon-berkeley-objects.s3.amazonaws.com/images/original/b4/b45bf37c.jpg
abo-B07JMTHJNG	6	https://amazon-berkeley-objects.s3.amazonaws.com/images/original/d5/d58bfe92.jpg
abo-B07JMTHJNG	7	https://amazon-berkeley-objects.s3.amazonaws.com/images/original/91/9117b7fb.jpg
abo-B07JMTHJNG	8	https://amazon-berkeley-objects.s3.amazonaws.com/images/original/ab/ab41f113.jpg
abo-B07JMTKH95	1	https://amazon-berkeley-objects.s3.amazonaws.com/images/original/87/876cce75.jpg
abo-B07JMTKH95	2	https://amazon-berkeley-objects.s3.amazonaws.com/images/original/c8/c8ce3dea.jpg
abo-B07JMTKH95	3	https://amazon-berkeley-objects.s3.amazonaws.com/images/original/6e/6e345f28.jpg
abo-B07JMTKH95	4	https://amazon-berkeley-objects.s3.amazonaws.com/images/original/fd/fda7b96b.jpg
abo-B07JMTNCXR	1	https://amazon-berkeley-objects.s3.amazonaws.com/images/original/21/21351e56.jpg
abo-B07JMTNCXR	2	https://amazon-berkeley-objects.s3.amazonaws.com/images/original/66/66c11287.jpg
abo-B07JMTNCXR	3	https://amazon-berkeley-objects.s3.amazonaws.com/images/original/a3/a3be2c6e.jpg
abo-B07JMTNCXR	4	https://amazon-berkeley-objects.s3.amazonaws.com/images/original/36/369b1960.jpg
abo-B07JMTNCXR	5	https://amazon-berkeley-objects.s3.amazonaws.com/images/original/4a/4a0ba77f.jpg
abo-B07JMTNCXR	6	https://amazon-berkeley-objects.s3.amazonaws.com/images/original/b4/b45bf37c.jpg
abo-B07JMTNCXR	7	https://amazon-berkeley-objects.s3.amazonaws.com/images/original/d5/d58bfe92.jpg
abo-B07JMTNCXR	8	https://amazon-berkeley-objects.s3.amazonaws.com/images/original/f0/f0643898.jpg
abo-B07JMWSTP2	1	https://amazon-berkeley-objects.s3.amazonaws.com/images/original/60/60be95de.jpg
abo-B07JMWSTP2	2	https://amazon-berkeley-objects.s3.amazonaws.com/images/original/ed/eddebab3.jpg
abo-B07JMWSTP2	3	https://amazon-berkeley-objects.s3.amazonaws.com/images/original/2f/2f70bd79.jpg
abo-B07JMWSTP2	4	https://amazon-berkeley-objects.s3.amazonaws.com/images/original/8a/8a895ff8.jpg
abo-B07JMX9JW9	1	https://amazon-berkeley-objects.s3.amazonaws.com/images/original/5d/5df2a4ed.jpg
abo-B07JMX9JW9	2	https://amazon-berkeley-objects.s3.amazonaws.com/images/original/66/66c11287.jpg
abo-B07JMX9JW9	3	https://amazon-berkeley-objects.s3.amazonaws.com/images/original/b4/b45bf37c.jpg
abo-B07JMX9JW9	4	https://amazon-berkeley-objects.s3.amazonaws.com/images/original/fd/fd6d89c1.jpg
abo-B07JMX9JW9	5	https://amazon-berkeley-objects.s3.amazonaws.com/images/original/6a/6aa1d887.jpg
abo-B07JMX9JW9	6	https://amazon-berkeley-objects.s3.amazonaws.com/images/original/c7/c7c5dd46.jpg
abo-B07JMX9JW9	7	https://amazon-berkeley-objects.s3.amazonaws.com/images/original/cd/cd3c2f88.jpg
abo-B07JMX9JW9	8	https://amazon-berkeley-objects.s3.amazonaws.com/images/original/ab/ab41f113.jpg
abo-B07JP5B12Y	1	https://amazon-berkeley-objects.s3.amazonaws.com/images/original/ed/ed5ffcf4.jpg
abo-B07JP5B12Y	2	https://amazon-berkeley-objects.s3.amazonaws.com/images/original/df/df2634b0.jpg
abo-B07JP5B12Y	3	https://amazon-berkeley-objects.s3.amazonaws.com/images/original/24/24c4bdd5.jpg
abo-B07JP5B12Y	4	https://amazon-berkeley-objects.s3.amazonaws.com/images/original/dd/dd818bfa.jpg
abo-B07JQB4FTS	1	https://amazon-berkeley-objects.s3.amazonaws.com/images/original/ad/ad77d819.jpg
abo-B07JQB4FTS	2	https://amazon-berkeley-objects.s3.amazonaws.com/images/original/40/40ca8621.jpg
abo-B07JQB4FTS	3	https://amazon-berkeley-objects.s3.amazonaws.com/images/original/6c/6c69d6e3.jpg
abo-B07JQB4FTS	4	https://amazon-berkeley-objects.s3.amazonaws.com/images/original/21/21ea6b1d.jpg
abo-B07JQB4S69	1	https://amazon-berkeley-objects.s3.amazonaws.com/images/original/d5/d513cd29.jpg
abo-B07JQB4S69	2	https://amazon-berkeley-objects.s3.amazonaws.com/images/original/69/69cd6aca.jpg
abo-B07JQB4S69	3	https://amazon-berkeley-objects.s3.amazonaws.com/images/original/fc/fc661e58.jpg
abo-B07JQB4S69	4	https://amazon-berkeley-objects.s3.amazonaws.com/images/original/ef/ef83eec2.jpg
abo-B07JXKBN1Q	1	https://amazon-berkeley-objects.s3.amazonaws.com/images/original/7e/7ea31b03.jpg
abo-B07JXKBN1Q	2	https://amazon-berkeley-objects.s3.amazonaws.com/images/original/43/4390455d.jpg
abo-B07JXKBN1Q	3	https://amazon-berkeley-objects.s3.amazonaws.com/images/original/6e/6e345f28.jpg
abo-B07JXKBN1Q	4	https://amazon-berkeley-objects.s3.amazonaws.com/images/original/20/20760ef1.jpg
abo-B07JXKBN4Q	1	https://amazon-berkeley-objects.s3.amazonaws.com/images/original/12/121b0339.jpg
abo-B07JXKBN4Q	2	https://amazon-berkeley-objects.s3.amazonaws.com/images/original/5c/5c4b3ff1.jpg
abo-B07JXKBN4Q	3	https://amazon-berkeley-objects.s3.amazonaws.com/images/original/b8/b8205215.jpg
abo-B07JXKBN4Q	4	https://amazon-berkeley-objects.s3.amazonaws.com/images/original/ff/ff3c2222.jpg
abo-B07JXKXHYG	1	https://amazon-berkeley-objects.s3.amazonaws.com/images/original/12/122711e6.jpg
abo-B07JXKXHYG	2	https://amazon-berkeley-objects.s3.amazonaws.com/images/original/16/166c920a.jpg
abo-B07JXKXHYG	3	https://amazon-berkeley-objects.s3.amazonaws.com/images/original/d8/d80efb9c.jpg
abo-B07JXKXHYG	4	https://amazon-berkeley-objects.s3.amazonaws.com/images/original/65/65369687.jpg
abo-B07JXKXHYN	1	https://amazon-berkeley-objects.s3.amazonaws.com/images/original/06/06b30005.jpg
abo-B07JXKXHYN	2	https://amazon-berkeley-objects.s3.amazonaws.com/images/original/ee/ee4d0036.jpg
abo-B07JXKXHYN	3	https://amazon-berkeley-objects.s3.amazonaws.com/images/original/3e/3e994b58.jpg
abo-B07JXKXHYN	4	https://amazon-berkeley-objects.s3.amazonaws.com/images/original/69/6986ad58.jpg
abo-B07JXLFLF6	1	https://amazon-berkeley-objects.s3.amazonaws.com/images/original/69/691ee87b.jpg
abo-B07JXLFLF6	2	https://amazon-berkeley-objects.s3.amazonaws.com/images/original/66/66c11287.jpg
abo-B07JXLFLF6	3	https://amazon-berkeley-objects.s3.amazonaws.com/images/original/c3/c30dafc0.jpg
abo-B07JXLFLF6	4	https://amazon-berkeley-objects.s3.amazonaws.com/images/original/a1/a179cd33.jpg
abo-B07JXLFLF6	5	https://amazon-berkeley-objects.s3.amazonaws.com/images/original/b4/b45bf37c.jpg
abo-B07JXLFLF6	6	https://amazon-berkeley-objects.s3.amazonaws.com/images/original/d5/d58bfe92.jpg
abo-B07JXLFLF6	7	https://amazon-berkeley-objects.s3.amazonaws.com/images/original/d0/d00d2f31.jpg
abo-B07JXLFLF6	8	https://amazon-berkeley-objects.s3.amazonaws.com/images/original/bc/bcdc4b61.jpg
abo-B07K1PJQL4	1	https://amazon-berkeley-objects.s3.amazonaws.com/images/original/36/36a2a977.jpg
abo-B07K1PJQL4	2	https://amazon-berkeley-objects.s3.amazonaws.com/images/original/23/2361538c.jpg
abo-B07K1PJQL4	3	https://amazon-berkeley-objects.s3.amazonaws.com/images/original/e7/e73e8dd4.jpg
abo-B07K3FTJJH	1	https://amazon-berkeley-objects.s3.amazonaws.com/images/original/22/22557d5b.jpg
abo-B07K3FTJJH	2	https://amazon-berkeley-objects.s3.amazonaws.com/images/original/78/78c9d44a.jpg
abo-B07K3FTJJH	3	https://amazon-berkeley-objects.s3.amazonaws.com/images/original/b1/b129fb52.jpg
abo-B07K3FTJJH	4	https://amazon-berkeley-objects.s3.amazonaws.com/images/original/68/68f049a0.jpg
abo-B07K3G6JQX	1	https://amazon-berkeley-objects.s3.amazonaws.com/images/original/e9/e9748413.jpg
abo-B07K3G6JQX	2	https://amazon-berkeley-objects.s3.amazonaws.com/images/original/78/78c9d44a.jpg
abo-B07K3G6JQX	3	https://amazon-berkeley-objects.s3.amazonaws.com/images/original/b1/b129fb52.jpg
abo-B07K3G6JQX	4	https://amazon-berkeley-objects.s3.amazonaws.com/images/original/68/68f049a0.jpg
abo-B07K3GMY93	1	https://amazon-berkeley-objects.s3.amazonaws.com/images/original/51/5146f0d8.jpg
abo-B07K3GMY93	2	https://amazon-berkeley-objects.s3.amazonaws.com/images/original/eb/eb91d96d.jpg
abo-B07K3GMY93	3	https://amazon-berkeley-objects.s3.amazonaws.com/images/original/f5/f5111fa0.jpg
abo-B07K3GMY93	4	https://amazon-berkeley-objects.s3.amazonaws.com/images/original/bd/bde3bc74.jpg
abo-B07K3GN6NK	1	https://amazon-berkeley-objects.s3.amazonaws.com/images/original/0f/0fc4f57e.jpg
abo-B07K3GN6NK	2	https://amazon-berkeley-objects.s3.amazonaws.com/images/original/cd/cd2ddce4.jpg
abo-B07K3GN6NK	3	https://amazon-berkeley-objects.s3.amazonaws.com/images/original/53/539d6a98.jpg
abo-B07K3GN6NK	4	https://amazon-berkeley-objects.s3.amazonaws.com/images/original/aa/aa5108a6.jpg
abo-B07K3N3FLH	1	https://amazon-berkeley-objects.s3.amazonaws.com/images/original/15/15fafc7e.jpg
abo-B07K3N3FLH	2	https://amazon-berkeley-objects.s3.amazonaws.com/images/original/cd/cd2ddce4.jpg
abo-B07K3N3FLH	3	https://amazon-berkeley-objects.s3.amazonaws.com/images/original/53/539d6a98.jpg
abo-B07K3N3FLH	4	https://amazon-berkeley-objects.s3.amazonaws.com/images/original/aa/aa5108a6.jpg
abo-B07K4FPL6J	1	https://amazon-berkeley-objects.s3.amazonaws.com/images/original/de/de0231cb.jpg
abo-B07K4FPL6J	2	https://amazon-berkeley-objects.s3.amazonaws.com/images/original/1d/1d3bda0c.jpg
abo-B07K4FPL6J	3	https://amazon-berkeley-objects.s3.amazonaws.com/images/original/9d/9d71373f.jpg
abo-B07K4FPL6J	4	https://amazon-berkeley-objects.s3.amazonaws.com/images/original/a8/a8d4b12c.jpg
abo-B07K7K4CRV	1	https://amazon-berkeley-objects.s3.amazonaws.com/images/original/23/23a208b2.jpg
abo-B07K7K4CRV	2	https://amazon-berkeley-objects.s3.amazonaws.com/images/original/b5/b59d5b79.jpg
abo-B07K7K4CRV	3	https://amazon-berkeley-objects.s3.amazonaws.com/images/original/ac/ac61cc20.jpg
abo-B07K7K4CRV	4	https://amazon-berkeley-objects.s3.amazonaws.com/images/original/51/519f5a65.jpg
abo-B07K7K4CRV	5	https://amazon-berkeley-objects.s3.amazonaws.com/images/original/9f/9fee500e.jpg
abo-B07K7K4CRV	6	https://amazon-berkeley-objects.s3.amazonaws.com/images/original/7e/7ee49b15.jpg
abo-B07K7K4CRV	7	https://amazon-berkeley-objects.s3.amazonaws.com/images/original/ea/eaedfb2e.jpg
abo-B07K7K4CRV	8	https://amazon-berkeley-objects.s3.amazonaws.com/images/original/67/67958363.jpg
abo-B07KCPCKNB	1	https://amazon-berkeley-objects.s3.amazonaws.com/images/original/e6/e6c90f2f.jpg
abo-B07KCPCKNB	2	https://amazon-berkeley-objects.s3.amazonaws.com/images/original/b1/b1ce75b7.jpg
abo-B07KCPCKNB	3	https://amazon-berkeley-objects.s3.amazonaws.com/images/original/3e/3eec2b5f.jpg
abo-B07KCPCKNB	4	https://amazon-berkeley-objects.s3.amazonaws.com/images/original/60/60f7a166.jpg
abo-B07KCRPJD4	1	https://amazon-berkeley-objects.s3.amazonaws.com/images/original/c8/c8c0e52e.jpg
abo-B07KCRPJD4	2	https://amazon-berkeley-objects.s3.amazonaws.com/images/original/c3/c33ab2e2.jpg
abo-B07KCRPJD4	3	https://amazon-berkeley-objects.s3.amazonaws.com/images/original/7f/7f2328de.jpg
abo-B07KCRPJD4	4	https://amazon-berkeley-objects.s3.amazonaws.com/images/original/b8/b8fc9f87.jpg
abo-B07KCRPQGX	1	https://amazon-berkeley-objects.s3.amazonaws.com/images/original/44/443bde89.jpg
abo-B07KCRPQGX	2	https://amazon-berkeley-objects.s3.amazonaws.com/images/original/e6/e6fec333.jpg
abo-B07KCRPQGX	3	https://amazon-berkeley-objects.s3.amazonaws.com/images/original/c3/c33ab2e2.jpg
abo-B07KCRPQGX	4	https://amazon-berkeley-objects.s3.amazonaws.com/images/original/0a/0a3403a0.jpg
abo-B07KCRPQH7	1	https://amazon-berkeley-objects.s3.amazonaws.com/images/original/d2/d272b25b.jpg
abo-B07KCRPQH7	2	https://amazon-berkeley-objects.s3.amazonaws.com/images/original/b3/b3517d38.jpg
abo-B07KCRPQH7	3	https://amazon-berkeley-objects.s3.amazonaws.com/images/original/3e/3e856e9d.jpg
abo-B07KCRPQH7	4	https://amazon-berkeley-objects.s3.amazonaws.com/images/original/03/031e0ee9.jpg
abo-B07KCSMYTY	1	https://amazon-berkeley-objects.s3.amazonaws.com/images/original/5a/5a18ecb7.jpg
abo-B07KCSMYTY	2	https://amazon-berkeley-objects.s3.amazonaws.com/images/original/e2/e2021a38.jpg
abo-B07KCSMYTY	3	https://amazon-berkeley-objects.s3.amazonaws.com/images/original/9f/9f66295c.jpg
abo-B07KCSMYTY	4	https://amazon-berkeley-objects.s3.amazonaws.com/images/original/d9/d9ead10f.jpg
abo-B07KCSMYWG	1	https://amazon-berkeley-objects.s3.amazonaws.com/images/original/96/96524b43.jpg
abo-B07KCSMYWG	2	https://amazon-berkeley-objects.s3.amazonaws.com/images/original/76/76c4fb45.jpg
abo-B07KCSMYWG	3	https://amazon-berkeley-objects.s3.amazonaws.com/images/original/ae/aebb1156.jpg
abo-B07KCSMYWG	4	https://amazon-berkeley-objects.s3.amazonaws.com/images/original/60/60f7a166.jpg
abo-B07KCSXCVY	1	https://amazon-berkeley-objects.s3.amazonaws.com/images/original/b0/b0641a48.jpg
abo-B07KCSXCVY	2	https://amazon-berkeley-objects.s3.amazonaws.com/images/original/e2/e2021a38.jpg
abo-B07KCSXCVY	3	https://amazon-berkeley-objects.s3.amazonaws.com/images/original/9f/9f66295c.jpg
abo-B07KCSXCVY	4	https://amazon-berkeley-objects.s3.amazonaws.com/images/original/e8/e8461e43.jpg
abo-B07KCSXHJQ	1	https://amazon-berkeley-objects.s3.amazonaws.com/images/original/dd/dd138668.jpg
abo-B07KCSXHJQ	2	https://amazon-berkeley-objects.s3.amazonaws.com/images/original/e2/e2021a38.jpg
abo-B07KCSXHJQ	3	https://amazon-berkeley-objects.s3.amazonaws.com/images/original/e8/e8461e43.jpg
abo-B07KCSXHJQ	4	https://amazon-berkeley-objects.s3.amazonaws.com/images/original/d9/d9ead10f.jpg
abo-B07KCT5TV6	1	https://amazon-berkeley-objects.s3.amazonaws.com/images/original/02/02e56990.jpg
abo-B07KCT5TV6	2	https://amazon-berkeley-objects.s3.amazonaws.com/images/original/f5/f5633386.jpg
abo-B07KCT5TV6	3	https://amazon-berkeley-objects.s3.amazonaws.com/images/original/b0/b0e6aa1b.jpg
abo-B07KCT5TV6	4	https://amazon-berkeley-objects.s3.amazonaws.com/images/original/44/44e6d20d.jpg
abo-B07KCT6738	1	https://amazon-berkeley-objects.s3.amazonaws.com/images/original/e9/e9c3986e.jpg
abo-B07KCT6738	2	https://amazon-berkeley-objects.s3.amazonaws.com/images/original/c3/c33ab2e2.jpg
abo-B07KCT6738	3	https://amazon-berkeley-objects.s3.amazonaws.com/images/original/b8/b8fc9f87.jpg
abo-B07KCT6738	4	https://amazon-berkeley-objects.s3.amazonaws.com/images/original/c6/c6de5b67.jpg
abo-B07KCYX4R9	1	https://amazon-berkeley-objects.s3.amazonaws.com/images/original/bf/bf10c60b.jpg
abo-B07KCYX4R9	2	https://amazon-berkeley-objects.s3.amazonaws.com/images/original/c9/c9000183.jpg
abo-B07KCYX4R9	3	https://amazon-berkeley-objects.s3.amazonaws.com/images/original/f5/f5633386.jpg
abo-B07KCYX4R9	4	https://amazon-berkeley-objects.s3.amazonaws.com/images/original/b0/b0e6aa1b.jpg
abo-B07KD4XFXP	1	https://amazon-berkeley-objects.s3.amazonaws.com/images/original/b4/b45a5654.jpg
abo-B07KD4XFXP	2	https://amazon-berkeley-objects.s3.amazonaws.com/images/original/56/56960336.jpg
abo-B07KD4XFXP	3	https://amazon-berkeley-objects.s3.amazonaws.com/images/original/19/19711122.jpg
abo-B07KD4XFXP	4	https://amazon-berkeley-objects.s3.amazonaws.com/images/original/f5/f5633386.jpg
abo-B07KGKW4Q8	1	https://amazon-berkeley-objects.s3.amazonaws.com/images/original/d3/d36382bf.jpg
abo-B07KGKW4Q8	2	https://amazon-berkeley-objects.s3.amazonaws.com/images/original/5d/5da1b028.jpg
abo-B07KGLNKLQ	1	https://amazon-berkeley-objects.s3.amazonaws.com/images/original/76/76d99490.jpg
abo-B07KGLNKLQ	2	https://amazon-berkeley-objects.s3.amazonaws.com/images/original/43/43bd648f.jpg
abo-B07L5B8V84	1	https://amazon-berkeley-objects.s3.amazonaws.com/images/original/18/1860c901.jpg
abo-B07L5B8V84	2	https://amazon-berkeley-objects.s3.amazonaws.com/images/original/82/82b5757a.jpg
abo-B07L5B8V84	3	https://amazon-berkeley-objects.s3.amazonaws.com/images/original/fe/fef91796.jpg
abo-B07L5B8V84	4	https://amazon-berkeley-objects.s3.amazonaws.com/images/original/e2/e2089950.jpg
abo-B07L6KM9YL	1	https://amazon-berkeley-objects.s3.amazonaws.com/images/original/81/817d070f.jpg
abo-B07L6KM9YL	2	https://amazon-berkeley-objects.s3.amazonaws.com/images/original/43/436cdc41.jpg
abo-B07L6KM9YL	3	https://amazon-berkeley-objects.s3.amazonaws.com/images/original/26/26718170.jpg
abo-B07L6KM9YL	4	https://amazon-berkeley-objects.s3.amazonaws.com/images/original/f3/f31a820d.jpg
abo-B07M6PHFZN	1	https://amazon-berkeley-objects.s3.amazonaws.com/images/original/a7/a76d81a3.jpg
abo-B07M6PHFZN	2	https://amazon-berkeley-objects.s3.amazonaws.com/images/original/39/394200c4.jpg
abo-B07M6PHFZN	3	https://amazon-berkeley-objects.s3.amazonaws.com/images/original/bc/bc620de1.jpg
abo-B07M6PHFZN	4	https://amazon-berkeley-objects.s3.amazonaws.com/images/original/43/43c205ea.jpg
abo-B07M6PK8HX	1	https://amazon-berkeley-objects.s3.amazonaws.com/images/original/7a/7a805d53.jpg
abo-B07M6PK8HX	2	https://amazon-berkeley-objects.s3.amazonaws.com/images/original/79/79bf375a.jpg
abo-B07M6PK8HX	3	https://amazon-berkeley-objects.s3.amazonaws.com/images/original/e2/e2ae0738.jpg
abo-B07M6PK8HX	4	https://amazon-berkeley-objects.s3.amazonaws.com/images/original/e5/e51731e1.jpg
abo-B07M6PK8LT	1	https://amazon-berkeley-objects.s3.amazonaws.com/images/original/07/07d70c78.jpg
abo-B07M6PK8LT	2	https://amazon-berkeley-objects.s3.amazonaws.com/images/original/e9/e9cb87d0.jpg
abo-B07M6PK8LT	3	https://amazon-berkeley-objects.s3.amazonaws.com/images/original/1e/1eb23870.jpg
abo-B07M6PK8LT	4	https://amazon-berkeley-objects.s3.amazonaws.com/images/original/48/48da1a9f.jpg
abo-B07M7KZ2TX	1	https://amazon-berkeley-objects.s3.amazonaws.com/images/original/40/40168dce.jpg
abo-B07M7KZ2TX	2	https://amazon-berkeley-objects.s3.amazonaws.com/images/original/af/af3494db.jpg
abo-B07M7KZ2TX	3	https://amazon-berkeley-objects.s3.amazonaws.com/images/original/ab/ab3192c5.jpg
abo-B07M7KZ2TX	4	https://amazon-berkeley-objects.s3.amazonaws.com/images/original/80/8003b6a0.jpg
abo-B07M7KZ4GF	1	https://amazon-berkeley-objects.s3.amazonaws.com/images/original/22/22178e98.jpg
abo-B07M7KZ4GF	2	https://amazon-berkeley-objects.s3.amazonaws.com/images/original/8b/8b51c3aa.jpg
abo-B07M7KZ4GF	3	https://amazon-berkeley-objects.s3.amazonaws.com/images/original/78/7800d803.jpg
abo-B07M7KZ4GF	4	https://amazon-berkeley-objects.s3.amazonaws.com/images/original/d6/d60352b4.jpg
abo-B07M8VJ9J6	1	https://amazon-berkeley-objects.s3.amazonaws.com/images/original/48/485be952.jpg
abo-B07M8VJ9J6	2	https://amazon-berkeley-objects.s3.amazonaws.com/images/original/7f/7f052bad.jpg
abo-B07M8VJ9J6	3	https://amazon-berkeley-objects.s3.amazonaws.com/images/original/d5/d5cbc41e.jpg
abo-B07M8VJ9J6	4	https://amazon-berkeley-objects.s3.amazonaws.com/images/original/4c/4c9d3763.jpg
abo-B07M959424	1	https://amazon-berkeley-objects.s3.amazonaws.com/images/original/d3/d3eb8839.jpg
abo-B07M959424	2	https://amazon-berkeley-objects.s3.amazonaws.com/images/original/74/74ffba0b.jpg
abo-B07M959424	3	https://amazon-berkeley-objects.s3.amazonaws.com/images/original/cf/cf3edf04.jpg
abo-B07M959424	4	https://amazon-berkeley-objects.s3.amazonaws.com/images/original/4f/4f9ac492.jpg
abo-B07MBF93P1	1	https://amazon-berkeley-objects.s3.amazonaws.com/images/original/55/55b69fab.jpg
abo-B07MBF93P1	2	https://amazon-berkeley-objects.s3.amazonaws.com/images/original/2b/2b897716.jpg
abo-B07MBF93P1	3	https://amazon-berkeley-objects.s3.amazonaws.com/images/original/96/9630d351.jpg
abo-B07MBF93P1	4	https://amazon-berkeley-objects.s3.amazonaws.com/images/original/a9/a9ad1661.jpg
abo-B07MBFCR6V	1	https://amazon-berkeley-objects.s3.amazonaws.com/images/original/8f/8f37724a.jpg
abo-B07MBFCR6V	2	https://amazon-berkeley-objects.s3.amazonaws.com/images/original/f4/f443483a.jpg
abo-B07MBFCR6V	3	https://amazon-berkeley-objects.s3.amazonaws.com/images/original/b7/b7b26334.jpg
abo-B07MBFCR6V	4	https://amazon-berkeley-objects.s3.amazonaws.com/images/original/d3/d381e8dd.jpg
abo-B07MBFCR6V	5	https://amazon-berkeley-objects.s3.amazonaws.com/images/original/6b/6b5be3c3.jpg
abo-B07MBFCR6V	6	https://amazon-berkeley-objects.s3.amazonaws.com/images/original/0c/0c881fcf.jpg
abo-B07MBFCR6V	7	https://amazon-berkeley-objects.s3.amazonaws.com/images/original/5c/5c4e66df.jpg
abo-B07MBFCR6V	8	https://amazon-berkeley-objects.s3.amazonaws.com/images/original/8d/8dda5430.jpg
abo-B07MBFCR9L	1	https://amazon-berkeley-objects.s3.amazonaws.com/images/original/78/78fef524.jpg
abo-B07MBFCR9L	2	https://amazon-berkeley-objects.s3.amazonaws.com/images/original/51/5134ced6.jpg
abo-B07MBFCR9L	3	https://amazon-berkeley-objects.s3.amazonaws.com/images/original/fc/fcda9043.jpg
abo-B07MBFCR9L	4	https://amazon-berkeley-objects.s3.amazonaws.com/images/original/66/66cf44a0.jpg
abo-B07MBFCRBJ	1	https://amazon-berkeley-objects.s3.amazonaws.com/images/original/c9/c98fcce8.jpg
abo-B07MBFCRBJ	2	https://amazon-berkeley-objects.s3.amazonaws.com/images/original/6b/6bd2477b.jpg
abo-B07MBFCRBJ	3	https://amazon-berkeley-objects.s3.amazonaws.com/images/original/af/af0e2c1b.jpg
abo-B07MBFCRBJ	4	https://amazon-berkeley-objects.s3.amazonaws.com/images/original/86/864dfab1.jpg
abo-B07MBFD6F9	1	https://amazon-berkeley-objects.s3.amazonaws.com/images/original/d1/d175ab22.jpg
abo-B07MBFD6F9	2	https://amazon-berkeley-objects.s3.amazonaws.com/images/original/1d/1d0474f3.jpg
abo-B07MBFD6F9	3	https://amazon-berkeley-objects.s3.amazonaws.com/images/original/23/239ceb52.jpg
abo-B07MBFD6F9	4	https://amazon-berkeley-objects.s3.amazonaws.com/images/original/81/8108c87a.jpg
abo-B07MBFD6FP	1	https://amazon-berkeley-objects.s3.amazonaws.com/images/original/fa/fac606d0.jpg
abo-B07MBFD6FP	2	https://amazon-berkeley-objects.s3.amazonaws.com/images/original/58/58cd3ee5.jpg
abo-B07MBFD6FP	3	https://amazon-berkeley-objects.s3.amazonaws.com/images/original/51/514ac672.jpg
abo-B07MBFD6FP	4	https://amazon-berkeley-objects.s3.amazonaws.com/images/original/01/01bc0c2d.jpg
abo-B07MBFDHNS	1	https://amazon-berkeley-objects.s3.amazonaws.com/images/original/2c/2c29bcb8.jpg
abo-B07MBFDHNS	2	https://amazon-berkeley-objects.s3.amazonaws.com/images/original/92/92915d03.jpg
abo-B07MBFDHNS	3	https://amazon-berkeley-objects.s3.amazonaws.com/images/original/f3/f3beed75.jpg
abo-B07MBFDHNS	4	https://amazon-berkeley-objects.s3.amazonaws.com/images/original/b8/b87064da.jpg
abo-B07MBFDJMK	1	https://amazon-berkeley-objects.s3.amazonaws.com/images/original/3b/3baf0b3b.jpg
abo-B07MBFDJMK	2	https://amazon-berkeley-objects.s3.amazonaws.com/images/original/c9/c98eb956.jpg
abo-B07MBFDJMK	3	https://amazon-berkeley-objects.s3.amazonaws.com/images/original/5d/5de80ce2.jpg
abo-B07MBFDJMK	4	https://amazon-berkeley-objects.s3.amazonaws.com/images/original/51/514ac672.jpg
abo-B07MBFDJMP	1	https://amazon-berkeley-objects.s3.amazonaws.com/images/original/8c/8c953094.jpg
abo-B07MBFDJMP	2	https://amazon-berkeley-objects.s3.amazonaws.com/images/original/e9/e9509d76.jpg
abo-B07MBFDJMP	3	https://amazon-berkeley-objects.s3.amazonaws.com/images/original/6e/6eaa4127.jpg
abo-B07MBFDJMP	4	https://amazon-berkeley-objects.s3.amazonaws.com/images/original/51/514ac672.jpg
abo-B07MBFDJQ3	1	https://amazon-berkeley-objects.s3.amazonaws.com/images/original/0c/0c84de5f.jpg
abo-B07MBFDJQ3	2	https://amazon-berkeley-objects.s3.amazonaws.com/images/original/b0/b0cdf370.jpg
abo-B07MBFDJQ3	3	https://amazon-berkeley-objects.s3.amazonaws.com/images/original/c1/c1c22e28.jpg
abo-B07MBFDJQ3	4	https://amazon-berkeley-objects.s3.amazonaws.com/images/original/4f/4f7ee12c.jpg
abo-B07MBFDWNM	1	https://amazon-berkeley-objects.s3.amazonaws.com/images/original/f0/f0e18dbc.jpg
abo-B07MBFDWNM	2	https://amazon-berkeley-objects.s3.amazonaws.com/images/original/dd/ddba3b7a.jpg
abo-B07MBFDWNM	3	https://amazon-berkeley-objects.s3.amazonaws.com/images/original/0b/0ba3a45b.jpg
abo-B07MBFDWNM	4	https://amazon-berkeley-objects.s3.amazonaws.com/images/original/df/df7a909b.jpg
abo-B07MBFDWY5	1	https://amazon-berkeley-objects.s3.amazonaws.com/images/original/a8/a8ace80f.jpg
abo-B07MBFDWY5	2	https://amazon-berkeley-objects.s3.amazonaws.com/images/original/a8/a83ae18a.jpg
abo-B07MBFDWY5	3	https://amazon-berkeley-objects.s3.amazonaws.com/images/original/35/35c1654c.jpg
abo-B07MBFDWY5	4	https://amazon-berkeley-objects.s3.amazonaws.com/images/original/5f/5f9a61ba.jpg
abo-B07MBFG1D2	1	https://amazon-berkeley-objects.s3.amazonaws.com/images/original/35/350ef17f.jpg
abo-B07MBFG1D2	2	https://amazon-berkeley-objects.s3.amazonaws.com/images/original/74/741c68df.jpg
abo-B07MBFG1D2	3	https://amazon-berkeley-objects.s3.amazonaws.com/images/original/af/af7e0729.jpg
abo-B07MBFG1D2	4	https://amazon-berkeley-objects.s3.amazonaws.com/images/original/e9/e9340504.jpg
abo-B07MC8X6ZM	1	https://amazon-berkeley-objects.s3.amazonaws.com/images/original/30/307fe7bc.jpg
abo-B07MC8X6ZM	2	https://amazon-berkeley-objects.s3.amazonaws.com/images/original/72/7294288a.jpg
abo-B07MC8X6ZM	3	https://amazon-berkeley-objects.s3.amazonaws.com/images/original/9f/9f44d3ce.jpg
abo-B07MC8X6ZM	4	https://amazon-berkeley-objects.s3.amazonaws.com/images/original/eb/eb666dc6.jpg
abo-B07MC8X8JW	1	https://amazon-berkeley-objects.s3.amazonaws.com/images/original/f4/f498d202.jpg
abo-B07MC8X8JW	2	https://amazon-berkeley-objects.s3.amazonaws.com/images/original/52/52e3480d.jpg
abo-B07MC8X8JW	3	https://amazon-berkeley-objects.s3.amazonaws.com/images/original/45/4582e28d.jpg
abo-B07MC8X8JW	4	https://amazon-berkeley-objects.s3.amazonaws.com/images/original/07/07393296.jpg
abo-B07MC8XDHV	1	https://amazon-berkeley-objects.s3.amazonaws.com/images/original/8b/8b193bc7.jpg
abo-B07MC8XDHV	2	https://amazon-berkeley-objects.s3.amazonaws.com/images/original/8f/8f2fd420.jpg
abo-B07MC8XDHV	3	https://amazon-berkeley-objects.s3.amazonaws.com/images/original/59/5935bab8.jpg
abo-B07MC8XDHV	4	https://amazon-berkeley-objects.s3.amazonaws.com/images/original/4c/4c5885fc.jpg
abo-B07MDJM5QD	1	https://amazon-berkeley-objects.s3.amazonaws.com/images/original/18/18e9d84d.jpg
abo-B07MDJM5QD	2	https://amazon-berkeley-objects.s3.amazonaws.com/images/original/65/6584bc9f.jpg
abo-B07MDJM5QD	3	https://amazon-berkeley-objects.s3.amazonaws.com/images/original/0d/0d50ef9c.jpg
abo-B07MDJM5QD	4	https://amazon-berkeley-objects.s3.amazonaws.com/images/original/5f/5f4fafb1.jpg
abo-B07MF1RNW1	1	https://amazon-berkeley-objects.s3.amazonaws.com/images/original/3b/3b475587.jpg
abo-B07MF1RNW1	2	https://amazon-berkeley-objects.s3.amazonaws.com/images/original/62/62cfbe7f.jpg
abo-B07MF1RNW1	3	https://amazon-berkeley-objects.s3.amazonaws.com/images/original/51/514ac672.jpg
abo-B07MF1RNW1	4	https://amazon-berkeley-objects.s3.amazonaws.com/images/original/8a/8a91e2de.jpg
abo-B07MF1RNZ7	1	https://amazon-berkeley-objects.s3.amazonaws.com/images/original/73/7318adb5.jpg
abo-B07MF1RNZ7	2	https://amazon-berkeley-objects.s3.amazonaws.com/images/original/d6/d6dd9901.jpg
abo-B07MF1RNZ7	3	https://amazon-berkeley-objects.s3.amazonaws.com/images/original/42/428c2edb.jpg
abo-B07MF1RNZ7	4	https://amazon-berkeley-objects.s3.amazonaws.com/images/original/a6/a697fe50.jpg
abo-B07MF1S1WL	1	https://amazon-berkeley-objects.s3.amazonaws.com/images/original/4d/4d474019.jpg
abo-B07MF1S1WL	2	https://amazon-berkeley-objects.s3.amazonaws.com/images/original/fe/fe3a08c3.jpg
abo-B07MF1S1WL	3	https://amazon-berkeley-objects.s3.amazonaws.com/images/original/01/01c20922.jpg
abo-B07MF1S1WL	4	https://amazon-berkeley-objects.s3.amazonaws.com/images/original/f8/f8eb3c9e.jpg
abo-B07MF1S1WL	5	https://amazon-berkeley-objects.s3.amazonaws.com/images/original/51/514ac672.jpg
abo-B07MF1S1WL	6	https://amazon-berkeley-objects.s3.amazonaws.com/images/original/b8/b85dd960.jpg
abo-B07MF1S1WL	7	https://amazon-berkeley-objects.s3.amazonaws.com/images/original/87/87b47ca2.jpg
abo-B07MF1S1WL	8	https://amazon-berkeley-objects.s3.amazonaws.com/images/original/8b/8b87799e.jpg
abo-B07MF1S1Z2	1	https://amazon-berkeley-objects.s3.amazonaws.com/images/original/6c/6cb4cd82.jpg
abo-B07MF1S1Z2	2	https://amazon-berkeley-objects.s3.amazonaws.com/images/original/ab/ab5ca9f1.jpg
abo-B07MF1S1Z2	3	https://amazon-berkeley-objects.s3.amazonaws.com/images/original/41/4113c078.jpg
abo-B07MF1S1Z2	4	https://amazon-berkeley-objects.s3.amazonaws.com/images/original/42/42536190.jpg
abo-B07MF1S1Z2	5	https://amazon-berkeley-objects.s3.amazonaws.com/images/original/84/845017e1.jpg
abo-B07MF1S1Z2	6	https://amazon-berkeley-objects.s3.amazonaws.com/images/original/75/758c0cf7.jpg
abo-B07MF1S1Z2	7	https://amazon-berkeley-objects.s3.amazonaws.com/images/original/da/da977766.jpg
abo-B07MF1S1Z2	8	https://amazon-berkeley-objects.s3.amazonaws.com/images/original/77/778995f1.jpg
abo-B07MF1S4SK	1	https://amazon-berkeley-objects.s3.amazonaws.com/images/original/63/63f02ff2.jpg
abo-B07MF1S4SK	2	https://amazon-berkeley-objects.s3.amazonaws.com/images/original/a2/a2792916.jpg
abo-B07MF1S4SK	3	https://amazon-berkeley-objects.s3.amazonaws.com/images/original/be/be9e05f4.jpg
abo-B07MF1S4SK	4	https://amazon-berkeley-objects.s3.amazonaws.com/images/original/70/70a79b66.jpg
abo-B07MF1SFGP	1	https://amazon-berkeley-objects.s3.amazonaws.com/images/original/4f/4fd62009.jpg
abo-B07MF1SFGP	2	https://amazon-berkeley-objects.s3.amazonaws.com/images/original/0f/0f1e598c.jpg
abo-B07MF1SFGP	3	https://amazon-berkeley-objects.s3.amazonaws.com/images/original/64/64d06e17.jpg
abo-B07MF1SFGP	4	https://amazon-berkeley-objects.s3.amazonaws.com/images/original/b1/b13cd923.jpg
abo-B07MF1SN52	1	https://amazon-berkeley-objects.s3.amazonaws.com/images/original/f5/f5143108.jpg
abo-B07MF1SN52	2	https://amazon-berkeley-objects.s3.amazonaws.com/images/original/c8/c8aead49.jpg
abo-B07MF1SN52	3	https://amazon-berkeley-objects.s3.amazonaws.com/images/original/88/880effe7.jpg
abo-B07MF1SN52	4	https://amazon-berkeley-objects.s3.amazonaws.com/images/original/51/51ff8a65.jpg
abo-B07MHMNJYP	1	https://amazon-berkeley-objects.s3.amazonaws.com/images/original/80/80cd316a.jpg
abo-B07MHMNJYP	2	https://amazon-berkeley-objects.s3.amazonaws.com/images/original/e7/e7f69d53.jpg
abo-B07MHMNJYP	3	https://amazon-berkeley-objects.s3.amazonaws.com/images/original/16/16d28ee2.jpg
abo-B07MHMNJYP	4	https://amazon-berkeley-objects.s3.amazonaws.com/images/original/a2/a295d109.jpg
abo-B07MHMNJYT	1	https://amazon-berkeley-objects.s3.amazonaws.com/images/original/e5/e5aca564.jpg
abo-B07MHMNJYT	2	https://amazon-berkeley-objects.s3.amazonaws.com/images/original/02/020d9145.jpg
abo-B07MHMNJYT	3	https://amazon-berkeley-objects.s3.amazonaws.com/images/original/3e/3e3fab56.jpg
abo-B07MHMNJYT	4	https://amazon-berkeley-objects.s3.amazonaws.com/images/original/ce/ce8b4e65.jpg
abo-B07MHMNJZT	1	https://amazon-berkeley-objects.s3.amazonaws.com/images/original/1f/1f144afd.jpg
abo-B07MHMNJZT	2	https://amazon-berkeley-objects.s3.amazonaws.com/images/original/4e/4ea68577.jpg
abo-B07MHMNJZT	3	https://amazon-berkeley-objects.s3.amazonaws.com/images/original/af/af4f1776.jpg
abo-B07MHMNJZT	4	https://amazon-berkeley-objects.s3.amazonaws.com/images/original/bc/bccb7dae.jpg
abo-B07MHMR8FV	1	https://amazon-berkeley-objects.s3.amazonaws.com/images/original/2d/2d353619.jpg
abo-B07MHMR8FV	2	https://amazon-berkeley-objects.s3.amazonaws.com/images/original/1c/1cdd85c1.jpg
abo-B07MHMR8FV	3	https://amazon-berkeley-objects.s3.amazonaws.com/images/original/be/be4b1cc3.jpg
abo-B07MHMR8FV	4	https://amazon-berkeley-objects.s3.amazonaws.com/images/original/e2/e2abe089.jpg
abo-B07MHMSDJ5	1	https://amazon-berkeley-objects.s3.amazonaws.com/images/original/b6/b6272dc2.jpg
abo-B07MHMSDJ5	2	https://amazon-berkeley-objects.s3.amazonaws.com/images/original/a1/a1821767.jpg
abo-B07MHMSDJ5	3	https://amazon-berkeley-objects.s3.amazonaws.com/images/original/9b/9b2ee3dc.jpg
abo-B07MHMSDJ5	4	https://amazon-berkeley-objects.s3.amazonaws.com/images/original/12/12f6be94.jpg
abo-B07MHMSDJF	1	https://amazon-berkeley-objects.s3.amazonaws.com/images/original/52/52c7358c.jpg
abo-B07MHMSDJF	2	https://amazon-berkeley-objects.s3.amazonaws.com/images/original/2f/2f18069a.jpg
abo-B07MHMSDJF	3	https://amazon-berkeley-objects.s3.amazonaws.com/images/original/75/752c3c25.jpg
abo-B07MHMSDJF	4	https://amazon-berkeley-objects.s3.amazonaws.com/images/original/0d/0d562110.jpg
abo-B07MHMSDJL	1	https://amazon-berkeley-objects.s3.amazonaws.com/images/original/07/07639c01.jpg
abo-B07MHMSDJL	2	https://amazon-berkeley-objects.s3.amazonaws.com/images/original/f5/f5d5241e.jpg
abo-B07MHMSDJL	3	https://amazon-berkeley-objects.s3.amazonaws.com/images/original/6b/6b40dfb6.jpg
abo-B07MHMSDJL	4	https://amazon-berkeley-objects.s3.amazonaws.com/images/original/52/52800be3.jpg
abo-B07MJ6LB93	1	https://amazon-berkeley-objects.s3.amazonaws.com/images/original/d8/d817841c.jpg
abo-B07MJ6LB93	2	https://amazon-berkeley-objects.s3.amazonaws.com/images/original/59/59ae5a46.jpg
abo-B07MJ6LB93	3	https://amazon-berkeley-objects.s3.amazonaws.com/images/original/a8/a81d6f11.jpg
abo-B07MJ6LB93	4	https://amazon-berkeley-objects.s3.amazonaws.com/images/original/36/366373bb.jpg
abo-B07MJJWKGP	1	https://amazon-berkeley-objects.s3.amazonaws.com/images/original/2f/2fac1e1d.jpg
abo-B07MJJWKGP	2	https://amazon-berkeley-objects.s3.amazonaws.com/images/original/c2/c2a09bf7.jpg
abo-B07MJJWKGP	3	https://amazon-berkeley-objects.s3.amazonaws.com/images/original/c9/c969fc12.jpg
abo-B07MJJWKGP	4	https://amazon-berkeley-objects.s3.amazonaws.com/images/original/ff/ffeb193e.jpg
abo-B07MKQGJSW	1	https://amazon-berkeley-objects.s3.amazonaws.com/images/original/30/30da904e.jpg
abo-B07MKQGJSW	2	https://amazon-berkeley-objects.s3.amazonaws.com/images/original/e0/e062dedf.jpg
abo-B07MKQGJSW	3	https://amazon-berkeley-objects.s3.amazonaws.com/images/original/99/992c0b70.jpg
abo-B07MKQGJSW	4	https://amazon-berkeley-objects.s3.amazonaws.com/images/original/59/59726d9a.jpg
abo-B07ML7P8TG	1	https://amazon-berkeley-objects.s3.amazonaws.com/images/original/8a/8a497eb3.jpg
abo-B07ML7P8TG	2	https://amazon-berkeley-objects.s3.amazonaws.com/images/original/93/933465c3.jpg
abo-B07ML7P8TG	3	https://amazon-berkeley-objects.s3.amazonaws.com/images/original/cb/cb6217e0.jpg
abo-B07ML7P8TG	4	https://amazon-berkeley-objects.s3.amazonaws.com/images/original/e6/e64347b6.jpg
abo-B07ML7PPZC	1	https://amazon-berkeley-objects.s3.amazonaws.com/images/original/42/42235536.jpg
abo-B07ML7PPZC	2	https://amazon-berkeley-objects.s3.amazonaws.com/images/original/2a/2a66ae2e.jpg
abo-B07ML7PPZC	3	https://amazon-berkeley-objects.s3.amazonaws.com/images/original/66/660e674c.jpg
abo-B07ML7PPZC	4	https://amazon-berkeley-objects.s3.amazonaws.com/images/original/4d/4d36cac5.jpg
abo-B07ML7QBHK	1	https://amazon-berkeley-objects.s3.amazonaws.com/images/original/0f/0f574bd6.jpg
abo-B07ML7QBHK	2	https://amazon-berkeley-objects.s3.amazonaws.com/images/original/20/20be19fa.jpg
abo-B07ML7QBHK	3	https://amazon-berkeley-objects.s3.amazonaws.com/images/original/eb/eb3ead70.jpg
abo-B07ML7QBHK	4	https://amazon-berkeley-objects.s3.amazonaws.com/images/original/57/5726bd4d.jpg
abo-B07ML7QBHQ	1	https://amazon-berkeley-objects.s3.amazonaws.com/images/original/9c/9ccac349.jpg
abo-B07ML7QBHQ	2	https://amazon-berkeley-objects.s3.amazonaws.com/images/original/ce/ce65e809.jpg
abo-B07ML7QBHQ	3	https://amazon-berkeley-objects.s3.amazonaws.com/images/original/87/876b7279.jpg
abo-B07ML7QBHQ	4	https://amazon-berkeley-objects.s3.amazonaws.com/images/original/51/514ac672.jpg
abo-B07MM2JG2J	1	https://amazon-berkeley-objects.s3.amazonaws.com/images/original/b4/b47cb720.jpg
abo-B07MM2JG2J	2	https://amazon-berkeley-objects.s3.amazonaws.com/images/original/d1/d1db4448.jpg
abo-B07MM2JG2J	3	https://amazon-berkeley-objects.s3.amazonaws.com/images/original/87/8761cdf8.jpg
abo-B07MM2JG2J	4	https://amazon-berkeley-objects.s3.amazonaws.com/images/original/d9/d9c16e0e.jpg
abo-B07MPFZPQJ	1	https://amazon-berkeley-objects.s3.amazonaws.com/images/original/ec/ec2ff778.jpg
abo-B07MPFZPQJ	2	https://amazon-berkeley-objects.s3.amazonaws.com/images/original/18/18f65ffa.jpg
abo-B07MPFZPQJ	3	https://amazon-berkeley-objects.s3.amazonaws.com/images/original/70/70651b83.jpg
abo-B07MPFZPQJ	4	https://amazon-berkeley-objects.s3.amazonaws.com/images/original/61/6161deaa.jpg
abo-B07MPFZPQJ	5	https://amazon-berkeley-objects.s3.amazonaws.com/images/original/7e/7ef3cbb9.jpg
abo-B07MPFZPQJ	6	https://amazon-berkeley-objects.s3.amazonaws.com/images/original/e8/e85e559f.jpg
abo-B07MPFZPQJ	7	https://amazon-berkeley-objects.s3.amazonaws.com/images/original/ca/cac694e6.jpg
abo-B07MPFZPQJ	8	https://amazon-berkeley-objects.s3.amazonaws.com/images/original/f2/f2267f2c.jpg
abo-B07MSTYG8W	1	https://amazon-berkeley-objects.s3.amazonaws.com/images/original/4e/4e359543.jpg
abo-B07MSTYG8W	2	https://amazon-berkeley-objects.s3.amazonaws.com/images/original/3a/3a06851d.jpg
abo-B07MSTYG8W	3	https://amazon-berkeley-objects.s3.amazonaws.com/images/original/ac/ac9144d3.jpg
abo-B07MSTYG8W	4	https://amazon-berkeley-objects.s3.amazonaws.com/images/original/d4/d4883a98.jpg
abo-B07N31JMKL	1	https://amazon-berkeley-objects.s3.amazonaws.com/images/original/4e/4e80b700.jpg
abo-B07N31JMKL	2	https://amazon-berkeley-objects.s3.amazonaws.com/images/original/9d/9deceb05.jpg
abo-B07N31JMKL	3	https://amazon-berkeley-objects.s3.amazonaws.com/images/original/d7/d7b5264d.jpg
abo-B07N31JMKL	4	https://amazon-berkeley-objects.s3.amazonaws.com/images/original/65/65260aee.jpg
abo-B07N32Y9NR	1	https://amazon-berkeley-objects.s3.amazonaws.com/images/original/06/06c8c487.jpg
abo-B07N32Y9NR	2	https://amazon-berkeley-objects.s3.amazonaws.com/images/original/52/52f6a610.jpg
abo-B07N32Y9NR	3	https://amazon-berkeley-objects.s3.amazonaws.com/images/original/c8/c83b24ed.jpg
abo-B07N32Y9NR	4	https://amazon-berkeley-objects.s3.amazonaws.com/images/original/70/70bddf99.jpg
abo-B07N379264	1	https://amazon-berkeley-objects.s3.amazonaws.com/images/original/14/14b471ed.jpg
abo-B07N379264	2	https://amazon-berkeley-objects.s3.amazonaws.com/images/original/7f/7f7e9ad3.jpg
abo-B07N379264	3	https://amazon-berkeley-objects.s3.amazonaws.com/images/original/b5/b58a9b86.jpg
abo-B07N379264	4	https://amazon-berkeley-objects.s3.amazonaws.com/images/original/41/41550b08.jpg
abo-B07N5G5JRR	1	https://amazon-berkeley-objects.s3.amazonaws.com/images/original/71/71bca68f.jpg
abo-B07N5G5JRR	2	https://amazon-berkeley-objects.s3.amazonaws.com/images/original/ad/ad1be017.jpg
abo-B07N5G5JRR	3	https://amazon-berkeley-objects.s3.amazonaws.com/images/original/b1/b1aefdee.jpg
abo-B07N5G5JRR	4	https://amazon-berkeley-objects.s3.amazonaws.com/images/original/f5/f5ab1ce0.jpg
abo-B07N5G5JRR	5	https://amazon-berkeley-objects.s3.amazonaws.com/images/original/31/31b87897.jpg
abo-B07N5G5JRR	6	https://amazon-berkeley-objects.s3.amazonaws.com/images/original/92/9227d89c.jpg
abo-B07N5G5JRR	7	https://amazon-berkeley-objects.s3.amazonaws.com/images/original/5a/5a0938fd.jpg
abo-B07N5G5JRR	8	https://amazon-berkeley-objects.s3.amazonaws.com/images/original/3b/3ba688d6.jpg
abo-B07N6WM18S	1	https://amazon-berkeley-objects.s3.amazonaws.com/images/original/7f/7fb3ab98.jpg
abo-B07N6WM18S	2	https://amazon-berkeley-objects.s3.amazonaws.com/images/original/bf/bfab6930.jpg
abo-B07N6WM18S	3	https://amazon-berkeley-objects.s3.amazonaws.com/images/original/f0/f0361637.jpg
abo-B07N6WM18S	4	https://amazon-berkeley-objects.s3.amazonaws.com/images/original/3b/3b06d738.jpg
abo-B07NJYQTRZ	1	https://amazon-berkeley-objects.s3.amazonaws.com/images/original/3c/3c511f75.jpg
abo-B07NJYQTRZ	2	https://amazon-berkeley-objects.s3.amazonaws.com/images/original/2b/2b62b9df.jpg
abo-B07NJYQTRZ	3	https://amazon-berkeley-objects.s3.amazonaws.com/images/original/d8/d8c74e03.jpg
abo-B07NJYQTRZ	4	https://amazon-berkeley-objects.s3.amazonaws.com/images/original/e6/e61fd092.jpg
abo-B07NJYQTSC	1	https://amazon-berkeley-objects.s3.amazonaws.com/images/original/7d/7d8e2f34.jpg
abo-B07NJYQTSC	2	https://amazon-berkeley-objects.s3.amazonaws.com/images/original/02/028bbfc9.jpg
abo-B07NJYQTSC	3	https://amazon-berkeley-objects.s3.amazonaws.com/images/original/2d/2d4b9a8c.jpg
abo-B07NJYQTSC	4	https://amazon-berkeley-objects.s3.amazonaws.com/images/original/93/931d9e0e.jpg
abo-B07NJYQV6B	1	https://amazon-berkeley-objects.s3.amazonaws.com/images/original/61/61ff01d4.jpg
abo-B07NJYQV6B	2	https://amazon-berkeley-objects.s3.amazonaws.com/images/original/f0/f0b15a65.jpg
abo-B07NJYQV6B	3	https://amazon-berkeley-objects.s3.amazonaws.com/images/original/0d/0df7715a.jpg
abo-B07NJYQV6B	4	https://amazon-berkeley-objects.s3.amazonaws.com/images/original/94/9471758b.jpg
abo-B07NJYR55Y	1	https://amazon-berkeley-objects.s3.amazonaws.com/images/original/85/85b3a463.jpg
abo-B07NJYR55Y	2	https://amazon-berkeley-objects.s3.amazonaws.com/images/original/62/62630ac7.jpg
abo-B07NJYR55Y	3	https://amazon-berkeley-objects.s3.amazonaws.com/images/original/5e/5ec037f3.jpg
abo-B07NJYR55Y	4	https://amazon-berkeley-objects.s3.amazonaws.com/images/original/42/42a4dd69.jpg
abo-B07NMR2KPW	1	https://amazon-berkeley-objects.s3.amazonaws.com/images/original/3e/3ea41a1e.jpg
abo-B07NMR2KPW	2	https://amazon-berkeley-objects.s3.amazonaws.com/images/original/1b/1bf46de5.jpg
abo-B07NMR2KPW	3	https://amazon-berkeley-objects.s3.amazonaws.com/images/original/04/041dc3b9.jpg
abo-B07NMR2KPW	4	https://amazon-berkeley-objects.s3.amazonaws.com/images/original/69/69fa72c3.jpg
abo-B07NQW1ZCC	1	https://amazon-berkeley-objects.s3.amazonaws.com/images/original/6d/6d8a19a0.jpg
abo-B07NQW1ZCC	2	https://amazon-berkeley-objects.s3.amazonaws.com/images/original/2b/2b1b355b.jpg
abo-B07NQW1ZCC	3	https://amazon-berkeley-objects.s3.amazonaws.com/images/original/07/077bb2fe.jpg
abo-B07NQW1ZCC	4	https://amazon-berkeley-objects.s3.amazonaws.com/images/original/68/68292f53.jpg
abo-B07NRMZJ12	1	https://amazon-berkeley-objects.s3.amazonaws.com/images/original/c8/c8104278.jpg
abo-B07NRMZJ12	2	https://amazon-berkeley-objects.s3.amazonaws.com/images/original/b2/b24e7b3a.jpg
abo-B07NRMZJ12	3	https://amazon-berkeley-objects.s3.amazonaws.com/images/original/e7/e7877b4a.jpg
abo-B07NRMZJ12	4	https://amazon-berkeley-objects.s3.amazonaws.com/images/original/f0/f0afda37.jpg
abo-B07NSJMSK3	1	https://amazon-berkeley-objects.s3.amazonaws.com/images/original/f1/f1b280ce.jpg
abo-B07NSJMSK3	2	https://amazon-berkeley-objects.s3.amazonaws.com/images/original/63/63b27687.jpg
abo-B07NSJMSK3	3	https://amazon-berkeley-objects.s3.amazonaws.com/images/original/59/593d3fab.jpg
abo-B07NSJMSK3	4	https://amazon-berkeley-objects.s3.amazonaws.com/images/original/6c/6cf28c2f.jpg
abo-B07NYR9S2M	1	https://amazon-berkeley-objects.s3.amazonaws.com/images/original/f0/f0655c04.jpg
abo-B07NYR9S2M	2	https://amazon-berkeley-objects.s3.amazonaws.com/images/original/ef/ef0d2f4d.jpg
abo-B07NYR9S2M	3	https://amazon-berkeley-objects.s3.amazonaws.com/images/original/8a/8a54e046.jpg
abo-B07P1XFYJP	1	https://amazon-berkeley-objects.s3.amazonaws.com/images/original/70/70b8c2b1.jpg
abo-B07P1XFYJP	2	https://amazon-berkeley-objects.s3.amazonaws.com/images/original/1e/1ea7bb2f.jpg
abo-B07P1XFYJP	3	https://amazon-berkeley-objects.s3.amazonaws.com/images/original/ea/ea6ec747.jpg
abo-B07P1XFYJP	4	https://amazon-berkeley-objects.s3.amazonaws.com/images/original/c8/c839d279.jpg
abo-B07P1XFYJP	5	https://amazon-berkeley-objects.s3.amazonaws.com/images/original/9a/9a735ce5.jpg
abo-B07P1XFYJP	6	https://amazon-berkeley-objects.s3.amazonaws.com/images/original/c4/c488f827.jpg
abo-B07P1XFYJP	7	https://amazon-berkeley-objects.s3.amazonaws.com/images/original/38/38460e42.jpg
abo-B07P1XFYJP	8	https://amazon-berkeley-objects.s3.amazonaws.com/images/original/3a/3a0c4cdc.jpg
abo-B07P8MJWM7	1	https://amazon-berkeley-objects.s3.amazonaws.com/images/original/8d/8d0f766f.jpg
abo-B07P8MJWM7	2	https://amazon-berkeley-objects.s3.amazonaws.com/images/original/56/560c4e47.jpg
abo-B07P8MJWM7	3	https://amazon-berkeley-objects.s3.amazonaws.com/images/original/83/83e9fd0d.jpg
abo-B07P8MJWPN	1	https://amazon-berkeley-objects.s3.amazonaws.com/images/original/73/73554a31.jpg
abo-B07P8MJWPN	2	https://amazon-berkeley-objects.s3.amazonaws.com/images/original/85/85540c0a.jpg
abo-B07P8MJWPN	3	https://amazon-berkeley-objects.s3.amazonaws.com/images/original/0c/0c8168ef.jpg
abo-B07P8MK2VV	1	https://amazon-berkeley-objects.s3.amazonaws.com/images/original/fa/fa81fec9.jpg
abo-B07P8MK2VV	2	https://amazon-berkeley-objects.s3.amazonaws.com/images/original/56/560c4e47.jpg
abo-B07P8MK2VV	3	https://amazon-berkeley-objects.s3.amazonaws.com/images/original/86/867dec64.jpg
abo-B07P8ML7XM	1	https://amazon-berkeley-objects.s3.amazonaws.com/images/original/16/1627470a.jpg
abo-B07P8ML7XM	2	https://amazon-berkeley-objects.s3.amazonaws.com/images/original/56/560c4e47.jpg
abo-B07P8ML7XM	3	https://amazon-berkeley-objects.s3.amazonaws.com/images/original/3a/3af77737.jpg
abo-B07P8ML82R	1	https://amazon-berkeley-objects.s3.amazonaws.com/images/original/9f/9f76d27b.jpg
abo-B07P8ML82R	2	https://amazon-berkeley-objects.s3.amazonaws.com/images/original/12/12c8a5f8.jpg
abo-B07P8ML82R	3	https://amazon-berkeley-objects.s3.amazonaws.com/images/original/0c/0c8168ef.jpg
abo-B07P9QZR32	1	https://amazon-berkeley-objects.s3.amazonaws.com/images/original/eb/ebbd817b.jpg
abo-B07P9QZR32	2	https://amazon-berkeley-objects.s3.amazonaws.com/images/original/6b/6bc2faca.jpg
abo-B07P9QZR32	3	https://amazon-berkeley-objects.s3.amazonaws.com/images/original/20/20c2378c.jpg
abo-B07P9QZR32	4	https://amazon-berkeley-objects.s3.amazonaws.com/images/original/3a/3a16e10d.jpg
abo-B07PBWB5VG	1	https://amazon-berkeley-objects.s3.amazonaws.com/images/original/50/50b1fab3.jpg
abo-B07PBWB5VG	2	https://amazon-berkeley-objects.s3.amazonaws.com/images/original/56/560c4e47.jpg
abo-B07PBWB5VG	3	https://amazon-berkeley-objects.s3.amazonaws.com/images/original/91/9183bb11.jpg
abo-B07PBWB5VX	1	https://amazon-berkeley-objects.s3.amazonaws.com/images/original/fa/fa81fec9.jpg
abo-B07PBWB5VX	2	https://amazon-berkeley-objects.s3.amazonaws.com/images/original/56/560c4e47.jpg
abo-B07PBWB5VX	3	https://amazon-berkeley-objects.s3.amazonaws.com/images/original/86/867dec64.jpg
abo-B07PBWH5NV	1	https://amazon-berkeley-objects.s3.amazonaws.com/images/original/50/50b1fab3.jpg
abo-B07PBWH5NV	2	https://amazon-berkeley-objects.s3.amazonaws.com/images/original/56/560c4e47.jpg
abo-B07PBWH5NV	3	https://amazon-berkeley-objects.s3.amazonaws.com/images/original/91/9183bb11.jpg
abo-B07PBWJ4VN	1	https://amazon-berkeley-objects.s3.amazonaws.com/images/original/16/1627470a.jpg
abo-B07PBWJ4VN	2	https://amazon-berkeley-objects.s3.amazonaws.com/images/original/56/560c4e47.jpg
abo-B07PBWJ4VN	3	https://amazon-berkeley-objects.s3.amazonaws.com/images/original/3a/3af77737.jpg
abo-B07PCCV91J	1	https://amazon-berkeley-objects.s3.amazonaws.com/images/original/61/61de2c22.jpg
abo-B07PCCV91J	2	https://amazon-berkeley-objects.s3.amazonaws.com/images/original/ba/ba764077.jpg
abo-B07PCCV91J	3	https://amazon-berkeley-objects.s3.amazonaws.com/images/original/59/59ee7256.jpg
abo-B07PCCV91J	4	https://amazon-berkeley-objects.s3.amazonaws.com/images/original/2c/2c2aa522.jpg
abo-B07PCZ7BLY	1	https://amazon-berkeley-objects.s3.amazonaws.com/images/original/e3/e31c9a8a.jpg
abo-B07PCZ7BLY	2	https://amazon-berkeley-objects.s3.amazonaws.com/images/original/7b/7b82cdd0.jpg
abo-B07PCZ7BLY	3	https://amazon-berkeley-objects.s3.amazonaws.com/images/original/0c/0c8168ef.jpg
abo-B07PCZ7K1J	1	https://amazon-berkeley-objects.s3.amazonaws.com/images/original/5b/5b4331b3.jpg
abo-B07PCZ7K1J	2	https://amazon-berkeley-objects.s3.amazonaws.com/images/original/ab/ab6c8444.jpg
abo-B07PCZ7K1J	3	https://amazon-berkeley-objects.s3.amazonaws.com/images/original/57/57f0bcad.jpg
abo-B07PCZ7K1V	1	https://amazon-berkeley-objects.s3.amazonaws.com/images/original/a9/a95ea5e9.jpg
abo-B07PCZ7K1V	2	https://amazon-berkeley-objects.s3.amazonaws.com/images/original/0c/0c8168ef.jpg
abo-B07PCZ7K1V	3	https://amazon-berkeley-objects.s3.amazonaws.com/images/original/47/47027eb2.jpg
abo-B07PCZ7N21	1	https://amazon-berkeley-objects.s3.amazonaws.com/images/original/a8/a892994a.jpg
abo-B07PCZ7N21	2	https://amazon-berkeley-objects.s3.amazonaws.com/images/original/f0/f0b74938.jpg
abo-B07PCZ7N21	3	https://amazon-berkeley-objects.s3.amazonaws.com/images/original/9a/9af52773.jpg
abo-B07PCZ7N21	4	https://amazon-berkeley-objects.s3.amazonaws.com/images/original/6b/6bdb69ed.jpg
abo-B07PD6VCLW	1	https://amazon-berkeley-objects.s3.amazonaws.com/images/original/44/449f1475.jpg
abo-B07PD6VCLW	2	https://amazon-berkeley-objects.s3.amazonaws.com/images/original/b1/b12df5d9.jpg
abo-B07PD75KBC	1	https://amazon-berkeley-objects.s3.amazonaws.com/images/original/5b/5b4331b3.jpg
abo-B07PD75KBC	2	https://amazon-berkeley-objects.s3.amazonaws.com/images/original/ab/ab6c8444.jpg
abo-B07PD75KBC	3	https://amazon-berkeley-objects.s3.amazonaws.com/images/original/56/560c4e47.jpg
abo-B07PD75Q26	1	https://amazon-berkeley-objects.s3.amazonaws.com/images/original/a8/a892994a.jpg
abo-B07PD75Q26	2	https://amazon-berkeley-objects.s3.amazonaws.com/images/original/f0/f0b74938.jpg
abo-B07PD75Q26	3	https://amazon-berkeley-objects.s3.amazonaws.com/images/original/95/95053f1e.jpg
abo-B07PD75Q26	4	https://amazon-berkeley-objects.s3.amazonaws.com/images/original/6b/6bdb69ed.jpg
abo-B07PD75Q5N	1	https://amazon-berkeley-objects.s3.amazonaws.com/images/original/0a/0a74b224.jpg
abo-B07PD75Q5N	2	https://amazon-berkeley-objects.s3.amazonaws.com/images/original/56/560c4e47.jpg
abo-B07PD75Q5N	3	https://amazon-berkeley-objects.s3.amazonaws.com/images/original/c4/c4e6679a.jpg
abo-B07PDHMHD6	1	https://amazon-berkeley-objects.s3.amazonaws.com/images/original/0b/0b125ee2.jpg
abo-B07PDHMHD6	2	https://amazon-berkeley-objects.s3.amazonaws.com/images/original/cb/cb122138.jpg
abo-B07PDHMHD6	3	https://amazon-berkeley-objects.s3.amazonaws.com/images/original/0b/0bff85df.jpg
abo-B07PDHMHD6	4	https://amazon-berkeley-objects.s3.amazonaws.com/images/original/d1/d175c5af.jpg
abo-B07PDHMKX8	1	https://amazon-berkeley-objects.s3.amazonaws.com/images/original/f1/f1b92c6e.jpg
abo-B07PDHMKX8	2	https://amazon-berkeley-objects.s3.amazonaws.com/images/original/90/909ff205.jpg
abo-B07PDHMKX8	3	https://amazon-berkeley-objects.s3.amazonaws.com/images/original/c1/c1e68845.jpg
abo-B07PDHMKX8	4	https://amazon-berkeley-objects.s3.amazonaws.com/images/original/f6/f68ce454.jpg
abo-B07PFFFFMT	1	https://amazon-berkeley-objects.s3.amazonaws.com/images/original/ec/ec0cd968.jpg
abo-B07PFFFFMT	2	https://amazon-berkeley-objects.s3.amazonaws.com/images/original/df/dfdd0821.jpg
abo-B07PFFFFMT	3	https://amazon-berkeley-objects.s3.amazonaws.com/images/original/de/de1018a1.jpg
abo-B07PFFFFMT	4	https://amazon-berkeley-objects.s3.amazonaws.com/images/original/ff/ff813f4a.jpg
abo-B07PFFFFN5	1	https://amazon-berkeley-objects.s3.amazonaws.com/images/original/9f/9ff61113.jpg
abo-B07PFFFFN5	2	https://amazon-berkeley-objects.s3.amazonaws.com/images/original/58/58b1388a.jpg
abo-B07PFFFFN5	3	https://amazon-berkeley-objects.s3.amazonaws.com/images/original/1b/1b03d009.jpg
abo-B07PFFFFN5	4	https://amazon-berkeley-objects.s3.amazonaws.com/images/original/37/37b5080e.jpg
abo-B07PFFFFN5	5	https://amazon-berkeley-objects.s3.amazonaws.com/images/original/3a/3a653c15.jpg
abo-B07PFFFFN5	6	https://amazon-berkeley-objects.s3.amazonaws.com/images/original/b8/b80bd757.jpg
abo-B07PFFFFN5	7	https://amazon-berkeley-objects.s3.amazonaws.com/images/original/5f/5f830ebf.jpg
abo-B07PFFFFN5	8	https://amazon-berkeley-objects.s3.amazonaws.com/images/original/a6/a6a19b47.jpg
abo-B07PGKXCT8	1	https://amazon-berkeley-objects.s3.amazonaws.com/images/original/67/6701cc46.jpg
abo-B07PGKXCT8	2	https://amazon-berkeley-objects.s3.amazonaws.com/images/original/66/6625c793.jpg
abo-B07PGKXCT8	3	https://amazon-berkeley-objects.s3.amazonaws.com/images/original/ff/ff6a4b8d.jpg
abo-B07PGKXCT8	4	https://amazon-berkeley-objects.s3.amazonaws.com/images/original/c1/c1e68845.jpg
abo-B07PHPSDLL	1	https://amazon-berkeley-objects.s3.amazonaws.com/images/original/cb/cb557685.jpg
abo-B07PHPSDLL	2	https://amazon-berkeley-objects.s3.amazonaws.com/images/original/34/3499b2a8.jpg
abo-B07PHPSDLL	3	https://amazon-berkeley-objects.s3.amazonaws.com/images/original/c1/c1e68845.jpg
abo-B07PHPSDLL	4	https://amazon-berkeley-objects.s3.amazonaws.com/images/original/33/33c68930.jpg
abo-B07PHPSDLX	1	https://amazon-berkeley-objects.s3.amazonaws.com/images/original/cb/cb557685.jpg
abo-B07PHPSDLX	2	https://amazon-berkeley-objects.s3.amazonaws.com/images/original/34/3499b2a8.jpg
abo-B07PHPSDLX	3	https://amazon-berkeley-objects.s3.amazonaws.com/images/original/c1/c1e68845.jpg
abo-B07PHPSDLX	4	https://amazon-berkeley-objects.s3.amazonaws.com/images/original/33/33c68930.jpg
abo-B07PHPSDMB	1	https://amazon-berkeley-objects.s3.amazonaws.com/images/original/bb/bb6d8031.jpg
abo-B07PHPSDMB	2	https://amazon-berkeley-objects.s3.amazonaws.com/images/original/22/220febad.jpg
abo-B07PHPSDMB	3	https://amazon-berkeley-objects.s3.amazonaws.com/images/original/e2/e25eb520.jpg
abo-B07PHPSDMB	4	https://amazon-berkeley-objects.s3.amazonaws.com/images/original/fb/fba6a78e.jpg
abo-B07PHPSDRV	1	https://amazon-berkeley-objects.s3.amazonaws.com/images/original/99/99a53f6d.jpg
abo-B07PHPSDRV	2	https://amazon-berkeley-objects.s3.amazonaws.com/images/original/82/8217ceed.jpg
abo-B07PHPSDRV	3	https://amazon-berkeley-objects.s3.amazonaws.com/images/original/c5/c5562493.jpg
abo-B07PHPSDRV	4	https://amazon-berkeley-objects.s3.amazonaws.com/images/original/00/00612402.jpg
abo-B07PJTYNBR	1	https://amazon-berkeley-objects.s3.amazonaws.com/images/original/67/6701cc46.jpg
abo-B07PJTYNBR	2	https://amazon-berkeley-objects.s3.amazonaws.com/images/original/66/6625c793.jpg
abo-B07PJTYNBR	3	https://amazon-berkeley-objects.s3.amazonaws.com/images/original/ff/ff6a4b8d.jpg
abo-B07PJTYNBR	4	https://amazon-berkeley-objects.s3.amazonaws.com/images/original/c1/c1e68845.jpg
abo-B07PJTYNC7	1	https://amazon-berkeley-objects.s3.amazonaws.com/images/original/99/99d63856.jpg
abo-B07PJTYNC7	2	https://amazon-berkeley-objects.s3.amazonaws.com/images/original/ce/ceff3a37.jpg
abo-B07PJTYNC7	3	https://amazon-berkeley-objects.s3.amazonaws.com/images/original/16/166c45ac.jpg
abo-B07PJTYNC7	4	https://amazon-berkeley-objects.s3.amazonaws.com/images/original/fb/fba6a78e.jpg
abo-B07PJTYNJ7	1	https://amazon-berkeley-objects.s3.amazonaws.com/images/original/f7/f74d0954.jpg
abo-B07PJTYNJ7	2	https://amazon-berkeley-objects.s3.amazonaws.com/images/original/31/31e9cf87.jpg
abo-B07PJTYNJ7	3	https://amazon-berkeley-objects.s3.amazonaws.com/images/original/c8/c8cc3eda.jpg
abo-B07PJTYNJ7	4	https://amazon-berkeley-objects.s3.amazonaws.com/images/original/ea/ea4aec93.jpg
abo-B07PJV1W1S	1	https://amazon-berkeley-objects.s3.amazonaws.com/images/original/c0/c0c5222d.jpg
abo-B07PJV1W1S	2	https://amazon-berkeley-objects.s3.amazonaws.com/images/original/db/dbb277a7.jpg
abo-B07PJV1W1S	3	https://amazon-berkeley-objects.s3.amazonaws.com/images/original/fb/fba6a78e.jpg
abo-B07PJV1W1S	4	https://amazon-berkeley-objects.s3.amazonaws.com/images/original/02/029fb661.jpg
abo-B07PJV5MVG	1	https://amazon-berkeley-objects.s3.amazonaws.com/images/original/e0/e02734a2.jpg
abo-B07PJV5MVG	2	https://amazon-berkeley-objects.s3.amazonaws.com/images/original/20/208e3ad0.jpg
abo-B07PJV5MVG	3	https://amazon-berkeley-objects.s3.amazonaws.com/images/original/cf/cfd30e1e.jpg
abo-B07PJV5MVG	4	https://amazon-berkeley-objects.s3.amazonaws.com/images/original/38/38a55138.jpg
abo-B07PKWZJWP	1	https://amazon-berkeley-objects.s3.amazonaws.com/images/original/ad/ad7ed99f.jpg
abo-B07PKWZJWP	2	https://amazon-berkeley-objects.s3.amazonaws.com/images/original/48/48d8ff8f.jpg
abo-B07PKWZJWP	3	https://amazon-berkeley-objects.s3.amazonaws.com/images/original/c3/c3818a26.jpg
abo-B07PKWZJWP	4	https://amazon-berkeley-objects.s3.amazonaws.com/images/original/b2/b2662024.jpg
abo-B07PRBZJ1K	1	https://amazon-berkeley-objects.s3.amazonaws.com/images/original/13/13720926.jpg
abo-B07PRBZJ1K	2	https://amazon-berkeley-objects.s3.amazonaws.com/images/original/1d/1d4d1e65.jpg
abo-B07PRBZJ1K	3	https://amazon-berkeley-objects.s3.amazonaws.com/images/original/dc/dc157628.jpg
abo-B07PRBZJ1K	4	https://amazon-berkeley-objects.s3.amazonaws.com/images/original/6e/6e345f28.jpg
abo-B07PRBZM23	1	https://amazon-berkeley-objects.s3.amazonaws.com/images/original/a3/a381b80e.jpg
abo-B07PRBZM23	2	https://amazon-berkeley-objects.s3.amazonaws.com/images/original/ae/aebeed32.jpg
abo-B07PRBZM23	3	https://amazon-berkeley-objects.s3.amazonaws.com/images/original/80/8077139b.jpg
abo-B07PRBZM23	4	https://amazon-berkeley-objects.s3.amazonaws.com/images/original/6e/6e345f28.jpg
abo-B07PSJ1ZTN	1	https://amazon-berkeley-objects.s3.amazonaws.com/images/original/40/40fc6397.jpg
abo-B07PSJ1ZTN	2	https://amazon-berkeley-objects.s3.amazonaws.com/images/original/88/88c76e7a.jpg
abo-B07PSJ1ZTN	3	https://amazon-berkeley-objects.s3.amazonaws.com/images/original/6b/6b1611f7.jpg
abo-B07PSJ1ZTN	4	https://amazon-berkeley-objects.s3.amazonaws.com/images/original/6e/6e345f28.jpg
abo-B07PSJ214X	1	https://amazon-berkeley-objects.s3.amazonaws.com/images/original/61/61c2ce9a.jpg
abo-B07PSJ214X	2	https://amazon-berkeley-objects.s3.amazonaws.com/images/original/14/1411e85c.jpg
abo-B07PSJ214X	3	https://amazon-berkeley-objects.s3.amazonaws.com/images/original/6e/6e345f28.jpg
abo-B07PSJ214X	4	https://amazon-berkeley-objects.s3.amazonaws.com/images/original/82/8271a2ea.jpg
abo-B07PTLR1GJ	1	https://amazon-berkeley-objects.s3.amazonaws.com/images/original/94/947101d9.jpg
abo-B07PTLR1GJ	2	https://amazon-berkeley-objects.s3.amazonaws.com/images/original/56/5671b5d9.jpg
abo-B07PTLR1GJ	3	https://amazon-berkeley-objects.s3.amazonaws.com/images/original/6e/6e345f28.jpg
abo-B07PTLR1GJ	4	https://amazon-berkeley-objects.s3.amazonaws.com/images/original/f0/f00e35a7.jpg
abo-B07PTLSGKH	1	https://amazon-berkeley-objects.s3.amazonaws.com/images/original/f2/f239483b.jpg
abo-B07PTLSGKH	2	https://amazon-berkeley-objects.s3.amazonaws.com/images/original/65/6555ae20.jpg
abo-B07PTLSGKH	3	https://amazon-berkeley-objects.s3.amazonaws.com/images/original/0c/0c28f188.jpg
abo-B07PTLSGKH	4	https://amazon-berkeley-objects.s3.amazonaws.com/images/original/6e/6e345f28.jpg
abo-B07PTTL2DC	1	https://amazon-berkeley-objects.s3.amazonaws.com/images/original/91/9128d9ce.jpg
abo-B07PTTL2DC	2	https://amazon-berkeley-objects.s3.amazonaws.com/images/original/cd/cd7ca790.jpg
abo-B07PTTL2DC	3	https://amazon-berkeley-objects.s3.amazonaws.com/images/original/6e/6e345f28.jpg
abo-B07PTTL2DC	4	https://amazon-berkeley-objects.s3.amazonaws.com/images/original/f0/f00e35a7.jpg
abo-B07PV4D3FL	1	https://amazon-berkeley-objects.s3.amazonaws.com/images/original/e6/e6870ae4.jpg
abo-B07PV4D3FL	2	https://amazon-berkeley-objects.s3.amazonaws.com/images/original/30/30822372.jpg
abo-B07PV4D3FL	3	https://amazon-berkeley-objects.s3.amazonaws.com/images/original/6e/6e345f28.jpg
abo-B07PV4D3FL	4	https://amazon-berkeley-objects.s3.amazonaws.com/images/original/45/45cad199.jpg
abo-B07PV4D3FL	5	https://amazon-berkeley-objects.s3.amazonaws.com/images/original/7a/7a12f2f1.jpg
abo-B07PV4D3FL	6	https://amazon-berkeley-objects.s3.amazonaws.com/images/original/6d/6dffc4df.jpg
abo-B07PV4D3FL	7	https://amazon-berkeley-objects.s3.amazonaws.com/images/original/5f/5f204638.jpg
abo-B07PV4D3FL	8	https://amazon-berkeley-objects.s3.amazonaws.com/images/original/29/29173453.jpg
abo-B07PV4D3KD	1	https://amazon-berkeley-objects.s3.amazonaws.com/images/original/05/0583a493.jpg
abo-B07PV4D3KD	2	https://amazon-berkeley-objects.s3.amazonaws.com/images/original/b9/b9aa973f.jpg
abo-B07PV4D3KD	3	https://amazon-berkeley-objects.s3.amazonaws.com/images/original/6e/6e345f28.jpg
abo-B07PV4D3KD	4	https://amazon-berkeley-objects.s3.amazonaws.com/images/original/b9/b903fc91.jpg
abo-B07PV4D3KD	5	https://amazon-berkeley-objects.s3.amazonaws.com/images/original/8c/8c95e1c1.jpg
abo-B07PV4D3KD	6	https://amazon-berkeley-objects.s3.amazonaws.com/images/original/3e/3e068da1.jpg
abo-B07PV4D3KD	7	https://amazon-berkeley-objects.s3.amazonaws.com/images/original/96/96a55e8a.jpg
abo-B07PV4D3KD	8	https://amazon-berkeley-objects.s3.amazonaws.com/images/original/ed/ed5c8734.jpg
abo-B07PW2M67B	1	https://amazon-berkeley-objects.s3.amazonaws.com/images/original/07/073f1ed0.jpg
abo-B07PW2M67B	2	https://amazon-berkeley-objects.s3.amazonaws.com/images/original/30/30822372.jpg
abo-B07PW2M67B	3	https://amazon-berkeley-objects.s3.amazonaws.com/images/original/14/14fc39bb.jpg
abo-B07PW2M67B	4	https://amazon-berkeley-objects.s3.amazonaws.com/images/original/2f/2f340b3c.jpg
abo-B07PW2M67B	5	https://amazon-berkeley-objects.s3.amazonaws.com/images/original/6e/6e345f28.jpg
abo-B07PW2M67B	6	https://amazon-berkeley-objects.s3.amazonaws.com/images/original/93/934a6b05.jpg
abo-B07PW2M67B	7	https://amazon-berkeley-objects.s3.amazonaws.com/images/original/01/01726dd8.jpg
abo-B07PW2M67B	8	https://amazon-berkeley-objects.s3.amazonaws.com/images/original/70/70e4825e.jpg
abo-B07PW2MJM4	1	https://amazon-berkeley-objects.s3.amazonaws.com/images/original/e6/e6870ae4.jpg
abo-B07PW2MJM4	2	https://amazon-berkeley-objects.s3.amazonaws.com/images/original/30/30822372.jpg
abo-B07PW2MJM4	3	https://amazon-berkeley-objects.s3.amazonaws.com/images/original/6e/6e345f28.jpg
abo-B07PW2MJM4	4	https://amazon-berkeley-objects.s3.amazonaws.com/images/original/45/45cad199.jpg
abo-B07PW2MJM4	5	https://amazon-berkeley-objects.s3.amazonaws.com/images/original/6d/6dffc4df.jpg
abo-B07PW2MJM4	6	https://amazon-berkeley-objects.s3.amazonaws.com/images/original/7b/7b61a1de.jpg
abo-B07PW2MJM4	7	https://amazon-berkeley-objects.s3.amazonaws.com/images/original/be/bee92d33.jpg
abo-B07PW2MJM4	8	https://amazon-berkeley-objects.s3.amazonaws.com/images/original/70/70d2f04c.jpg
abo-B07PW2MR8K	1	https://amazon-berkeley-objects.s3.amazonaws.com/images/original/07/073f1ed0.jpg
abo-B07PW2MR8K	2	https://amazon-berkeley-objects.s3.amazonaws.com/images/original/30/30822372.jpg
abo-B07PW2MR8K	3	https://amazon-berkeley-objects.s3.amazonaws.com/images/original/bb/bba64d13.jpg
abo-B07PW2MR8K	4	https://amazon-berkeley-objects.s3.amazonaws.com/images/original/6e/6e345f28.jpg
abo-B07PW2MR8K	5	https://amazon-berkeley-objects.s3.amazonaws.com/images/original/ca/ca54ca9d.jpg
abo-B07PW2MR8K	6	https://amazon-berkeley-objects.s3.amazonaws.com/images/original/ad/ade0c2a0.jpg
abo-B07PW2MR8K	7	https://amazon-berkeley-objects.s3.amazonaws.com/images/original/66/665053fd.jpg
abo-B07PW2MR8K	8	https://amazon-berkeley-objects.s3.amazonaws.com/images/original/3d/3d278288.jpg
abo-B07PW2MRH8	1	https://amazon-berkeley-objects.s3.amazonaws.com/images/original/1b/1bc1716c.jpg
abo-B07PW2MRH8	2	https://amazon-berkeley-objects.s3.amazonaws.com/images/original/7a/7adc6c33.jpg
abo-B07PW2MRH8	3	https://amazon-berkeley-objects.s3.amazonaws.com/images/original/47/474310f8.jpg
abo-B07PW2MRH8	4	https://amazon-berkeley-objects.s3.amazonaws.com/images/original/05/05ef2e03.jpg
abo-B07PX7KKQN	1	https://amazon-berkeley-objects.s3.amazonaws.com/images/original/37/3759ec7f.jpg
abo-B07PX7KKQN	2	https://amazon-berkeley-objects.s3.amazonaws.com/images/original/e4/e46b3ad0.jpg
abo-B07PX7KKQN	3	https://amazon-berkeley-objects.s3.amazonaws.com/images/original/6a/6a79bd1c.jpg
abo-B07PX7KKQN	4	https://amazon-berkeley-objects.s3.amazonaws.com/images/original/6e/6e345f28.jpg
abo-B07PX7KKQN	5	https://amazon-berkeley-objects.s3.amazonaws.com/images/original/2e/2e06ed76.jpg
abo-B07PX7KKQN	6	https://amazon-berkeley-objects.s3.amazonaws.com/images/original/b1/b1ceb353.jpg
abo-B07PX7KKQN	7	https://amazon-berkeley-objects.s3.amazonaws.com/images/original/1f/1ffc6162.jpg
abo-B07PX7KKQN	8	https://amazon-berkeley-objects.s3.amazonaws.com/images/original/14/1498cc25.jpg
abo-B07PX7KT5F	1	https://amazon-berkeley-objects.s3.amazonaws.com/images/original/fb/fb61caf5.jpg
abo-B07PX7KT5F	2	https://amazon-berkeley-objects.s3.amazonaws.com/images/original/28/28bc2c4e.jpg
abo-B07PX7KT5F	3	https://amazon-berkeley-objects.s3.amazonaws.com/images/original/e6/e69d5108.jpg
abo-B07PX7KT5F	4	https://amazon-berkeley-objects.s3.amazonaws.com/images/original/67/67da5339.jpg
abo-B07PX7KT5F	5	https://amazon-berkeley-objects.s3.amazonaws.com/images/original/02/0261ec05.jpg
abo-B07PX7KT5F	6	https://amazon-berkeley-objects.s3.amazonaws.com/images/original/61/61cb7cd4.jpg
abo-B07PX7KT5F	7	https://amazon-berkeley-objects.s3.amazonaws.com/images/original/7c/7c1dad96.jpg
abo-B07PX7KT5F	8	https://amazon-berkeley-objects.s3.amazonaws.com/images/original/12/1203cc4f.jpg
abo-B07PX7KTFT	1	https://amazon-berkeley-objects.s3.amazonaws.com/images/original/01/013240ce.jpg
abo-B07PX7KTFT	2	https://amazon-berkeley-objects.s3.amazonaws.com/images/original/4c/4cd95605.jpg
abo-B07PX7KTFT	3	https://amazon-berkeley-objects.s3.amazonaws.com/images/original/18/184017a0.jpg
abo-B07PX7KTFT	4	https://amazon-berkeley-objects.s3.amazonaws.com/images/original/6e/6e345f28.jpg
abo-B07PX7KTFT	5	https://amazon-berkeley-objects.s3.amazonaws.com/images/original/c9/c90b1e03.jpg
abo-B07PX7KTFT	6	https://amazon-berkeley-objects.s3.amazonaws.com/images/original/36/369eb990.jpg
abo-B07PX7KTFT	7	https://amazon-berkeley-objects.s3.amazonaws.com/images/original/50/506a55aa.jpg
abo-B07PX7KTFT	8	https://amazon-berkeley-objects.s3.amazonaws.com/images/original/06/06f3e3fd.jpg
abo-B07PX7L547	1	https://amazon-berkeley-objects.s3.amazonaws.com/images/original/c2/c2dc8127.jpg
abo-B07PX7L547	2	https://amazon-berkeley-objects.s3.amazonaws.com/images/original/94/94848fe9.jpg
abo-B07PX7L547	3	https://amazon-berkeley-objects.s3.amazonaws.com/images/original/88/8828584e.jpg
abo-B07PX7L547	4	https://amazon-berkeley-objects.s3.amazonaws.com/images/original/6e/6e345f28.jpg
abo-B07PX7L547	5	https://amazon-berkeley-objects.s3.amazonaws.com/images/original/76/76ffc3cd.jpg
abo-B07PX7L547	6	https://amazon-berkeley-objects.s3.amazonaws.com/images/original/2e/2e06ed76.jpg
abo-B07PX7L547	7	https://amazon-berkeley-objects.s3.amazonaws.com/images/original/0d/0d635871.jpg
abo-B07PX7L547	8	https://amazon-berkeley-objects.s3.amazonaws.com/images/original/bb/bb085ce8.jpg
abo-B07PY81QL9	1	https://amazon-berkeley-objects.s3.amazonaws.com/images/original/8f/8fe5acb3.jpg
abo-B07PY81QL9	2	https://amazon-berkeley-objects.s3.amazonaws.com/images/original/00/000cddab.jpg
abo-B07PY81QL9	3	https://amazon-berkeley-objects.s3.amazonaws.com/images/original/cd/cd11743b.jpg
abo-B07PY81QL9	4	https://amazon-berkeley-objects.s3.amazonaws.com/images/original/eb/eb3dc7e3.jpg
abo-B07PYCLNN7	1	https://amazon-berkeley-objects.s3.amazonaws.com/images/original/cf/cf3a867f.jpg
abo-B07PYCLNN7	2	https://amazon-berkeley-objects.s3.amazonaws.com/images/original/5b/5b870aa8.jpg
abo-B07PYCLNN7	3	https://amazon-berkeley-objects.s3.amazonaws.com/images/original/a0/a0accfa2.jpg
abo-B07PYCLNN7	4	https://amazon-berkeley-objects.s3.amazonaws.com/images/original/67/67da5339.jpg
abo-B07PYCLNN7	5	https://amazon-berkeley-objects.s3.amazonaws.com/images/original/61/61cb7cd4.jpg
abo-B07PYCLNN7	6	https://amazon-berkeley-objects.s3.amazonaws.com/images/original/7c/7c1dad96.jpg
abo-B07PYCLNN7	7	https://amazon-berkeley-objects.s3.amazonaws.com/images/original/17/172261a6.jpg
abo-B07PYCLNN7	8	https://amazon-berkeley-objects.s3.amazonaws.com/images/original/12/1203cc4f.jpg
abo-B07PYCLP54	1	https://amazon-berkeley-objects.s3.amazonaws.com/images/original/e6/e6870ae4.jpg
abo-B07PYCLP54	2	https://amazon-berkeley-objects.s3.amazonaws.com/images/original/0d/0df6169d.jpg
abo-B07PYCLP54	3	https://amazon-berkeley-objects.s3.amazonaws.com/images/original/30/30822372.jpg
abo-B07PYCLP54	4	https://amazon-berkeley-objects.s3.amazonaws.com/images/original/14/14fc39bb.jpg
abo-B07PYCLP54	5	https://amazon-berkeley-objects.s3.amazonaws.com/images/original/6e/6e345f28.jpg
abo-B07PYCLP54	6	https://amazon-berkeley-objects.s3.amazonaws.com/images/original/45/45cad199.jpg
abo-B07PYCLP54	7	https://amazon-berkeley-objects.s3.amazonaws.com/images/original/6d/6dffc4df.jpg
abo-B07PYCLP54	8	https://amazon-berkeley-objects.s3.amazonaws.com/images/original/25/257f35c6.jpg
abo-B07PYCNDDZ	1	https://amazon-berkeley-objects.s3.amazonaws.com/images/original/01/013240ce.jpg
abo-B07PYCNDDZ	2	https://amazon-berkeley-objects.s3.amazonaws.com/images/original/07/0758aa64.jpg
abo-B07PYCNDDZ	3	https://amazon-berkeley-objects.s3.amazonaws.com/images/original/ce/ce9d66a8.jpg
abo-B07PYCNDDZ	4	https://amazon-berkeley-objects.s3.amazonaws.com/images/original/96/9662627d.jpg
abo-B07PYCNDDZ	5	https://amazon-berkeley-objects.s3.amazonaws.com/images/original/6e/6e345f28.jpg
abo-B07PYCNDDZ	6	https://amazon-berkeley-objects.s3.amazonaws.com/images/original/8d/8da4ecde.jpg
abo-B07PYCNDDZ	7	https://amazon-berkeley-objects.s3.amazonaws.com/images/original/c9/c90b1e03.jpg
abo-B07PYCNDDZ	8	https://amazon-berkeley-objects.s3.amazonaws.com/images/original/86/86da5af6.jpg
abo-B07PYCNS6F	1	https://amazon-berkeley-objects.s3.amazonaws.com/images/original/32/328c8c86.jpg
abo-B07PYCNS6F	2	https://amazon-berkeley-objects.s3.amazonaws.com/images/original/6e/6e345f28.jpg
abo-B07PYCNS6F	3	https://amazon-berkeley-objects.s3.amazonaws.com/images/original/f4/f4a87778.jpg
abo-B07PYCNS6F	4	https://amazon-berkeley-objects.s3.amazonaws.com/images/original/a1/a1f01d08.jpg
abo-B07PYCNS7Z	1	https://amazon-berkeley-objects.s3.amazonaws.com/images/original/3b/3b3db72b.jpg
abo-B07PYCNS7Z	2	https://amazon-berkeley-objects.s3.amazonaws.com/images/original/34/34c06e9f.jpg
abo-B07PYCNS7Z	3	https://amazon-berkeley-objects.s3.amazonaws.com/images/original/d6/d6ed920a.jpg
abo-B07PYCNYMX	1	https://amazon-berkeley-objects.s3.amazonaws.com/images/original/be/be7e912f.jpg
abo-B07PYCNYMX	2	https://amazon-berkeley-objects.s3.amazonaws.com/images/original/e4/e46b3ad0.jpg
abo-B07PYCNYMX	3	https://amazon-berkeley-objects.s3.amazonaws.com/images/original/a6/a62a8732.jpg
abo-B07PYCNYMX	4	https://amazon-berkeley-objects.s3.amazonaws.com/images/original/6e/6e345f28.jpg
abo-B07PYCNYMX	5	https://amazon-berkeley-objects.s3.amazonaws.com/images/original/2e/2e06ed76.jpg
abo-B07PYCNYMX	6	https://amazon-berkeley-objects.s3.amazonaws.com/images/original/1a/1af29dd9.jpg
abo-B07PYCNYMX	7	https://amazon-berkeley-objects.s3.amazonaws.com/images/original/bb/bb085ce8.jpg
abo-B07PYCNYMX	8	https://amazon-berkeley-objects.s3.amazonaws.com/images/original/67/67f6eafb.jpg
abo-B07PYCP1YP	1	https://amazon-berkeley-objects.s3.amazonaws.com/images/original/05/0583a493.jpg
abo-B07PYCP1YP	2	https://amazon-berkeley-objects.s3.amazonaws.com/images/original/79/796a60a3.jpg
abo-B07PYCP1YP	3	https://amazon-berkeley-objects.s3.amazonaws.com/images/original/30/30285334.jpg
abo-B07PYCP1YP	4	https://amazon-berkeley-objects.s3.amazonaws.com/images/original/6e/6e345f28.jpg
abo-B07PYCP1YP	5	https://amazon-berkeley-objects.s3.amazonaws.com/images/original/6f/6f9977f1.jpg
abo-B07PYCP1YP	6	https://amazon-berkeley-objects.s3.amazonaws.com/images/original/ec/ec3d6e3a.jpg
abo-B07PYCP1YP	7	https://amazon-berkeley-objects.s3.amazonaws.com/images/original/b9/b9aa973f.jpg
abo-B07PYCP1YP	8	https://amazon-berkeley-objects.s3.amazonaws.com/images/original/96/96a55e8a.jpg
abo-B07PYCP79Y	1	https://amazon-berkeley-objects.s3.amazonaws.com/images/original/db/db9c9e20.jpg
abo-B07PYCP79Y	2	https://amazon-berkeley-objects.s3.amazonaws.com/images/original/4a/4ad7bed2.jpg
abo-B07PYCP79Y	3	https://amazon-berkeley-objects.s3.amazonaws.com/images/original/9e/9ed2b40e.jpg
abo-B07PYCP79Y	4	https://amazon-berkeley-objects.s3.amazonaws.com/images/original/3b/3b6d56da.jpg
abo-B07PYCP79Y	5	https://amazon-berkeley-objects.s3.amazonaws.com/images/original/6e/6e345f28.jpg
abo-B07PYCP79Y	6	https://amazon-berkeley-objects.s3.amazonaws.com/images/original/92/926c55d9.jpg
abo-B07PYCP79Y	7	https://amazon-berkeley-objects.s3.amazonaws.com/images/original/b9/b9aa973f.jpg
abo-B07PYCP79Y	8	https://amazon-berkeley-objects.s3.amazonaws.com/images/original/96/96a55e8a.jpg
abo-B07PYCP9FW	1	https://amazon-berkeley-objects.s3.amazonaws.com/images/original/c1/c1694ba1.jpg
abo-B07PYCP9FW	2	https://amazon-berkeley-objects.s3.amazonaws.com/images/original/e4/e46b3ad0.jpg
abo-B07PYCP9FW	3	https://amazon-berkeley-objects.s3.amazonaws.com/images/original/c4/c477f58c.jpg
abo-B07PYCP9FW	4	https://amazon-berkeley-objects.s3.amazonaws.com/images/original/6e/6e345f28.jpg
abo-B07PYCP9FW	5	https://amazon-berkeley-objects.s3.amazonaws.com/images/original/2e/2e06ed76.jpg
abo-B07PYCP9FW	6	https://amazon-berkeley-objects.s3.amazonaws.com/images/original/68/689d692b.jpg
abo-B07PYCP9FW	7	https://amazon-berkeley-objects.s3.amazonaws.com/images/original/eb/eb9a74fe.jpg
abo-B07PYCP9FW	8	https://amazon-berkeley-objects.s3.amazonaws.com/images/original/1b/1b4c4b55.jpg
abo-B07PZGT1GH	1	https://amazon-berkeley-objects.s3.amazonaws.com/images/original/05/0583a493.jpg
abo-B07PZGT1GH	2	https://amazon-berkeley-objects.s3.amazonaws.com/images/original/f5/f5d6bda4.jpg
abo-B07PZGT1GH	3	https://amazon-berkeley-objects.s3.amazonaws.com/images/original/61/61de81a7.jpg
abo-B07PZGT1GH	4	https://amazon-berkeley-objects.s3.amazonaws.com/images/original/87/87fac7bd.jpg
abo-B07PZGT1GH	5	https://amazon-berkeley-objects.s3.amazonaws.com/images/original/6e/6e345f28.jpg
abo-B07PZGT1GH	6	https://amazon-berkeley-objects.s3.amazonaws.com/images/original/b9/b9aa973f.jpg
abo-B07PZGT1GH	7	https://amazon-berkeley-objects.s3.amazonaws.com/images/original/1f/1f74a1b4.jpg
abo-B07PZGT1GH	8	https://amazon-berkeley-objects.s3.amazonaws.com/images/original/96/96a55e8a.jpg
abo-B07PZH4WFQ	1	https://amazon-berkeley-objects.s3.amazonaws.com/images/original/05/0583a493.jpg
abo-B07PZH4WFQ	2	https://amazon-berkeley-objects.s3.amazonaws.com/images/original/61/618c8da6.jpg
abo-B07PZH4WFQ	3	https://amazon-berkeley-objects.s3.amazonaws.com/images/original/47/470f31f2.jpg
abo-B07PZH4WFQ	4	https://amazon-berkeley-objects.s3.amazonaws.com/images/original/6e/6e345f28.jpg
abo-B07PZH4WFQ	5	https://amazon-berkeley-objects.s3.amazonaws.com/images/original/4c/4cb0fd36.jpg
abo-B07PZH4WFQ	6	https://amazon-berkeley-objects.s3.amazonaws.com/images/original/46/46174584.jpg
abo-B07PZH4WFQ	7	https://amazon-berkeley-objects.s3.amazonaws.com/images/original/b9/b9aa973f.jpg
abo-B07PZH4WFQ	8	https://amazon-berkeley-objects.s3.amazonaws.com/images/original/59/59c62072.jpg
abo-B07PZH5XLQ	1	https://amazon-berkeley-objects.s3.amazonaws.com/images/original/6a/6a14f5f6.jpg
abo-B07PZH5XLQ	2	https://amazon-berkeley-objects.s3.amazonaws.com/images/original/25/25c696a0.jpg
abo-B07PZH5XLQ	3	https://amazon-berkeley-objects.s3.amazonaws.com/images/original/61/61235c71.jpg
abo-B07PZH5XLQ	4	https://amazon-berkeley-objects.s3.amazonaws.com/images/original/82/82e6245f.jpg
abo-B07PZH5XLQ	5	https://amazon-berkeley-objects.s3.amazonaws.com/images/original/3e/3efd30fe.jpg
abo-B07PZH5XLQ	6	https://amazon-berkeley-objects.s3.amazonaws.com/images/original/06/06b0fa41.jpg
abo-B07PZH5XLQ	7	https://amazon-berkeley-objects.s3.amazonaws.com/images/original/5b/5b870aa8.jpg
abo-B07PZH5XLQ	8	https://amazon-berkeley-objects.s3.amazonaws.com/images/original/c6/c697b62a.jpg
abo-B07PZH5XM4	1	https://amazon-berkeley-objects.s3.amazonaws.com/images/original/8b/8b649966.jpg
abo-B07PZH5XM4	2	https://amazon-berkeley-objects.s3.amazonaws.com/images/original/15/15f21c21.jpg
abo-B07PZH5XM4	3	https://amazon-berkeley-objects.s3.amazonaws.com/images/original/21/2124a0bb.jpg
abo-B07PZH5XM4	4	https://amazon-berkeley-objects.s3.amazonaws.com/images/original/6e/6e345f28.jpg
abo-B07PZH8SZ5	1	https://amazon-berkeley-objects.s3.amazonaws.com/images/original/81/81b76292.jpg
abo-B07PZH8SZ5	2	https://amazon-berkeley-objects.s3.amazonaws.com/images/original/a3/a34d5b90.jpg
abo-B07PZH8SZ5	3	https://amazon-berkeley-objects.s3.amazonaws.com/images/original/6e/6e345f28.jpg
abo-B07PZH8SZ5	4	https://amazon-berkeley-objects.s3.amazonaws.com/images/original/15/1557ef9c.jpg
abo-B07PZH8SZ5	5	https://amazon-berkeley-objects.s3.amazonaws.com/images/original/b9/b9aa973f.jpg
abo-B07PZH8SZ5	6	https://amazon-berkeley-objects.s3.amazonaws.com/images/original/aa/aada7810.jpg
abo-B07PZH8SZ5	7	https://amazon-berkeley-objects.s3.amazonaws.com/images/original/1f/1f74a1b4.jpg
abo-B07PZH8SZ5	8	https://amazon-berkeley-objects.s3.amazonaws.com/images/original/96/96a55e8a.jpg
abo-B07PZH8T2X	1	https://amazon-berkeley-objects.s3.amazonaws.com/images/original/d2/d20c16e3.jpg
abo-B07PZH8T2X	2	https://amazon-berkeley-objects.s3.amazonaws.com/images/original/5b/5b870aa8.jpg
abo-B07PZH8T2X	3	https://amazon-berkeley-objects.s3.amazonaws.com/images/original/b9/b9563c29.jpg
abo-B07PZH8T2X	4	https://amazon-berkeley-objects.s3.amazonaws.com/images/original/01/01e728f1.jpg
abo-B07PZHBCKM	1	https://amazon-berkeley-objects.s3.amazonaws.com/images/original/e6/e6870ae4.jpg
abo-B07PZHBCKM	2	https://amazon-berkeley-objects.s3.amazonaws.com/images/original/30/30822372.jpg
abo-B07PZHBCKM	3	https://amazon-berkeley-objects.s3.amazonaws.com/images/original/14/14fc39bb.jpg
abo-B07PZHBCKM	4	https://amazon-berkeley-objects.s3.amazonaws.com/images/original/6e/6e345f28.jpg
abo-B07PZHBCKM	5	https://amazon-berkeley-objects.s3.amazonaws.com/images/original/45/45cad199.jpg
abo-B07PZHBCKM	6	https://amazon-berkeley-objects.s3.amazonaws.com/images/original/a6/a67ce487.jpg
abo-B07PZHBCKM	7	https://amazon-berkeley-objects.s3.amazonaws.com/images/original/6d/6dffc4df.jpg
abo-B07PZHBCKM	8	https://amazon-berkeley-objects.s3.amazonaws.com/images/original/69/692ef6ed.jpg
abo-B07PZHHY6W	1	https://amazon-berkeley-objects.s3.amazonaws.com/images/original/79/795ec7d8.jpg
abo-B07PZHHY6W	2	https://amazon-berkeley-objects.s3.amazonaws.com/images/original/38/389dea43.jpg
abo-B07PZHHY6W	3	https://amazon-berkeley-objects.s3.amazonaws.com/images/original/e8/e877e33f.jpg
abo-B07PZHHY6W	4	https://amazon-berkeley-objects.s3.amazonaws.com/images/original/fb/fbb486c7.jpg
abo-B07PZHKGHD	1	https://amazon-berkeley-objects.s3.amazonaws.com/images/original/7c/7c62dd34.jpg
abo-B07PZHKGHD	2	https://amazon-berkeley-objects.s3.amazonaws.com/images/original/6e/6e345f28.jpg
abo-B07PZHKGHD	3	https://amazon-berkeley-objects.s3.amazonaws.com/images/original/00/000fce08.jpg
abo-B07PZHKGHD	4	https://amazon-berkeley-objects.s3.amazonaws.com/images/original/61/61b63898.jpg
abo-B07PZHKGHD	5	https://amazon-berkeley-objects.s3.amazonaws.com/images/original/b9/b9aa973f.jpg
abo-B07PZHKGHD	6	https://amazon-berkeley-objects.s3.amazonaws.com/images/original/40/40f3a3b7.jpg
abo-B07PZHKGHD	7	https://amazon-berkeley-objects.s3.amazonaws.com/images/original/f8/f81b1f74.jpg
abo-B07PZHKGHD	8	https://amazon-berkeley-objects.s3.amazonaws.com/images/original/7e/7e4938f6.jpg
abo-B07PZHP1Z7	1	https://amazon-berkeley-objects.s3.amazonaws.com/images/original/07/073f1ed0.jpg
abo-B07PZHP1Z7	2	https://amazon-berkeley-objects.s3.amazonaws.com/images/original/86/8651f4b9.jpg
abo-B07PZHP1Z7	3	https://amazon-berkeley-objects.s3.amazonaws.com/images/original/30/30822372.jpg
abo-B07PZHP1Z7	4	https://amazon-berkeley-objects.s3.amazonaws.com/images/original/6e/6e345f28.jpg
abo-B07PZHP1Z7	5	https://amazon-berkeley-objects.s3.amazonaws.com/images/original/8d/8d6e2396.jpg
abo-B07PZHP1Z7	6	https://amazon-berkeley-objects.s3.amazonaws.com/images/original/57/570e6cc5.jpg
abo-B07PZHP1Z7	7	https://amazon-berkeley-objects.s3.amazonaws.com/images/original/b3/b3129fa7.jpg
abo-B07PZHP1Z7	8	https://amazon-berkeley-objects.s3.amazonaws.com/images/original/69/69e880b6.jpg
abo-B07Q1LJZCR	1	https://amazon-berkeley-objects.s3.amazonaws.com/images/original/05/05cfdffa.jpg
abo-B07Q1LJZCR	2	https://amazon-berkeley-objects.s3.amazonaws.com/images/original/84/84c0b51b.jpg
abo-B07Q1LJZCR	3	https://amazon-berkeley-objects.s3.amazonaws.com/images/original/12/122bbb2c.jpg
abo-B07Q1LJZCR	4	https://amazon-berkeley-objects.s3.amazonaws.com/images/original/6e/6e345f28.jpg
abo-B07Q2P8D81	1	https://amazon-berkeley-objects.s3.amazonaws.com/images/original/1d/1d1ef835.jpg
abo-B07Q2P8D81	2	https://amazon-berkeley-objects.s3.amazonaws.com/images/original/cf/cf59f7e9.jpg
abo-B07Q2P8D81	3	https://amazon-berkeley-objects.s3.amazonaws.com/images/original/bc/bc8ca3e6.jpg
abo-B07Q2P8D81	4	https://amazon-berkeley-objects.s3.amazonaws.com/images/original/b6/b69d081a.jpg
abo-B07Q2VDFFJ	1	https://amazon-berkeley-objects.s3.amazonaws.com/images/original/f8/f8b78477.jpg
abo-B07Q2VDFFJ	2	https://amazon-berkeley-objects.s3.amazonaws.com/images/original/23/233cf86c.jpg
abo-B07Q2VDFFJ	3	https://amazon-berkeley-objects.s3.amazonaws.com/images/original/cd/cd0e9be9.jpg
abo-B07Q2VDFFJ	4	https://amazon-berkeley-objects.s3.amazonaws.com/images/original/14/14a4f4a4.jpg
abo-B07Q7DM9HP	1	https://amazon-berkeley-objects.s3.amazonaws.com/images/original/26/26366fb4.jpg
abo-B07Q7DM9HP	2	https://amazon-berkeley-objects.s3.amazonaws.com/images/original/f7/f789d3b7.jpg
abo-B07Q7DM9HP	3	https://amazon-berkeley-objects.s3.amazonaws.com/images/original/75/75a415e8.jpg
abo-B07Q7DM9HP	4	https://amazon-berkeley-objects.s3.amazonaws.com/images/original/a1/a1e63225.jpg
abo-B07QBPZPTK	1	https://amazon-berkeley-objects.s3.amazonaws.com/images/original/c2/c2a642b4.jpg
abo-B07QBPZPTK	2	https://amazon-berkeley-objects.s3.amazonaws.com/images/original/52/523f25ee.jpg
abo-B07QBPZPTK	3	https://amazon-berkeley-objects.s3.amazonaws.com/images/original/92/9226fd33.jpg
abo-B07QBPZPTK	4	https://amazon-berkeley-objects.s3.amazonaws.com/images/original/28/28734b2b.jpg
abo-B07QCPPTNP	1	https://amazon-berkeley-objects.s3.amazonaws.com/images/original/bb/bba83371.jpg
abo-B07QCPPTNP	2	https://amazon-berkeley-objects.s3.amazonaws.com/images/original/b9/b928fcce.jpg
abo-B07QCPPTNP	3	https://amazon-berkeley-objects.s3.amazonaws.com/images/original/8e/8e577ecc.jpg
abo-B07QCPPTNP	4	https://amazon-berkeley-objects.s3.amazonaws.com/images/original/8f/8f8d02d9.jpg
abo-B07QD6V13M	1	https://amazon-berkeley-objects.s3.amazonaws.com/images/original/b6/b675dfca.jpg
abo-B07QD6V13M	2	https://amazon-berkeley-objects.s3.amazonaws.com/images/original/2b/2bd51bd9.jpg
abo-B07QD6V13M	3	https://amazon-berkeley-objects.s3.amazonaws.com/images/original/4f/4f883d80.jpg
abo-B07QD6V13M	4	https://amazon-berkeley-objects.s3.amazonaws.com/images/original/9c/9ce3d905.jpg
abo-B07QD6V1S4	1	https://amazon-berkeley-objects.s3.amazonaws.com/images/original/21/216f45d0.jpg
abo-B07QD6V1S4	2	https://amazon-berkeley-objects.s3.amazonaws.com/images/original/48/48235483.jpg
abo-B07QD6V1S4	3	https://amazon-berkeley-objects.s3.amazonaws.com/images/original/22/2258660c.jpg
abo-B07QD6V1S4	4	https://amazon-berkeley-objects.s3.amazonaws.com/images/original/4b/4b345e91.jpg
abo-B07QDNDK9Q	1	https://amazon-berkeley-objects.s3.amazonaws.com/images/original/d1/d1764545.jpg
abo-B07QDNDK9Q	2	https://amazon-berkeley-objects.s3.amazonaws.com/images/original/a1/a12d887e.jpg
abo-B07QDNDK9Q	3	https://amazon-berkeley-objects.s3.amazonaws.com/images/original/eb/ebf07737.jpg
abo-B07QDNDK9Q	4	https://amazon-berkeley-objects.s3.amazonaws.com/images/original/26/260ee3cb.jpg
abo-B07QF9Y9D1	1	https://amazon-berkeley-objects.s3.amazonaws.com/images/original/98/98bd2d5b.jpg
abo-B07QF9Y9D1	2	https://amazon-berkeley-objects.s3.amazonaws.com/images/original/18/1845607b.jpg
abo-B07QF9Y9D1	3	https://amazon-berkeley-objects.s3.amazonaws.com/images/original/a0/a027b24a.jpg
abo-B07QF9Y9D1	4	https://amazon-berkeley-objects.s3.amazonaws.com/images/original/22/22efca36.jpg
abo-B07QFR6Y1M	1	https://amazon-berkeley-objects.s3.amazonaws.com/images/original/84/84f5c333.jpg
abo-B07QFR6Y1M	2	https://amazon-berkeley-objects.s3.amazonaws.com/images/original/cd/cdc9923f.jpg
abo-B07QFR6Y1M	3	https://amazon-berkeley-objects.s3.amazonaws.com/images/original/f8/f8086579.jpg
abo-B07QFR6Y1M	4	https://amazon-berkeley-objects.s3.amazonaws.com/images/original/21/2174bcb1.jpg
abo-B07QFRBZ1Q	1	https://amazon-berkeley-objects.s3.amazonaws.com/images/original/c0/c0cc57d4.jpg
abo-B07QFRBZ1Q	2	https://amazon-berkeley-objects.s3.amazonaws.com/images/original/b7/b7891b1d.jpg
abo-B07QFRBZ1Q	3	https://amazon-berkeley-objects.s3.amazonaws.com/images/original/ab/ab7926a8.jpg
abo-B07QFRBZ1Q	4	https://amazon-berkeley-objects.s3.amazonaws.com/images/original/7d/7db847b1.jpg
abo-B07QFRCVFD	1	https://amazon-berkeley-objects.s3.amazonaws.com/images/original/df/df7993c2.jpg
abo-B07QFRCVFD	2	https://amazon-berkeley-objects.s3.amazonaws.com/images/original/d9/d9f75a03.jpg
abo-B07QFRCVFD	3	https://amazon-berkeley-objects.s3.amazonaws.com/images/original/a5/a548a71c.jpg
abo-B07QFRCVFD	4	https://amazon-berkeley-objects.s3.amazonaws.com/images/original/f7/f7782022.jpg
abo-B07QFRD338	1	https://amazon-berkeley-objects.s3.amazonaws.com/images/original/cb/cb3e241b.jpg
abo-B07QFRD338	2	https://amazon-berkeley-objects.s3.amazonaws.com/images/original/31/31b9cc56.jpg
abo-B07QFRD338	3	https://amazon-berkeley-objects.s3.amazonaws.com/images/original/08/0856c24e.jpg
abo-B07QFRD338	4	https://amazon-berkeley-objects.s3.amazonaws.com/images/original/e6/e6d07d20.jpg
abo-B07QGW44J9	1	https://amazon-berkeley-objects.s3.amazonaws.com/images/original/d1/d1764545.jpg
abo-B07QGW44J9	2	https://amazon-berkeley-objects.s3.amazonaws.com/images/original/cd/cdc9923f.jpg
abo-B07QGW44J9	3	https://amazon-berkeley-objects.s3.amazonaws.com/images/original/eb/ebf07737.jpg
abo-B07QGW44J9	4	https://amazon-berkeley-objects.s3.amazonaws.com/images/original/26/260ee3cb.jpg
abo-B07QGW7LD6	1	https://amazon-berkeley-objects.s3.amazonaws.com/images/original/f8/f877b523.jpg
abo-B07QGW7LD6	2	https://amazon-berkeley-objects.s3.amazonaws.com/images/original/54/5408405c.jpg
abo-B07QGW7LD6	3	https://amazon-berkeley-objects.s3.amazonaws.com/images/original/45/458e200e.jpg
abo-B07QGW7LD6	4	https://amazon-berkeley-objects.s3.amazonaws.com/images/original/ff/ff7572d1.jpg
abo-B07QGW8YKM	1	https://amazon-berkeley-objects.s3.amazonaws.com/images/original/ad/ad51ae39.jpg
abo-B07QGW8YKM	2	https://amazon-berkeley-objects.s3.amazonaws.com/images/original/4a/4aec8054.jpg
abo-B07QGW8YKM	3	https://amazon-berkeley-objects.s3.amazonaws.com/images/original/14/142567af.jpg
abo-B07QGW8YKM	4	https://amazon-berkeley-objects.s3.amazonaws.com/images/original/8f/8f8d02d9.jpg
abo-B07QGW93ZV	1	https://amazon-berkeley-objects.s3.amazonaws.com/images/original/56/56b8f2f2.jpg
abo-B07QGW93ZV	2	https://amazon-berkeley-objects.s3.amazonaws.com/images/original/05/0550dbad.jpg
abo-B07QGW93ZV	3	https://amazon-berkeley-objects.s3.amazonaws.com/images/original/26/268b76c9.jpg
abo-B07QGW93ZV	4	https://amazon-berkeley-objects.s3.amazonaws.com/images/original/37/3731875f.jpg
abo-B07QGW987B	1	https://amazon-berkeley-objects.s3.amazonaws.com/images/original/bb/bba83371.jpg
abo-B07QGW987B	2	https://amazon-berkeley-objects.s3.amazonaws.com/images/original/b9/b928fcce.jpg
abo-B07QGW987B	3	https://amazon-berkeley-objects.s3.amazonaws.com/images/original/1e/1ebd5b9b.jpg
abo-B07QGW987B	4	https://amazon-berkeley-objects.s3.amazonaws.com/images/original/3e/3e23b124.jpg
abo-B07QH49P9Y	1	https://amazon-berkeley-objects.s3.amazonaws.com/images/original/4a/4a2d7b07.jpg
abo-B07QH49P9Y	2	https://amazon-berkeley-objects.s3.amazonaws.com/images/original/b7/b7d5359b.jpg
abo-B07QH49P9Y	3	https://amazon-berkeley-objects.s3.amazonaws.com/images/original/e9/e973e454.jpg
abo-B07QHNT337	1	https://amazon-berkeley-objects.s3.amazonaws.com/images/original/b4/b4b2f2a6.jpg
abo-B07QHNT337	2	https://amazon-berkeley-objects.s3.amazonaws.com/images/original/1d/1d4d1e65.jpg
abo-B07QHNT337	3	https://amazon-berkeley-objects.s3.amazonaws.com/images/original/dc/dc157628.jpg
abo-B07QHNT337	4	https://amazon-berkeley-objects.s3.amazonaws.com/images/original/6e/6e345f28.jpg
abo-B07QHNT664	1	https://amazon-berkeley-objects.s3.amazonaws.com/images/original/5c/5cae599e.jpg
abo-B07QHNT664	2	https://amazon-berkeley-objects.s3.amazonaws.com/images/original/88/88c76e7a.jpg
abo-B07QHNT664	3	https://amazon-berkeley-objects.s3.amazonaws.com/images/original/b6/b64f2c2a.jpg
abo-B07QHNT664	4	https://amazon-berkeley-objects.s3.amazonaws.com/images/original/05/054a5c26.jpg
abo-B07QJ1MR4B	1	https://amazon-berkeley-objects.s3.amazonaws.com/images/original/71/71199226.jpg
abo-B07QJ1MR4B	2	https://amazon-berkeley-objects.s3.amazonaws.com/images/original/a1/a12e7ede.jpg
abo-B07QJ1MR4B	3	https://amazon-berkeley-objects.s3.amazonaws.com/images/original/fa/fa1e22f7.jpg
abo-B07QJ1MR4B	4	https://amazon-berkeley-objects.s3.amazonaws.com/images/original/d0/d08db1f5.jpg
abo-B07QJM9D49	1	https://amazon-berkeley-objects.s3.amazonaws.com/images/original/3a/3a4762c8.jpg
abo-B07QJM9D49	2	https://amazon-berkeley-objects.s3.amazonaws.com/images/original/03/031ea8b9.jpg
abo-B07QJM9D49	3	https://amazon-berkeley-objects.s3.amazonaws.com/images/original/66/664e7f96.jpg
abo-B07QJM9D49	4	https://amazon-berkeley-objects.s3.amazonaws.com/images/original/a7/a733ff38.jpg
abo-B07QJNJCQS	1	https://amazon-berkeley-objects.s3.amazonaws.com/images/original/3a/3a4762c8.jpg
abo-B07QJNJCQS	2	https://amazon-berkeley-objects.s3.amazonaws.com/images/original/c2/c2db9cad.jpg
abo-B07QJNJCQS	3	https://amazon-berkeley-objects.s3.amazonaws.com/images/original/03/031ea8b9.jpg
abo-B07QJNJCQS	4	https://amazon-berkeley-objects.s3.amazonaws.com/images/original/93/93ae54aa.jpg
abo-B07QJP9JHH	1	https://amazon-berkeley-objects.s3.amazonaws.com/images/original/5c/5cae599e.jpg
abo-B07QJP9JHH	2	https://amazon-berkeley-objects.s3.amazonaws.com/images/original/88/88c76e7a.jpg
abo-B07QJP9JHH	3	https://amazon-berkeley-objects.s3.amazonaws.com/images/original/b6/b64f2c2a.jpg
abo-B07QJP9JHH	4	https://amazon-berkeley-objects.s3.amazonaws.com/images/original/05/054a5c26.jpg
abo-B07QK2CMPC	1	https://amazon-berkeley-objects.s3.amazonaws.com/images/original/5f/5fb77c1d.jpg
abo-B07QK2CMPC	2	https://amazon-berkeley-objects.s3.amazonaws.com/images/original/6f/6fc0e079.jpg
abo-B07QK2CMPC	3	https://amazon-berkeley-objects.s3.amazonaws.com/images/original/a3/a3030f30.jpg
abo-B07QK2CMPC	4	https://amazon-berkeley-objects.s3.amazonaws.com/images/original/b9/b96feddf.jpg
abo-B07QK2JFYZ	1	https://amazon-berkeley-objects.s3.amazonaws.com/images/original/7c/7c773dad.jpg
abo-B07QK2JFYZ	2	https://amazon-berkeley-objects.s3.amazonaws.com/images/original/43/43de7f8c.jpg
abo-B07QK2JFYZ	3	https://amazon-berkeley-objects.s3.amazonaws.com/images/original/d2/d2b97e8e.jpg
abo-B07QK2JFYZ	4	https://amazon-berkeley-objects.s3.amazonaws.com/images/original/ba/ba82959e.jpg
abo-B07QRPK1YX	1	https://amazon-berkeley-objects.s3.amazonaws.com/images/original/ac/ac5d973a.jpg
abo-B07QRPK1YX	2	https://amazon-berkeley-objects.s3.amazonaws.com/images/original/39/39a76e27.jpg
abo-B07QRPK1YX	3	https://amazon-berkeley-objects.s3.amazonaws.com/images/original/71/713b464e.jpg
abo-B07QRPK1YX	4	https://amazon-berkeley-objects.s3.amazonaws.com/images/original/56/56edab6f.jpg
abo-B07QTS7BWK	1	https://amazon-berkeley-objects.s3.amazonaws.com/images/original/40/40a4d980.jpg
abo-B07QTS7BWK	2	https://amazon-berkeley-objects.s3.amazonaws.com/images/original/71/71c3378f.jpg
abo-B07QTS7BWK	3	https://amazon-berkeley-objects.s3.amazonaws.com/images/original/60/602c223a.jpg
abo-B07QTS7BWK	4	https://amazon-berkeley-objects.s3.amazonaws.com/images/original/3a/3ae2eda2.jpg
abo-B07QTS7BWK	5	https://amazon-berkeley-objects.s3.amazonaws.com/images/original/35/35c3c287.jpg
abo-B07QTS7BWK	6	https://amazon-berkeley-objects.s3.amazonaws.com/images/original/1e/1ea7f2d9.jpg
abo-B07QTS7BWK	7	https://amazon-berkeley-objects.s3.amazonaws.com/images/original/e9/e97528e0.jpg
abo-B07QTS7BWK	8	https://amazon-berkeley-objects.s3.amazonaws.com/images/original/69/696f9317.jpg
abo-B07QVCP71V	1	https://amazon-berkeley-objects.s3.amazonaws.com/images/original/06/064f9239.jpg
abo-B07QVCP71V	2	https://amazon-berkeley-objects.s3.amazonaws.com/images/original/57/5779b652.jpg
abo-B07QYFC6B1	1	https://amazon-berkeley-objects.s3.amazonaws.com/images/original/60/6061e380.jpg
abo-B07QYFC6B1	2	https://amazon-berkeley-objects.s3.amazonaws.com/images/original/0d/0db51816.jpg
abo-B07QYFC6B1	3	https://amazon-berkeley-objects.s3.amazonaws.com/images/original/b6/b60752e5.jpg
abo-B07QZKBRW4	1	https://amazon-berkeley-objects.s3.amazonaws.com/images/original/d7/d7c39495.jpg
abo-B07QZKBRW4	2	https://amazon-berkeley-objects.s3.amazonaws.com/images/original/30/30c51267.jpg
abo-B07R1Q1LNK	1	https://amazon-berkeley-objects.s3.amazonaws.com/images/original/1d/1d82fb44.jpg
abo-B07R1Q1LNK	2	https://amazon-berkeley-objects.s3.amazonaws.com/images/original/0b/0bd40349.jpg
abo-B07R1Q1LNK	3	https://amazon-berkeley-objects.s3.amazonaws.com/images/original/b6/b60752e5.jpg
abo-B07R1QGM5K	1	https://amazon-berkeley-objects.s3.amazonaws.com/images/original/b5/b5a9a2ed.jpg
abo-B07R1QGM5K	2	https://amazon-berkeley-objects.s3.amazonaws.com/images/original/0b/0bd40349.jpg
abo-B07RNLD61F	1	https://amazon-berkeley-objects.s3.amazonaws.com/images/original/fb/fb2fc242.jpg
abo-B07RNLD61F	2	https://amazon-berkeley-objects.s3.amazonaws.com/images/original/5b/5b870aa8.jpg
abo-B07RNLD61F	3	https://amazon-berkeley-objects.s3.amazonaws.com/images/original/5a/5aeb5e09.jpg
abo-B07RNLD61F	4	https://amazon-berkeley-objects.s3.amazonaws.com/images/original/15/1502ce4a.jpg
abo-B07RNLQKKF	1	https://amazon-berkeley-objects.s3.amazonaws.com/images/original/cd/cd7a4031.jpg
abo-B07RNLQKKF	2	https://amazon-berkeley-objects.s3.amazonaws.com/images/original/d8/d8a32170.jpg
abo-B07RNLQKKF	3	https://amazon-berkeley-objects.s3.amazonaws.com/images/original/6e/6e345f28.jpg
abo-B07RNLQKKF	4	https://amazon-berkeley-objects.s3.amazonaws.com/images/original/f9/f9e4b33f.jpg
abo-B07RQWVMM6	1	https://amazon-berkeley-objects.s3.amazonaws.com/images/original/d0/d025d081.jpg
abo-B07RQWVMM6	2	https://amazon-berkeley-objects.s3.amazonaws.com/images/original/9f/9fa7864d.jpg
abo-B07RQWVMM6	3	https://amazon-berkeley-objects.s3.amazonaws.com/images/original/f6/f61a12a7.jpg
abo-B07RQWVMM6	4	https://amazon-berkeley-objects.s3.amazonaws.com/images/original/cd/cd38c7bf.jpg
abo-B07RQWVPDT	1	https://amazon-berkeley-objects.s3.amazonaws.com/images/original/a2/a25dab8e.jpg
abo-B07RQWVPDT	2	https://amazon-berkeley-objects.s3.amazonaws.com/images/original/e3/e3d4b547.jpg
abo-B07RQWVPDT	3	https://amazon-berkeley-objects.s3.amazonaws.com/images/original/e7/e7510ad6.jpg
abo-B07RQWVPDT	4	https://amazon-berkeley-objects.s3.amazonaws.com/images/original/35/35e84320.jpg
abo-B07RQWW95Y	1	https://amazon-berkeley-objects.s3.amazonaws.com/images/original/4e/4e20bef4.jpg
abo-B07RQWW95Y	2	https://amazon-berkeley-objects.s3.amazonaws.com/images/original/6f/6f9a990e.jpg
abo-B07RQWW95Y	3	https://amazon-berkeley-objects.s3.amazonaws.com/images/original/ee/ee35ccc1.jpg
abo-B07RQWW95Y	4	https://amazon-berkeley-objects.s3.amazonaws.com/images/original/f9/f9e82e00.jpg
abo-B07RV85KCV	1	https://amazon-berkeley-objects.s3.amazonaws.com/images/original/52/52a52f05.jpg
abo-B07RV85KCV	2	https://amazon-berkeley-objects.s3.amazonaws.com/images/original/75/759320ac.jpg
abo-B07RV85KCV	3	https://amazon-berkeley-objects.s3.amazonaws.com/images/original/27/27cfc5b1.jpg
abo-B07RV85KCV	4	https://amazon-berkeley-objects.s3.amazonaws.com/images/original/c0/c0e0a6e2.jpg
abo-B07RV872LF	1	https://amazon-berkeley-objects.s3.amazonaws.com/images/original/fa/fa8ddab7.jpg
abo-B07RV872LF	2	https://amazon-berkeley-objects.s3.amazonaws.com/images/original/17/17bcf507.jpg
abo-B07RV872LF	3	https://amazon-berkeley-objects.s3.amazonaws.com/images/original/67/67f9be7f.jpg
abo-B07RV872LF	4	https://amazon-berkeley-objects.s3.amazonaws.com/images/original/98/9825dcae.jpg
abo-B07RW99JF5	1	https://amazon-berkeley-objects.s3.amazonaws.com/images/original/7f/7f96b64d.jpg
abo-B07RW99JF5	2	https://amazon-berkeley-objects.s3.amazonaws.com/images/original/30/301043f6.jpg
abo-B07RW99JF5	3	https://amazon-berkeley-objects.s3.amazonaws.com/images/original/bd/bd8a41fe.jpg
abo-B07RW99JF5	4	https://amazon-berkeley-objects.s3.amazonaws.com/images/original/00/00e715fe.jpg
abo-B07RWQJWBM	1	https://amazon-berkeley-objects.s3.amazonaws.com/images/original/74/74c72fba.jpg
abo-B07RWQJWBM	2	https://amazon-berkeley-objects.s3.amazonaws.com/images/original/39/390bda44.jpg
abo-B07RWQJWBM	3	https://amazon-berkeley-objects.s3.amazonaws.com/images/original/36/3685076d.jpg
abo-B07RWQJWBM	4	https://amazon-berkeley-objects.s3.amazonaws.com/images/original/9c/9c87414b.jpg
abo-B07RXR1N74	1	https://amazon-berkeley-objects.s3.amazonaws.com/images/original/ca/ca3f609b.jpg
abo-B07RXR1N74	2	https://amazon-berkeley-objects.s3.amazonaws.com/images/original/ce/cefe3965.jpg
abo-B07RXR1N74	3	https://amazon-berkeley-objects.s3.amazonaws.com/images/original/43/432d8de4.jpg
abo-B07RXR1N74	4	https://amazon-berkeley-objects.s3.amazonaws.com/images/original/a0/a0d4d7c2.jpg
abo-B07RXR4QHJ	1	https://amazon-berkeley-objects.s3.amazonaws.com/images/original/6e/6eb70938.jpg
abo-B07RXR4QHJ	2	https://amazon-berkeley-objects.s3.amazonaws.com/images/original/86/867ec3dc.jpg
abo-B07RXR4QHJ	3	https://amazon-berkeley-objects.s3.amazonaws.com/images/original/e1/e1217baa.jpg
abo-B07RXR4QHJ	4	https://amazon-berkeley-objects.s3.amazonaws.com/images/original/fe/fe1aace9.jpg
abo-B07RXR8PLM	1	https://amazon-berkeley-objects.s3.amazonaws.com/images/original/b2/b203082e.jpg
abo-B07RXR8PLM	2	https://amazon-berkeley-objects.s3.amazonaws.com/images/original/c4/c4aee389.jpg
abo-B07RXR8PLM	3	https://amazon-berkeley-objects.s3.amazonaws.com/images/original/87/87167738.jpg
abo-B07RXR8PLM	4	https://amazon-berkeley-objects.s3.amazonaws.com/images/original/ee/ee497726.jpg
abo-B07RXR8VRF	1	https://amazon-berkeley-objects.s3.amazonaws.com/images/original/65/65f10e99.jpg
abo-B07RXR8VRF	2	https://amazon-berkeley-objects.s3.amazonaws.com/images/original/79/792d63c8.jpg
abo-B07RXR8VRF	3	https://amazon-berkeley-objects.s3.amazonaws.com/images/original/6b/6be14554.jpg
abo-B07RXR8VRF	4	https://amazon-berkeley-objects.s3.amazonaws.com/images/original/bc/bcfd8de7.jpg
abo-B07RXR8VWC	1	https://amazon-berkeley-objects.s3.amazonaws.com/images/original/b5/b5f4318b.jpg
abo-B07RXR8VWC	2	https://amazon-berkeley-objects.s3.amazonaws.com/images/original/48/48bc86bc.jpg
abo-B07RXR8VWC	3	https://amazon-berkeley-objects.s3.amazonaws.com/images/original/74/74180257.jpg
abo-B07RXR8VWC	4	https://amazon-berkeley-objects.s3.amazonaws.com/images/original/81/816b51a4.jpg
abo-B07RXR8VWM	1	https://amazon-berkeley-objects.s3.amazonaws.com/images/original/8a/8a072136.jpg
abo-B07RXR8VWM	2	https://amazon-berkeley-objects.s3.amazonaws.com/images/original/ea/eabe237b.jpg
abo-B07RXR8VWM	3	https://amazon-berkeley-objects.s3.amazonaws.com/images/original/74/745c17eb.jpg
abo-B07RXR8VWM	4	https://amazon-berkeley-objects.s3.amazonaws.com/images/original/4e/4e2964fc.jpg
abo-B07RXRJQ4Y	1	https://amazon-berkeley-objects.s3.amazonaws.com/images/original/7a/7a0670fb.jpg
abo-B07RXRJQ4Y	2	https://amazon-berkeley-objects.s3.amazonaws.com/images/original/73/73ebc106.jpg
abo-B07RXRJQ4Y	3	https://amazon-berkeley-objects.s3.amazonaws.com/images/original/16/16a19efb.jpg
abo-B07RXRJQ4Y	4	https://amazon-berkeley-objects.s3.amazonaws.com/images/original/7e/7ea45a63.jpg
abo-B07RXRJQ52	1	https://amazon-berkeley-objects.s3.amazonaws.com/images/original/4e/4e53ce2c.jpg
abo-B07RXRJQ52	2	https://amazon-berkeley-objects.s3.amazonaws.com/images/original/a5/a5e858ec.jpg
abo-B07RXRJQ52	3	https://amazon-berkeley-objects.s3.amazonaws.com/images/original/1a/1a87768d.jpg
abo-B07RXRJQ52	4	https://amazon-berkeley-objects.s3.amazonaws.com/images/original/46/4677b398.jpg
abo-B07S4CDHRD	1	https://amazon-berkeley-objects.s3.amazonaws.com/images/original/53/532de495.jpg
abo-B07S4CDHRD	2	https://amazon-berkeley-objects.s3.amazonaws.com/images/original/aa/aa4684cb.jpg
abo-B07S4CDHRD	3	https://amazon-berkeley-objects.s3.amazonaws.com/images/original/4e/4e76b319.jpg
abo-B07S4CDHRD	4	https://amazon-berkeley-objects.s3.amazonaws.com/images/original/83/839f2472.jpg
abo-B07S4CDHRD	5	https://amazon-berkeley-objects.s3.amazonaws.com/images/original/4f/4f9caaa6.jpg
abo-B07S4CDHRD	6	https://amazon-berkeley-objects.s3.amazonaws.com/images/original/a7/a78f5a3f.jpg
abo-B07S4CDHRD	7	https://amazon-berkeley-objects.s3.amazonaws.com/images/original/e6/e6500186.jpg
abo-B07S4CDHRD	8	https://amazon-berkeley-objects.s3.amazonaws.com/images/original/23/2347c9df.jpg
abo-B07S751RCQ	1	https://amazon-berkeley-objects.s3.amazonaws.com/images/original/7b/7b393624.jpg
abo-B07S751RCQ	2	https://amazon-berkeley-objects.s3.amazonaws.com/images/original/b8/b8acd609.jpg
abo-B07S751RCQ	3	https://amazon-berkeley-objects.s3.amazonaws.com/images/original/82/82a6269a.jpg
abo-B07S751RCQ	4	https://amazon-berkeley-objects.s3.amazonaws.com/images/original/90/905aeeb4.jpg
abo-B07S846HD7	1	https://amazon-berkeley-objects.s3.amazonaws.com/images/original/c3/c3281ee2.jpg
abo-B07S846HD7	2	https://amazon-berkeley-objects.s3.amazonaws.com/images/original/61/61395819.jpg
abo-B07S846HD7	3	https://amazon-berkeley-objects.s3.amazonaws.com/images/original/57/57e3b3ac.jpg
abo-B07S846HD7	4	https://amazon-berkeley-objects.s3.amazonaws.com/images/original/cc/ccbc1fd0.jpg
abo-B07S8QB6QZ	1	https://amazon-berkeley-objects.s3.amazonaws.com/images/original/c5/c5a3de39.jpg
abo-B07S8QB6QZ	2	https://amazon-berkeley-objects.s3.amazonaws.com/images/original/98/98127f8e.jpg
abo-B07S8QB6QZ	3	https://amazon-berkeley-objects.s3.amazonaws.com/images/original/7c/7c10218e.jpg
abo-B07S8QB6QZ	4	https://amazon-berkeley-objects.s3.amazonaws.com/images/original/62/623a16ff.jpg
abo-B07S96B1LJ	1	https://amazon-berkeley-objects.s3.amazonaws.com/images/original/8c/8c84f132.jpg
abo-B07S96B1LJ	2	https://amazon-berkeley-objects.s3.amazonaws.com/images/original/5e/5eb5e3b4.jpg
abo-B07S96B1LJ	3	https://amazon-berkeley-objects.s3.amazonaws.com/images/original/ba/bafae8aa.jpg
abo-B07S96B1LJ	4	https://amazon-berkeley-objects.s3.amazonaws.com/images/original/c5/c5fb9eef.jpg
abo-B07S9FD67D	1	https://amazon-berkeley-objects.s3.amazonaws.com/images/original/7a/7acf871b.jpg
abo-B07S9FD67D	2	https://amazon-berkeley-objects.s3.amazonaws.com/images/original/7c/7c4f7b45.jpg
abo-B07S9FD67D	3	https://amazon-berkeley-objects.s3.amazonaws.com/images/original/30/30abb43a.jpg
abo-B07S9FD67D	4	https://amazon-berkeley-objects.s3.amazonaws.com/images/original/03/038f254a.jpg
abo-B07SBGYS8H	1	https://amazon-berkeley-objects.s3.amazonaws.com/images/original/c4/c49571f0.jpg
abo-B07SBGYS8H	2	https://amazon-berkeley-objects.s3.amazonaws.com/images/original/c7/c747fa00.jpg
abo-B07SBGYS8H	3	https://amazon-berkeley-objects.s3.amazonaws.com/images/original/f1/f1364968.jpg
abo-B07SBGYS8H	4	https://amazon-berkeley-objects.s3.amazonaws.com/images/original/35/353eb694.jpg
abo-B07SC6GG86	1	https://amazon-berkeley-objects.s3.amazonaws.com/images/original/3f/3ff39b1f.jpg
abo-B07SC6GG86	2	https://amazon-berkeley-objects.s3.amazonaws.com/images/original/c1/c1234364.jpg
abo-B07SC6GG86	3	https://amazon-berkeley-objects.s3.amazonaws.com/images/original/87/8792497c.jpg
abo-B07SC6GG86	4	https://amazon-berkeley-objects.s3.amazonaws.com/images/original/7f/7f4aff3a.jpg
abo-B07SCD84GW	1	https://amazon-berkeley-objects.s3.amazonaws.com/images/original/80/801ec747.jpg
abo-B07SCD84GW	2	https://amazon-berkeley-objects.s3.amazonaws.com/images/original/eb/eb847318.jpg
abo-B07SCD84GW	3	https://amazon-berkeley-objects.s3.amazonaws.com/images/original/a5/a53776ee.jpg
abo-B07SCD84GW	4	https://amazon-berkeley-objects.s3.amazonaws.com/images/original/e0/e0ce4d1e.jpg
abo-B07SCDWK8P	1	https://amazon-berkeley-objects.s3.amazonaws.com/images/original/e6/e6140b39.jpg
abo-B07SCDWK8P	2	https://amazon-berkeley-objects.s3.amazonaws.com/images/original/cf/cf892091.jpg
abo-B07SCDWK8P	3	https://amazon-berkeley-objects.s3.amazonaws.com/images/original/4f/4f521f73.jpg
abo-B07SCDWK8P	4	https://amazon-berkeley-objects.s3.amazonaws.com/images/original/70/703b6f85.jpg
abo-B07SG68M1N	1	https://amazon-berkeley-objects.s3.amazonaws.com/images/original/34/34758be1.jpg
abo-B07SG68M1N	2	https://amazon-berkeley-objects.s3.amazonaws.com/images/original/63/635adca6.jpg
abo-B07SG68M1N	3	https://amazon-berkeley-objects.s3.amazonaws.com/images/original/83/83d98850.jpg
abo-B07SG68M1N	4	https://amazon-berkeley-objects.s3.amazonaws.com/images/original/9f/9fa8c113.jpg
abo-B07SHVR717	1	https://amazon-berkeley-objects.s3.amazonaws.com/images/original/04/04fcb6a1.jpg
abo-B07SHVR717	2	https://amazon-berkeley-objects.s3.amazonaws.com/images/original/79/79afe50d.jpg
abo-B07SHVR717	3	https://amazon-berkeley-objects.s3.amazonaws.com/images/original/e4/e4df9356.jpg
abo-B07SHVR717	4	https://amazon-berkeley-objects.s3.amazonaws.com/images/original/71/71aa7e7f.jpg
abo-B07SJ823RC	1	https://amazon-berkeley-objects.s3.amazonaws.com/images/original/bb/bb784831.jpg
abo-B07SJ823RC	2	https://amazon-berkeley-objects.s3.amazonaws.com/images/original/ae/ae9909cd.jpg
abo-B07SJ823RC	3	https://amazon-berkeley-objects.s3.amazonaws.com/images/original/3f/3f4298a2.jpg
abo-B07SJ823RC	4	https://amazon-berkeley-objects.s3.amazonaws.com/images/original/b5/b5be1ea8.jpg
abo-B07SNKGMVP	1	https://amazon-berkeley-objects.s3.amazonaws.com/images/original/7b/7b1b9d01.jpg
abo-B07SNKGMVP	2	https://amazon-berkeley-objects.s3.amazonaws.com/images/original/d3/d3ea50c8.jpg
abo-B07SNKGMVP	3	https://amazon-berkeley-objects.s3.amazonaws.com/images/original/05/052aabbb.jpg
abo-B07SNKGMVP	4	https://amazon-berkeley-objects.s3.amazonaws.com/images/original/81/81c94a01.jpg
abo-B07SQ8SZZ9	1	https://amazon-berkeley-objects.s3.amazonaws.com/images/original/cc/cc521904.jpg
abo-B07SQ8SZZ9	2	https://amazon-berkeley-objects.s3.amazonaws.com/images/original/75/7557f36f.jpg
abo-B07SQ8SZZ9	3	https://amazon-berkeley-objects.s3.amazonaws.com/images/original/f4/f45ab978.jpg
abo-B07SQ8SZZ9	4	https://amazon-berkeley-objects.s3.amazonaws.com/images/original/b7/b7414202.jpg
abo-B07SQ8T12H	1	https://amazon-berkeley-objects.s3.amazonaws.com/images/original/65/65e5bba1.jpg
abo-B07SQ8T12H	2	https://amazon-berkeley-objects.s3.amazonaws.com/images/original/db/dbe3e876.jpg
abo-B07SQ8T12H	3	https://amazon-berkeley-objects.s3.amazonaws.com/images/original/4f/4fedc9a7.jpg
abo-B07SQ8T12H	4	https://amazon-berkeley-objects.s3.amazonaws.com/images/original/2f/2fd668ec.jpg
abo-B07SQ8TD9V	1	https://amazon-berkeley-objects.s3.amazonaws.com/images/original/25/25873816.jpg
abo-B07SQ8TD9V	2	https://amazon-berkeley-objects.s3.amazonaws.com/images/original/be/be79fe65.jpg
abo-B07SQ8TD9V	3	https://amazon-berkeley-objects.s3.amazonaws.com/images/original/66/66c11287.jpg
abo-B07SQ8TD9V	4	https://amazon-berkeley-objects.s3.amazonaws.com/images/original/41/41b79951.jpg
abo-B07SQ8TD9V	5	https://amazon-berkeley-objects.s3.amazonaws.com/images/original/b4/b45bf37c.jpg
abo-B07SQ8TD9V	6	https://amazon-berkeley-objects.s3.amazonaws.com/images/original/d5/d58bfe92.jpg
abo-B07SQ8TD9V	7	https://amazon-berkeley-objects.s3.amazonaws.com/images/original/77/7708efcc.jpg
abo-B07SQ8TD9V	8	https://amazon-berkeley-objects.s3.amazonaws.com/images/original/ab/ab41f113.jpg
abo-B07SQ8VGG8	1	https://amazon-berkeley-objects.s3.amazonaws.com/images/original/08/085d7750.jpg
abo-B07SQ8VGG8	2	https://amazon-berkeley-objects.s3.amazonaws.com/images/original/66/66c11287.jpg
abo-B07SQ8VGG8	3	https://amazon-berkeley-objects.s3.amazonaws.com/images/original/b4/b45bf37c.jpg
abo-B07SQ8VGG8	4	https://amazon-berkeley-objects.s3.amazonaws.com/images/original/d5/d58bfe92.jpg
abo-B07SQ8VGG8	5	https://amazon-berkeley-objects.s3.amazonaws.com/images/original/fd/fdeebdd3.jpg
abo-B07SQ8VGG8	6	https://amazon-berkeley-objects.s3.amazonaws.com/images/original/37/370891f1.jpg
abo-B07SQ8VGG8	7	https://amazon-berkeley-objects.s3.amazonaws.com/images/original/c7/c7c5dd46.jpg
abo-B07SQ8VGG8	8	https://amazon-berkeley-objects.s3.amazonaws.com/images/original/ab/ab41f113.jpg
abo-B07SRBSWXH	1	https://amazon-berkeley-objects.s3.amazonaws.com/images/original/7b/7b21c021.jpg
abo-B07SRBSWXH	2	https://amazon-berkeley-objects.s3.amazonaws.com/images/original/85/856fedf3.jpg
abo-B07SRBSWXH	3	https://amazon-berkeley-objects.s3.amazonaws.com/images/original/66/66c11287.jpg
abo-B07SRBSWXH	4	https://amazon-berkeley-objects.s3.amazonaws.com/images/original/c3/c30dafc0.jpg
abo-B07SRBSWXH	5	https://amazon-berkeley-objects.s3.amazonaws.com/images/original/fc/fc31e258.jpg
abo-B07SRBSWXH	6	https://amazon-berkeley-objects.s3.amazonaws.com/images/original/b4/b45bf37c.jpg
abo-B07SRBSWXH	7	https://amazon-berkeley-objects.s3.amazonaws.com/images/original/d5/d58bfe92.jpg
abo-B07SRBSWXH	8	https://amazon-berkeley-objects.s3.amazonaws.com/images/original/ab/ab41f113.jpg
abo-B07SRBSWZ4	1	https://amazon-berkeley-objects.s3.amazonaws.com/images/original/75/7553acdd.jpg
abo-B07SRBSWZ4	2	https://amazon-berkeley-objects.s3.amazonaws.com/images/original/d0/d039247c.jpg
abo-B07SRBSWZ4	3	https://amazon-berkeley-objects.s3.amazonaws.com/images/original/d2/d2f552aa.jpg
abo-B07SRBSWZ4	4	https://amazon-berkeley-objects.s3.amazonaws.com/images/original/5b/5b870aa8.jpg
abo-B07SRBSWZB	1	https://amazon-berkeley-objects.s3.amazonaws.com/images/original/58/5856eb9b.jpg
abo-B07SRBSWZB	2	https://amazon-berkeley-objects.s3.amazonaws.com/images/original/cd/cdf9bb00.jpg
abo-B07SRBSWZB	3	https://amazon-berkeley-objects.s3.amazonaws.com/images/original/db/dbc7c5c3.jpg
abo-B07SRBSWZB	4	https://amazon-berkeley-objects.s3.amazonaws.com/images/original/6e/6e345f28.jpg
abo-B07SRBSX5T	1	https://amazon-berkeley-objects.s3.amazonaws.com/images/original/81/81e52105.jpg
abo-B07SRBSX5T	2	https://amazon-berkeley-objects.s3.amazonaws.com/images/original/b7/b75aa913.jpg
abo-B07SRBSX5T	3	https://amazon-berkeley-objects.s3.amazonaws.com/images/original/1f/1f4742f8.jpg
abo-B07SRBXDFT	1	https://amazon-berkeley-objects.s3.amazonaws.com/images/original/0d/0d399676.jpg
abo-B07SRBXDFT	2	https://amazon-berkeley-objects.s3.amazonaws.com/images/original/5d/5d1576ba.jpg
abo-B07SRBXDFT	3	https://amazon-berkeley-objects.s3.amazonaws.com/images/original/be/be79fe65.jpg
abo-B07SRBXDFT	4	https://amazon-berkeley-objects.s3.amazonaws.com/images/original/66/66c11287.jpg
abo-B07SRBXDFT	5	https://amazon-berkeley-objects.s3.amazonaws.com/images/original/b4/b45bf37c.jpg
abo-B07SRBXDFT	6	https://amazon-berkeley-objects.s3.amazonaws.com/images/original/d5/d58bfe92.jpg
abo-B07SRBXDFT	7	https://amazon-berkeley-objects.s3.amazonaws.com/images/original/0c/0c512132.jpg
abo-B07SRBXDFT	8	https://amazon-berkeley-objects.s3.amazonaws.com/images/original/ab/ab41f113.jpg
abo-B07SRBXDH8	1	https://amazon-berkeley-objects.s3.amazonaws.com/images/original/0f/0fb882cc.jpg
abo-B07SRBXDH8	2	https://amazon-berkeley-objects.s3.amazonaws.com/images/original/09/09e1acc8.jpg
abo-B07SRBXDH8	3	https://amazon-berkeley-objects.s3.amazonaws.com/images/original/d1/d186437d.jpg
abo-B07SRXJF1W	1	https://amazon-berkeley-objects.s3.amazonaws.com/images/original/60/60f4bd3a.jpg
abo-B07SRXJF1W	2	https://amazon-berkeley-objects.s3.amazonaws.com/images/original/c9/c9348692.jpg
abo-B07SRXJF1W	3	https://amazon-berkeley-objects.s3.amazonaws.com/images/original/61/61f2ff2d.jpg
abo-B07SRXJF1W	4	https://amazon-berkeley-objects.s3.amazonaws.com/images/original/79/796fadfa.jpg
abo-B07SSBM16V	1	https://amazon-berkeley-objects.s3.amazonaws.com/images/original/08/085d7750.jpg
abo-B07SSBM16V	2	https://amazon-berkeley-objects.s3.amazonaws.com/images/original/66/66c11287.jpg
abo-B07SSBM16V	3	https://amazon-berkeley-objects.s3.amazonaws.com/images/original/0c/0cc09f60.jpg
abo-B07SSBM16V	4	https://amazon-berkeley-objects.s3.amazonaws.com/images/original/b4/b45bf37c.jpg
abo-B07SSBM16V	5	https://amazon-berkeley-objects.s3.amazonaws.com/images/original/d5/d58bfe92.jpg
abo-B07SSBM16V	6	https://amazon-berkeley-objects.s3.amazonaws.com/images/original/c7/c7c5dd46.jpg
abo-B07SSBM16V	7	https://amazon-berkeley-objects.s3.amazonaws.com/images/original/ab/ab41f113.jpg
abo-B07SSBM16V	8	https://amazon-berkeley-objects.s3.amazonaws.com/images/original/bc/bcdc4b61.jpg
abo-B07SSBMB59	1	https://amazon-berkeley-objects.s3.amazonaws.com/images/original/d2/d26ed74a.jpg
abo-B07SSBMB59	2	https://amazon-berkeley-objects.s3.amazonaws.com/images/original/66/66c11287.jpg
abo-B07SSBMB59	3	https://amazon-berkeley-objects.s3.amazonaws.com/images/original/d7/d7ad96cf.jpg
abo-B07SSBMB59	4	https://amazon-berkeley-objects.s3.amazonaws.com/images/original/e0/e0077faf.jpg
abo-B07SSBMB59	5	https://amazon-berkeley-objects.s3.amazonaws.com/images/original/3d/3de1d8a5.jpg
abo-B07SSBMB59	6	https://amazon-berkeley-objects.s3.amazonaws.com/images/original/b4/b45bf37c.jpg
abo-B07SSBMB59	7	https://amazon-berkeley-objects.s3.amazonaws.com/images/original/d5/d58bfe92.jpg
abo-B07SSBMB59	8	https://amazon-berkeley-objects.s3.amazonaws.com/images/original/ab/ab41f113.jpg
abo-B07SSBMJV9	1	https://amazon-berkeley-objects.s3.amazonaws.com/images/original/b7/b7f52139.jpg
abo-B07SSBMJV9	2	https://amazon-berkeley-objects.s3.amazonaws.com/images/original/58/5802db5a.jpg
abo-B07SSBMJV9	3	https://amazon-berkeley-objects.s3.amazonaws.com/images/original/5a/5ac647d4.jpg
abo-B07ST26CPL	1	https://amazon-berkeley-objects.s3.amazonaws.com/images/original/dc/dc2e39c3.jpg
abo-B07ST26CPL	2	https://amazon-berkeley-objects.s3.amazonaws.com/images/original/aa/aa29c968.jpg
abo-B07ST26CPL	3	https://amazon-berkeley-objects.s3.amazonaws.com/images/original/e5/e5d779df.jpg
abo-B07ST26CPL	4	https://amazon-berkeley-objects.s3.amazonaws.com/images/original/7b/7bae9127.jpg
abo-B07STDW2VT	1	https://amazon-berkeley-objects.s3.amazonaws.com/images/original/70/70c689aa.jpg
abo-B07STDW2VT	2	https://amazon-berkeley-objects.s3.amazonaws.com/images/original/7c/7cf61740.jpg
abo-B07STDW2VT	3	https://amazon-berkeley-objects.s3.amazonaws.com/images/original/fc/fc651067.jpg
abo-B07STDW2VT	4	https://amazon-berkeley-objects.s3.amazonaws.com/images/original/5b/5b870aa8.jpg
abo-B07STDW378	1	https://amazon-berkeley-objects.s3.amazonaws.com/images/original/20/20b72eb0.jpg
abo-B07STDW378	2	https://amazon-berkeley-objects.s3.amazonaws.com/images/original/a3/a3173571.jpg
abo-B07STDW378	3	https://amazon-berkeley-objects.s3.amazonaws.com/images/original/f8/f88e58f3.jpg
abo-B07STDW7TD	1	https://amazon-berkeley-objects.s3.amazonaws.com/images/original/d3/d3022ee0.jpg
abo-B07STDW7TD	2	https://amazon-berkeley-objects.s3.amazonaws.com/images/original/67/674645ac.jpg
abo-B07STDW7TD	3	https://amazon-berkeley-objects.s3.amazonaws.com/images/original/cb/cbf62a27.jpg
abo-B07STDW7TD	4	https://amazon-berkeley-objects.s3.amazonaws.com/images/original/98/988e534b.jpg
abo-B07STDW7TD	5	https://amazon-berkeley-objects.s3.amazonaws.com/images/original/d1/d19d4e5c.jpg
abo-B07STDW7TD	6	https://amazon-berkeley-objects.s3.amazonaws.com/images/original/5b/5b870aa8.jpg
abo-B07STDW7TD	7	https://amazon-berkeley-objects.s3.amazonaws.com/images/original/5a/5aeb5e09.jpg
abo-B07STDW7TD	8	https://amazon-berkeley-objects.s3.amazonaws.com/images/original/15/1502ce4a.jpg
abo-B07STDWMXT	1	https://amazon-berkeley-objects.s3.amazonaws.com/images/original/6c/6c474543.jpg
abo-B07STDWMXT	2	https://amazon-berkeley-objects.s3.amazonaws.com/images/original/46/462fb17a.jpg
abo-B07STDWMXT	3	https://amazon-berkeley-objects.s3.amazonaws.com/images/original/38/3873ae7b.jpg
abo-B07STDWMXT	4	https://amazon-berkeley-objects.s3.amazonaws.com/images/original/5b/5b870aa8.jpg
abo-B07SV4499T	1	https://amazon-berkeley-objects.s3.amazonaws.com/images/original/5e/5e6c4fd9.jpg
abo-B07SV4499T	2	https://amazon-berkeley-objects.s3.amazonaws.com/images/original/59/59949ca2.jpg
abo-B07SV4499T	3	https://amazon-berkeley-objects.s3.amazonaws.com/images/original/aa/aa679734.jpg
abo-B07SV4499T	4	https://amazon-berkeley-objects.s3.amazonaws.com/images/original/ca/ca932200.jpg
abo-B07SV45HTF	1	https://amazon-berkeley-objects.s3.amazonaws.com/images/original/24/24d52cc2.jpg
abo-B07SV45HTF	2	https://amazon-berkeley-objects.s3.amazonaws.com/images/original/7b/7bae9127.jpg
abo-B07SV45HTF	3	https://amazon-berkeley-objects.s3.amazonaws.com/images/original/24/2429de87.jpg
abo-B07SV45HTF	4	https://amazon-berkeley-objects.s3.amazonaws.com/images/original/c7/c7b89ea2.jpg
abo-B07SVHP1WT	1	https://amazon-berkeley-objects.s3.amazonaws.com/images/original/a0/a06ba367.jpg
abo-B07SVHP1WT	2	https://amazon-berkeley-objects.s3.amazonaws.com/images/original/a1/a1d4829b.jpg
abo-B07SVHP1WT	3	https://amazon-berkeley-objects.s3.amazonaws.com/images/original/49/494e8e4e.jpg
abo-B07SVHP1WT	4	https://amazon-berkeley-objects.s3.amazonaws.com/images/original/6e/6e345f28.jpg
abo-B07SVHP1WT	5	https://amazon-berkeley-objects.s3.amazonaws.com/images/original/67/67da5339.jpg
abo-B07SVHP1WT	6	https://amazon-berkeley-objects.s3.amazonaws.com/images/original/32/32f475e7.jpg
abo-B07SVHP1WT	7	https://amazon-berkeley-objects.s3.amazonaws.com/images/original/61/61cb7cd4.jpg
abo-B07SVHP1WT	8	https://amazon-berkeley-objects.s3.amazonaws.com/images/original/7c/7c1dad96.jpg
abo-B07SVHP3PV	1	https://amazon-berkeley-objects.s3.amazonaws.com/images/original/d2/d2512101.jpg
abo-B07SVHP3PV	2	https://amazon-berkeley-objects.s3.amazonaws.com/images/original/1a/1af9de0d.jpg
abo-B07SVHP3PV	3	https://amazon-berkeley-objects.s3.amazonaws.com/images/original/cd/cd28fe18.jpg
abo-B07SVHP3PV	4	https://amazon-berkeley-objects.s3.amazonaws.com/images/original/5b/5b870aa8.jpg
abo-B07SWK6XFW	1	https://amazon-berkeley-objects.s3.amazonaws.com/images/original/d1/d153f175.jpg
abo-B07SWK6XFW	2	https://amazon-berkeley-objects.s3.amazonaws.com/images/original/66/66c11287.jpg
abo-B07SWK6XFW	3	https://amazon-berkeley-objects.s3.amazonaws.com/images/original/c3/c30dafc0.jpg
abo-B07SWK6XFW	4	https://amazon-berkeley-objects.s3.amazonaws.com/images/original/b4/b45bf37c.jpg
abo-B07SWK6XFW	5	https://amazon-berkeley-objects.s3.amazonaws.com/images/original/d5/d58bfe92.jpg
abo-B07SWK6XFW	6	https://amazon-berkeley-objects.s3.amazonaws.com/images/original/87/8721d0f2.jpg
abo-B07SWK6XFW	7	https://amazon-berkeley-objects.s3.amazonaws.com/images/original/ab/ab41f113.jpg
abo-B07SWK6XFW	8	https://amazon-berkeley-objects.s3.amazonaws.com/images/original/bc/bcdc4b61.jpg
abo-B07SWMV9SS	1	https://amazon-berkeley-objects.s3.amazonaws.com/images/original/98/98a6fe84.jpg
abo-B07SWMV9SS	2	https://amazon-berkeley-objects.s3.amazonaws.com/images/original/6a/6a335d1b.jpg
abo-B07SWMV9SS	3	https://amazon-berkeley-objects.s3.amazonaws.com/images/original/57/57640022.jpg
abo-B07SWMV9SS	4	https://amazon-berkeley-objects.s3.amazonaws.com/images/original/6e/6e345f28.jpg
abo-B07SWMVMHR	1	https://amazon-berkeley-objects.s3.amazonaws.com/images/original/20/20304ae9.jpg
abo-B07SWMVMHR	2	https://amazon-berkeley-objects.s3.amazonaws.com/images/original/88/88fae579.jpg
abo-B07SWMVMHR	3	https://amazon-berkeley-objects.s3.amazonaws.com/images/original/5b/5b870aa8.jpg
abo-B07SWMVMHR	4	https://amazon-berkeley-objects.s3.amazonaws.com/images/original/5a/5aeb5e09.jpg
abo-B07SWMVW5J	1	https://amazon-berkeley-objects.s3.amazonaws.com/images/original/d9/d9027aa8.jpg
abo-B07SWMVW5J	2	https://amazon-berkeley-objects.s3.amazonaws.com/images/original/ce/cee957a2.jpg
abo-B07SWMVW5J	3	https://amazon-berkeley-objects.s3.amazonaws.com/images/original/b8/b8d34a05.jpg
abo-B07SWMVW7F	1	https://amazon-berkeley-objects.s3.amazonaws.com/images/original/f4/f41bc0e4.jpg
abo-B07SWMVW7F	2	https://amazon-berkeley-objects.s3.amazonaws.com/images/original/66/66c11287.jpg
abo-B07SWMVW7F	3	https://amazon-berkeley-objects.s3.amazonaws.com/images/original/db/db54f4ce.jpg
abo-B07SWMVW7F	4	https://amazon-berkeley-objects.s3.amazonaws.com/images/original/8c/8c67bdf6.jpg
abo-B07SWMVW7F	5	https://amazon-berkeley-objects.s3.amazonaws.com/images/original/b4/b45bf37c.jpg
abo-B07SWMVW7F	6	https://amazon-berkeley-objects.s3.amazonaws.com/images/original/d5/d58bfe92.jpg
abo-B07SWMVW7F	7	https://amazon-berkeley-objects.s3.amazonaws.com/images/original/71/71b2801a.jpg
abo-B07SWMVW7F	8	https://amazon-berkeley-objects.s3.amazonaws.com/images/original/ab/ab41f113.jpg
abo-B07SWMVW9Z	1	https://amazon-berkeley-objects.s3.amazonaws.com/images/original/e0/e0a28d17.jpg
abo-B07SWMVW9Z	2	https://amazon-berkeley-objects.s3.amazonaws.com/images/original/fa/fa1433af.jpg
abo-B07SWMVW9Z	3	https://amazon-berkeley-objects.s3.amazonaws.com/images/original/42/428b23c9.jpg
abo-B07SWMVW9Z	4	https://amazon-berkeley-objects.s3.amazonaws.com/images/original/15/15c104d6.jpg
abo-B07SWMWMD1	1	https://amazon-berkeley-objects.s3.amazonaws.com/images/original/c7/c77d0c2a.jpg
abo-B07SWMWMD1	2	https://amazon-berkeley-objects.s3.amazonaws.com/images/original/be/be79fe65.jpg
abo-B07SWMWMD1	3	https://amazon-berkeley-objects.s3.amazonaws.com/images/original/66/66c11287.jpg
abo-B07SWMWMD1	4	https://amazon-berkeley-objects.s3.amazonaws.com/images/original/0d/0d1566e3.jpg
abo-B07SWMWMD1	5	https://amazon-berkeley-objects.s3.amazonaws.com/images/original/b4/b45bf37c.jpg
abo-B07SWMWMD1	6	https://amazon-berkeley-objects.s3.amazonaws.com/images/original/d5/d58bfe92.jpg
abo-B07SWMWMD1	7	https://amazon-berkeley-objects.s3.amazonaws.com/images/original/ab/ab41f113.jpg
abo-B07SWMWMD1	8	https://amazon-berkeley-objects.s3.amazonaws.com/images/original/5b/5b870aa8.jpg
abo-B07SWMWQP6	1	https://amazon-berkeley-objects.s3.amazonaws.com/images/original/4e/4e96295d.jpg
abo-B07SWMWQP6	2	https://amazon-berkeley-objects.s3.amazonaws.com/images/original/d5/d5a96aef.jpg
abo-B07SWMWQP6	3	https://amazon-berkeley-objects.s3.amazonaws.com/images/original/41/41d67fff.jpg
abo-B07SWMXXSM	1	https://amazon-berkeley-objects.s3.amazonaws.com/images/original/da/da843af3.jpg
abo-B07SWMXXSM	2	https://amazon-berkeley-objects.s3.amazonaws.com/images/original/66/66c11287.jpg
abo-B07SWMXXSM	3	https://amazon-berkeley-objects.s3.amazonaws.com/images/original/48/4843e333.jpg
abo-B07SWMXXSM	4	https://amazon-berkeley-objects.s3.amazonaws.com/images/original/1c/1cf2ef01.jpg
abo-B07SWMXXSM	5	https://amazon-berkeley-objects.s3.amazonaws.com/images/original/b4/b45bf37c.jpg
abo-B07SWMXXSM	6	https://amazon-berkeley-objects.s3.amazonaws.com/images/original/d5/d58bfe92.jpg
abo-B07SWMXXSM	7	https://amazon-berkeley-objects.s3.amazonaws.com/images/original/2d/2dccc814.jpg
abo-B07SWMXXSM	8	https://amazon-berkeley-objects.s3.amazonaws.com/images/original/08/0819fd9f.jpg
abo-B07SXC6YGJ	1	https://amazon-berkeley-objects.s3.amazonaws.com/images/original/f7/f79752b0.jpg
abo-B07SXC6YGJ	2	https://amazon-berkeley-objects.s3.amazonaws.com/images/original/49/498ec648.jpg
abo-B07SXC6YGJ	3	https://amazon-berkeley-objects.s3.amazonaws.com/images/original/1c/1c6257b9.jpg
abo-B07SXC6YGJ	4	https://amazon-berkeley-objects.s3.amazonaws.com/images/original/8b/8b96bae4.jpg
abo-B07SXC6YKY	1	https://amazon-berkeley-objects.s3.amazonaws.com/images/original/fa/fa42d76c.jpg
abo-B07SXC6YKY	2	https://amazon-berkeley-objects.s3.amazonaws.com/images/original/7b/7bae9127.jpg
abo-B07SXC6YKY	3	https://amazon-berkeley-objects.s3.amazonaws.com/images/original/1a/1af9ae87.jpg
abo-B07SXC6YKY	4	https://amazon-berkeley-objects.s3.amazonaws.com/images/original/84/8462008d.jpg
abo-B07SXC765S	1	https://amazon-berkeley-objects.s3.amazonaws.com/images/original/33/331403e9.jpg
abo-B07SXC765S	2	https://amazon-berkeley-objects.s3.amazonaws.com/images/original/3f/3f1ba320.jpg
abo-B07SXC765S	3	https://amazon-berkeley-objects.s3.amazonaws.com/images/original/bd/bd61eed7.jpg
abo-B07SXC765S	4	https://amazon-berkeley-objects.s3.amazonaws.com/images/original/86/8613942b.jpg
abo-B07SXC7673	1	https://amazon-berkeley-objects.s3.amazonaws.com/images/original/bb/bb57da80.jpg
abo-B07SXC7673	2	https://amazon-berkeley-objects.s3.amazonaws.com/images/original/15/15965b98.jpg
abo-B07SXC7673	3	https://amazon-berkeley-objects.s3.amazonaws.com/images/original/72/72675f44.jpg
abo-B07SXC7673	4	https://amazon-berkeley-objects.s3.amazonaws.com/images/original/6f/6f62e1ed.jpg
abo-B07SXLRBRJ	1	https://amazon-berkeley-objects.s3.amazonaws.com/images/original/eb/eb46f98e.jpg
abo-B07SXLRBRJ	2	https://amazon-berkeley-objects.s3.amazonaws.com/images/original/45/45d04d6b.jpg
abo-B07SXLRBRJ	3	https://amazon-berkeley-objects.s3.amazonaws.com/images/original/87/87d62916.jpg
abo-B07SXLRBRJ	4	https://amazon-berkeley-objects.s3.amazonaws.com/images/original/5b/5b870aa8.jpg
abo-B07SXLRBWP	1	https://amazon-berkeley-objects.s3.amazonaws.com/images/original/73/73b3e31d.jpg
abo-B07SXLRBWP	2	https://amazon-berkeley-objects.s3.amazonaws.com/images/original/f8/f8f3469d.jpg
abo-B07SXLRBWP	3	https://amazon-berkeley-objects.s3.amazonaws.com/images/original/66/66dd9312.jpg
abo-B07SXLRBWP	4	https://amazon-berkeley-objects.s3.amazonaws.com/images/original/5b/5b870aa8.jpg
abo-B07SXLVRW2	1	https://amazon-berkeley-objects.s3.amazonaws.com/images/original/9d/9d8fea5f.jpg
abo-B07SXLVRW2	2	https://amazon-berkeley-objects.s3.amazonaws.com/images/original/be/be79fe65.jpg
abo-B07SXLVRW2	3	https://amazon-berkeley-objects.s3.amazonaws.com/images/original/66/66c11287.jpg
abo-B07SXLVRW2	4	https://amazon-berkeley-objects.s3.amazonaws.com/images/original/56/5609f6c6.jpg
abo-B07SXLVRW2	5	https://amazon-berkeley-objects.s3.amazonaws.com/images/original/f4/f43f4c8a.jpg
abo-B07SXLVRW2	6	https://amazon-berkeley-objects.s3.amazonaws.com/images/original/b4/b45bf37c.jpg
abo-B07SXLVRW2	7	https://amazon-berkeley-objects.s3.amazonaws.com/images/original/d5/d58bfe92.jpg
abo-B07SXLVRW2	8	https://amazon-berkeley-objects.s3.amazonaws.com/images/original/97/9737fef0.jpg
abo-B07SXMTCPZ	1	https://amazon-berkeley-objects.s3.amazonaws.com/images/original/bf/bfb6c2db.jpg
abo-B07SXMTCPZ	2	https://amazon-berkeley-objects.s3.amazonaws.com/images/original/1a/1aad44c6.jpg
abo-B07SXMTCPZ	3	https://amazon-berkeley-objects.s3.amazonaws.com/images/original/6b/6ba5819f.jpg
abo-B07SXMTCPZ	4	https://amazon-berkeley-objects.s3.amazonaws.com/images/original/6f/6fc93ce6.jpg
abo-B07SYCY2SW	1	https://amazon-berkeley-objects.s3.amazonaws.com/images/original/c6/c6c388cb.jpg
abo-B07SYCY2SW	2	https://amazon-berkeley-objects.s3.amazonaws.com/images/original/03/0306131c.jpg
abo-B07SYCY2SW	3	https://amazon-berkeley-objects.s3.amazonaws.com/images/original/55/55caa24d.jpg
abo-B07SYCY2SW	4	https://amazon-berkeley-objects.s3.amazonaws.com/images/original/81/8166fdfc.jpg
abo-B07SYSTN64	1	https://amazon-berkeley-objects.s3.amazonaws.com/images/original/d9/d988b276.jpg
abo-B07SYSTN64	2	https://amazon-berkeley-objects.s3.amazonaws.com/images/original/69/690edb3e.jpg
abo-B07SYSTN64	3	https://amazon-berkeley-objects.s3.amazonaws.com/images/original/85/851c751d.jpg
abo-B07SYSTN64	4	https://amazon-berkeley-objects.s3.amazonaws.com/images/original/a7/a7a2556f.jpg
abo-B07SYTQ6H3	1	https://amazon-berkeley-objects.s3.amazonaws.com/images/original/ea/ea6eeba5.jpg
abo-B07SYTQ6H3	2	https://amazon-berkeley-objects.s3.amazonaws.com/images/original/ff/ff15adda.jpg
abo-B07SYTQ6H3	3	https://amazon-berkeley-objects.s3.amazonaws.com/images/original/7b/7bae9127.jpg
abo-B07SYTQ6H3	4	https://amazon-berkeley-objects.s3.amazonaws.com/images/original/ef/efaaa5bb.jpg
abo-B07SZHH5KF	1	https://amazon-berkeley-objects.s3.amazonaws.com/images/original/cd/cd327c05.jpg
abo-B07SZHH5KF	2	https://amazon-berkeley-objects.s3.amazonaws.com/images/original/e3/e3617ec7.jpg
abo-B07SZHH5KF	3	https://amazon-berkeley-objects.s3.amazonaws.com/images/original/c4/c4f91e39.jpg
abo-B07SZHH5KF	4	https://amazon-berkeley-objects.s3.amazonaws.com/images/original/35/3512da43.jpg
abo-B07T1BK919	1	https://amazon-berkeley-objects.s3.amazonaws.com/images/original/63/636ef65b.jpg
abo-B07T1BK919	2	https://amazon-berkeley-objects.s3.amazonaws.com/images/original/ec/ec7e69bd.jpg
abo-B07T1BK919	3	https://amazon-berkeley-objects.s3.amazonaws.com/images/original/39/390b9017.jpg
abo-B07T1BK919	4	https://amazon-berkeley-objects.s3.amazonaws.com/images/original/db/dbf417f9.jpg
abo-B07T2C3QNZ	1	https://amazon-berkeley-objects.s3.amazonaws.com/images/original/02/02efa91f.jpg
abo-B07T2C3QNZ	2	https://amazon-berkeley-objects.s3.amazonaws.com/images/original/80/803a9ed3.jpg
abo-B07T2C3QNZ	3	https://amazon-berkeley-objects.s3.amazonaws.com/images/original/1d/1ddc8327.jpg
abo-B07T2C3QNZ	4	https://amazon-berkeley-objects.s3.amazonaws.com/images/original/3a/3a134c4e.jpg
abo-B07T4J9Z8F	1	https://amazon-berkeley-objects.s3.amazonaws.com/images/original/60/6046c5b4.jpg
abo-B07T4J9Z8F	2	https://amazon-berkeley-objects.s3.amazonaws.com/images/original/48/48537d29.jpg
abo-B07T4J9Z8F	3	https://amazon-berkeley-objects.s3.amazonaws.com/images/original/3d/3d824896.jpg
abo-B07T4J9Z8F	4	https://amazon-berkeley-objects.s3.amazonaws.com/images/original/64/646db2b5.jpg
abo-B07T5ML231	1	https://amazon-berkeley-objects.s3.amazonaws.com/images/original/e1/e145f530.jpg
abo-B07T5ML231	2	https://amazon-berkeley-objects.s3.amazonaws.com/images/original/7e/7ed3f070.jpg
abo-B07T5ML231	3	https://amazon-berkeley-objects.s3.amazonaws.com/images/original/ec/ecc417dd.jpg
abo-B07T5ML231	4	https://amazon-berkeley-objects.s3.amazonaws.com/images/original/5f/5ffe6a1a.jpg
abo-B07T7MFPH4	1	https://amazon-berkeley-objects.s3.amazonaws.com/images/original/f2/f2a14437.jpg
abo-B07T7MFPH4	2	https://amazon-berkeley-objects.s3.amazonaws.com/images/original/40/4096775f.jpg
abo-B07T7MFPH4	3	https://amazon-berkeley-objects.s3.amazonaws.com/images/original/06/0621c618.jpg
abo-B07T7MFPH4	4	https://amazon-berkeley-objects.s3.amazonaws.com/images/original/d0/d0eeccf8.jpg
abo-B07T8JLCY6	1	https://amazon-berkeley-objects.s3.amazonaws.com/images/original/a3/a3cfdac8.jpg
abo-B07T8JLCY6	2	https://amazon-berkeley-objects.s3.amazonaws.com/images/original/cd/cdaf9380.jpg
abo-B07T8JLCY6	3	https://amazon-berkeley-objects.s3.amazonaws.com/images/original/2b/2badbccb.jpg
abo-B07T8JLCY6	4	https://amazon-berkeley-objects.s3.amazonaws.com/images/original/ac/ac2b562e.jpg
abo-B07T8JLLYM	1	https://amazon-berkeley-objects.s3.amazonaws.com/images/original/a1/a1692e99.jpg
abo-B07T8JLLYM	2	https://amazon-berkeley-objects.s3.amazonaws.com/images/original/a2/a2281e0a.jpg
abo-B07T8JLLYM	3	https://amazon-berkeley-objects.s3.amazonaws.com/images/original/df/dfad9325.jpg
abo-B07T8JLLYM	4	https://amazon-berkeley-objects.s3.amazonaws.com/images/original/ad/ad8e54d4.jpg
abo-B07T962L4S	1	https://amazon-berkeley-objects.s3.amazonaws.com/images/original/1b/1b6be016.jpg
abo-B07T962L4S	2	https://amazon-berkeley-objects.s3.amazonaws.com/images/original/fe/fef5dc57.jpg
abo-B07T962L4S	3	https://amazon-berkeley-objects.s3.amazonaws.com/images/original/cb/cb1ffb1c.jpg
abo-B07T962L4S	4	https://amazon-berkeley-objects.s3.amazonaws.com/images/original/8b/8bd2f68d.jpg
abo-B07T962QCQ	1	https://amazon-berkeley-objects.s3.amazonaws.com/images/original/1b/1b6be016.jpg
abo-B07T962QCQ	2	https://amazon-berkeley-objects.s3.amazonaws.com/images/original/59/59d1dad0.jpg
abo-B07T962QCQ	3	https://amazon-berkeley-objects.s3.amazonaws.com/images/original/cc/cc0be059.jpg
abo-B07T962QCQ	4	https://amazon-berkeley-objects.s3.amazonaws.com/images/original/11/11c1a137.jpg
abo-B07T963JPP	1	https://amazon-berkeley-objects.s3.amazonaws.com/images/original/9b/9bdf2596.jpg
abo-B07T963JPP	2	https://amazon-berkeley-objects.s3.amazonaws.com/images/original/43/434c331a.jpg
abo-B07T963JPP	3	https://amazon-berkeley-objects.s3.amazonaws.com/images/original/b2/b253b52c.jpg
abo-B07T963JPP	4	https://amazon-berkeley-objects.s3.amazonaws.com/images/original/41/41c2fb94.jpg
abo-B07T9MVZW5	1	https://amazon-berkeley-objects.s3.amazonaws.com/images/original/10/10a6f15f.jpg
abo-B07T9MVZW5	2	https://amazon-berkeley-objects.s3.amazonaws.com/images/original/36/36fead8b.jpg
abo-B07T9MVZW5	3	https://amazon-berkeley-objects.s3.amazonaws.com/images/original/72/72a34475.jpg
abo-B07T9MVZW5	4	https://amazon-berkeley-objects.s3.amazonaws.com/images/original/01/01c55138.jpg
abo-B07TB6Y59Y	1	https://amazon-berkeley-objects.s3.amazonaws.com/images/original/31/313346e5.jpg
abo-B07TB6Y59Y	2	https://amazon-berkeley-objects.s3.amazonaws.com/images/original/a5/a5f9826b.jpg
abo-B07TB6Y59Y	3	https://amazon-berkeley-objects.s3.amazonaws.com/images/original/7a/7aaef016.jpg
abo-B07TB6Y59Y	4	https://amazon-berkeley-objects.s3.amazonaws.com/images/original/e7/e75d706f.jpg
abo-B07TBNVQDY	1	https://amazon-berkeley-objects.s3.amazonaws.com/images/original/79/79630911.jpg
abo-B07TBNVQDY	2	https://amazon-berkeley-objects.s3.amazonaws.com/images/original/da/daebd4ef.jpg
abo-B07TBNVQDY	3	https://amazon-berkeley-objects.s3.amazonaws.com/images/original/b5/b5fae814.jpg
abo-B07TBNVQDY	4	https://amazon-berkeley-objects.s3.amazonaws.com/images/original/49/490bcd12.jpg
abo-B07TC8FXH2	1	https://amazon-berkeley-objects.s3.amazonaws.com/images/original/9b/9bdf2596.jpg
abo-B07TC8FXH2	2	https://amazon-berkeley-objects.s3.amazonaws.com/images/original/2c/2cc6119b.jpg
abo-B07TC8FXH2	3	https://amazon-berkeley-objects.s3.amazonaws.com/images/original/2c/2cad34c9.jpg
abo-B07TC8FXH2	4	https://amazon-berkeley-objects.s3.amazonaws.com/images/original/aa/aa8cac28.jpg
abo-B07TC8GTR7	1	https://amazon-berkeley-objects.s3.amazonaws.com/images/original/31/313346e5.jpg
abo-B07TC8GTR7	2	https://amazon-berkeley-objects.s3.amazonaws.com/images/original/75/75ad4fb9.jpg
abo-B07TC8GTR7	3	https://amazon-berkeley-objects.s3.amazonaws.com/images/original/7a/7aaef016.jpg
abo-B07TC8GTR7	4	https://amazon-berkeley-objects.s3.amazonaws.com/images/original/6f/6fa0b57b.jpg
abo-B07TCQCLJQ	1	https://amazon-berkeley-objects.s3.amazonaws.com/images/original/be/beb2711d.jpg
abo-B07TCQCLJQ	2	https://amazon-berkeley-objects.s3.amazonaws.com/images/original/4b/4b053b4e.jpg
abo-B07TCQCLJQ	3	https://amazon-berkeley-objects.s3.amazonaws.com/images/original/01/01173ca9.jpg
abo-B07TCQCLJQ	4	https://amazon-berkeley-objects.s3.amazonaws.com/images/original/ba/ba85c29a.jpg
abo-B07TD8G377	1	https://amazon-berkeley-objects.s3.amazonaws.com/images/original/89/89ce3c25.jpg
abo-B07TD8G377	2	https://amazon-berkeley-objects.s3.amazonaws.com/images/original/c9/c9bb72dc.jpg
abo-B07TD8G377	3	https://amazon-berkeley-objects.s3.amazonaws.com/images/original/e3/e34ea10b.jpg
abo-B07TD8G377	4	https://amazon-berkeley-objects.s3.amazonaws.com/images/original/a6/a676ecac.jpg
abo-B07TD8G386	1	https://amazon-berkeley-objects.s3.amazonaws.com/images/original/33/3395f1f1.jpg
abo-B07TD8G386	2	https://amazon-berkeley-objects.s3.amazonaws.com/images/original/36/3608e2ab.jpg
abo-B07TD8G386	3	https://amazon-berkeley-objects.s3.amazonaws.com/images/original/4d/4d750e5d.jpg
abo-B07TD8G386	4	https://amazon-berkeley-objects.s3.amazonaws.com/images/original/62/622bb95b.jpg
abo-B07TDC39CN	1	https://amazon-berkeley-objects.s3.amazonaws.com/images/original/fd/fd8475e7.jpg
abo-B07TDC39CN	2	https://amazon-berkeley-objects.s3.amazonaws.com/images/original/eb/ebff4271.jpg
abo-B07TDC39CN	3	https://amazon-berkeley-objects.s3.amazonaws.com/images/original/74/74205bb2.jpg
abo-B07TDC39CN	4	https://amazon-berkeley-objects.s3.amazonaws.com/images/original/a8/a874cb54.jpg
abo-B07TDTLFPT	1	https://amazon-berkeley-objects.s3.amazonaws.com/images/original/06/0687d4cd.jpg
abo-B07TDTLFPT	2	https://amazon-berkeley-objects.s3.amazonaws.com/images/original/40/40664575.jpg
abo-B07TDTLFPT	3	https://amazon-berkeley-objects.s3.amazonaws.com/images/original/11/11cbd034.jpg
abo-B07TDTLFPT	4	https://amazon-berkeley-objects.s3.amazonaws.com/images/original/e6/e65e70b8.jpg
abo-B07TDTLFQ3	1	https://amazon-berkeley-objects.s3.amazonaws.com/images/original/a2/a2fbeae1.jpg
abo-B07TDTLFQ3	2	https://amazon-berkeley-objects.s3.amazonaws.com/images/original/5b/5bd813a8.jpg
abo-B07TDTLFQ3	3	https://amazon-berkeley-objects.s3.amazonaws.com/images/original/90/907aa39c.jpg
abo-B07TDTLFQ3	4	https://amazon-berkeley-objects.s3.amazonaws.com/images/original/21/210d7fd3.jpg
abo-B07TFD597S	1	https://amazon-berkeley-objects.s3.amazonaws.com/images/original/1f/1f62f6cf.jpg
abo-B07TFD597S	2	https://amazon-berkeley-objects.s3.amazonaws.com/images/original/91/91c8ce1b.jpg
abo-B07TFD597S	3	https://amazon-berkeley-objects.s3.amazonaws.com/images/original/50/50aa181e.jpg
abo-B07TFD597S	4	https://amazon-berkeley-objects.s3.amazonaws.com/images/original/af/af171799.jpg
abo-B07TFG5J9W	1	https://amazon-berkeley-objects.s3.amazonaws.com/images/original/43/43ec1f58.jpg
abo-B07TFG5J9W	2	https://amazon-berkeley-objects.s3.amazonaws.com/images/original/b3/b3190f1c.jpg
abo-B07TFG5J9W	3	https://amazon-berkeley-objects.s3.amazonaws.com/images/original/29/29681802.jpg
abo-B07TFG5J9W	4	https://amazon-berkeley-objects.s3.amazonaws.com/images/original/68/686ec801.jpg
abo-B07TFGK7QW	1	https://amazon-berkeley-objects.s3.amazonaws.com/images/original/fd/fd8475e7.jpg
abo-B07TFGK7QW	2	https://amazon-berkeley-objects.s3.amazonaws.com/images/original/32/3252093c.jpg
abo-B07TFGK7QW	3	https://amazon-berkeley-objects.s3.amazonaws.com/images/original/2e/2e3f7b01.jpg
abo-B07TFGK7QW	4	https://amazon-berkeley-objects.s3.amazonaws.com/images/original/29/293977a8.jpg
abo-B07TFY9ZWH	1	https://amazon-berkeley-objects.s3.amazonaws.com/images/original/2c/2c723881.jpg
abo-B07TFY9ZWH	2	https://amazon-berkeley-objects.s3.amazonaws.com/images/original/54/5480e06d.jpg
abo-B07TFY9ZWH	3	https://amazon-berkeley-objects.s3.amazonaws.com/images/original/30/30ea36e7.jpg
abo-B07TFY9ZWH	4	https://amazon-berkeley-objects.s3.amazonaws.com/images/original/ba/bade9ffa.jpg
abo-B07TFYBHBQ	1	https://amazon-berkeley-objects.s3.amazonaws.com/images/original/f2/f2a0749e.jpg
abo-B07TFYBHBQ	2	https://amazon-berkeley-objects.s3.amazonaws.com/images/original/36/366a9b9a.jpg
abo-B07TFYBHBQ	3	https://amazon-berkeley-objects.s3.amazonaws.com/images/original/81/8159ad5f.jpg
abo-B07TFYBHBQ	4	https://amazon-berkeley-objects.s3.amazonaws.com/images/original/bc/bcc93a78.jpg
abo-B07TGH92H9	1	https://amazon-berkeley-objects.s3.amazonaws.com/images/original/c2/c2465fd1.jpg
abo-B07TGH92H9	2	https://amazon-berkeley-objects.s3.amazonaws.com/images/original/7d/7d8b26b8.jpg
abo-B07TGH92H9	3	https://amazon-berkeley-objects.s3.amazonaws.com/images/original/bd/bd7aaca9.jpg
abo-B07TGH92H9	4	https://amazon-berkeley-objects.s3.amazonaws.com/images/original/ba/baf27b7f.jpg
abo-B07TGH9TFK	1	https://amazon-berkeley-objects.s3.amazonaws.com/images/original/b3/b3ff4ee2.jpg
abo-B07TGH9TFK	2	https://amazon-berkeley-objects.s3.amazonaws.com/images/original/93/9374208c.jpg
abo-B07TGH9TFK	3	https://amazon-berkeley-objects.s3.amazonaws.com/images/original/4e/4e23dc03.jpg
abo-B07TGH9TFK	4	https://amazon-berkeley-objects.s3.amazonaws.com/images/original/59/59357b9b.jpg
abo-B07TGWZMVW	1	https://amazon-berkeley-objects.s3.amazonaws.com/images/original/d0/d08afb91.jpg
abo-B07TGWZMVW	2	https://amazon-berkeley-objects.s3.amazonaws.com/images/original/92/929480ef.jpg
abo-B07TGWZMVW	3	https://amazon-berkeley-objects.s3.amazonaws.com/images/original/8e/8e0b1560.jpg
abo-B07TGWZMVW	4	https://amazon-berkeley-objects.s3.amazonaws.com/images/original/8b/8bbaa162.jpg
abo-B07TGX44YH	1	https://amazon-berkeley-objects.s3.amazonaws.com/images/original/5f/5ff3a417.jpg
abo-B07TGX44YH	2	https://amazon-berkeley-objects.s3.amazonaws.com/images/original/05/05ab81ad.jpg
abo-B07TGX44YH	3	https://amazon-berkeley-objects.s3.amazonaws.com/images/original/e6/e6ff8b12.jpg
abo-B07TGX44YH	4	https://amazon-berkeley-objects.s3.amazonaws.com/images/original/81/8101d5da.jpg
abo-B07TGX8PHB	1	https://amazon-berkeley-objects.s3.amazonaws.com/images/original/52/52e9f884.jpg
abo-B07TGX8PHB	2	https://amazon-berkeley-objects.s3.amazonaws.com/images/original/35/35d4b9a3.jpg
abo-B07TGX8PHB	3	https://amazon-berkeley-objects.s3.amazonaws.com/images/original/4a/4ab5931d.jpg
abo-B07TGX8PHB	4	https://amazon-berkeley-objects.s3.amazonaws.com/images/original/fd/fda03a72.jpg
abo-B07TGX8PHP	1	https://amazon-berkeley-objects.s3.amazonaws.com/images/original/c0/c00f2cee.jpg
abo-B07TGX8PHP	2	https://amazon-berkeley-objects.s3.amazonaws.com/images/original/b2/b235170d.jpg
abo-B07TGX8PHP	3	https://amazon-berkeley-objects.s3.amazonaws.com/images/original/eb/eb6c57f3.jpg
abo-B07TGX8PHP	4	https://amazon-berkeley-objects.s3.amazonaws.com/images/original/f6/f61f3f1a.jpg
abo-B07THHPCHH	1	https://amazon-berkeley-objects.s3.amazonaws.com/images/original/ec/ecc163a1.jpg
abo-B07THHPCHH	2	https://amazon-berkeley-objects.s3.amazonaws.com/images/original/f8/f827d9fd.jpg
abo-B07THHPCHH	3	https://amazon-berkeley-objects.s3.amazonaws.com/images/original/da/da6cccf9.jpg
abo-B07THHPCHH	4	https://amazon-berkeley-objects.s3.amazonaws.com/images/original/4e/4e23dc03.jpg
abo-B07THY2QG1	1	https://amazon-berkeley-objects.s3.amazonaws.com/images/original/76/7629425f.jpg
abo-B07THY2QG1	2	https://amazon-berkeley-objects.s3.amazonaws.com/images/original/02/02fc5830.jpg
abo-B07THY2QG1	3	https://amazon-berkeley-objects.s3.amazonaws.com/images/original/45/4578566f.jpg
abo-B07THY2QG1	4	https://amazon-berkeley-objects.s3.amazonaws.com/images/original/66/661cfea9.jpg
abo-B07THY3W7P	1	https://amazon-berkeley-objects.s3.amazonaws.com/images/original/e3/e3260304.jpg
abo-B07THY3W7P	2	https://amazon-berkeley-objects.s3.amazonaws.com/images/original/8f/8f5939c9.jpg
abo-B07THY3W7P	3	https://amazon-berkeley-objects.s3.amazonaws.com/images/original/16/169d87e0.jpg
abo-B07THY3W7P	4	https://amazon-berkeley-objects.s3.amazonaws.com/images/original/2d/2d3f201e.jpg
abo-B07TJ9CYJP	1	https://amazon-berkeley-objects.s3.amazonaws.com/images/original/8c/8c514d3e.jpg
abo-B07TJ9CYJP	2	https://amazon-berkeley-objects.s3.amazonaws.com/images/original/1e/1ea67405.jpg
abo-B07TJ9CYJP	3	https://amazon-berkeley-objects.s3.amazonaws.com/images/original/25/251d2ae1.jpg
abo-B07TJ9CYJP	4	https://amazon-berkeley-objects.s3.amazonaws.com/images/original/cb/cb8dd8f3.jpg
abo-B07TK1DS8Z	1	https://amazon-berkeley-objects.s3.amazonaws.com/images/original/50/50e0267a.jpg
abo-B07TK1DS8Z	2	https://amazon-berkeley-objects.s3.amazonaws.com/images/original/d7/d7a9040a.jpg
abo-B07TK1DS8Z	3	https://amazon-berkeley-objects.s3.amazonaws.com/images/original/8c/8ce6b6a9.jpg
abo-B07TK1DS8Z	4	https://amazon-berkeley-objects.s3.amazonaws.com/images/original/12/126fb77d.jpg
abo-B07TK1XYWL	1	https://amazon-berkeley-objects.s3.amazonaws.com/images/original/c2/c2f9cd7e.jpg
abo-B07TK1XYWL	2	https://amazon-berkeley-objects.s3.amazonaws.com/images/original/d7/d738cd29.jpg
abo-B07TK1XYWL	3	https://amazon-berkeley-objects.s3.amazonaws.com/images/original/ef/ef3bc1ca.jpg
abo-B07TK1XYWL	4	https://amazon-berkeley-objects.s3.amazonaws.com/images/original/b3/b385ed31.jpg
abo-B07TLBN6DG	1	https://amazon-berkeley-objects.s3.amazonaws.com/images/original/27/27fd489e.jpg
abo-B07TLBN6DG	2	https://amazon-berkeley-objects.s3.amazonaws.com/images/original/6e/6efb106a.jpg
abo-B07TLBN6DG	3	https://amazon-berkeley-objects.s3.amazonaws.com/images/original/34/34e755f7.jpg
abo-B07TLBN6DG	4	https://amazon-berkeley-objects.s3.amazonaws.com/images/original/1c/1c16e6d4.jpg
abo-B07TS6K18W	1	https://amazon-berkeley-objects.s3.amazonaws.com/images/original/7c/7c4b8fbf.jpg
abo-B07TS6K18W	2	https://amazon-berkeley-objects.s3.amazonaws.com/images/original/fb/fb35a19d.jpg
abo-B07TS6K18W	3	https://amazon-berkeley-objects.s3.amazonaws.com/images/original/91/91b48470.jpg
abo-B07TS6K18W	4	https://amazon-berkeley-objects.s3.amazonaws.com/images/original/98/98cb5870.jpg
abo-B07TS6KCXD	1	https://amazon-berkeley-objects.s3.amazonaws.com/images/original/86/8627903c.jpg
abo-B07TS6KCXD	2	https://amazon-berkeley-objects.s3.amazonaws.com/images/original/03/0351689c.jpg
abo-B07TS6KCXD	3	https://amazon-berkeley-objects.s3.amazonaws.com/images/original/1d/1d19cd42.jpg
abo-B07TS6KCXD	4	https://amazon-berkeley-objects.s3.amazonaws.com/images/original/9d/9d7affd2.jpg
abo-B07TT9Y67L	1	https://amazon-berkeley-objects.s3.amazonaws.com/images/original/e4/e4e63ba7.jpg
abo-B07TT9Y67L	2	https://amazon-berkeley-objects.s3.amazonaws.com/images/original/e5/e5e22a00.jpg
abo-B07TT9Y67L	3	https://amazon-berkeley-objects.s3.amazonaws.com/images/original/53/53352282.jpg
abo-B07TT9Y67L	4	https://amazon-berkeley-objects.s3.amazonaws.com/images/original/b1/b1d4fad5.jpg
abo-B07TT9Y85C	1	https://amazon-berkeley-objects.s3.amazonaws.com/images/original/b7/b7549256.jpg
abo-B07TT9Y85C	2	https://amazon-berkeley-objects.s3.amazonaws.com/images/original/f8/f8ddcb57.jpg
abo-B07TT9Y85C	3	https://amazon-berkeley-objects.s3.amazonaws.com/images/original/d9/d98df154.jpg
abo-B07TT9Y85C	4	https://amazon-berkeley-objects.s3.amazonaws.com/images/original/b3/b3b43ccc.jpg
abo-B07TVBL77X	1	https://amazon-berkeley-objects.s3.amazonaws.com/images/original/3d/3d20e13e.jpg
abo-B07TVBL77X	2	https://amazon-berkeley-objects.s3.amazonaws.com/images/original/0e/0ee10055.jpg
abo-B07TVBL77X	3	https://amazon-berkeley-objects.s3.amazonaws.com/images/original/48/483873fe.jpg
abo-B07TVBL77X	4	https://amazon-berkeley-objects.s3.amazonaws.com/images/original/e5/e5815f07.jpg
abo-B07TWFCV44	1	https://amazon-berkeley-objects.s3.amazonaws.com/images/original/89/8993d0a8.jpg
abo-B07TWFCV44	2	https://amazon-berkeley-objects.s3.amazonaws.com/images/original/31/3199bf2d.jpg
abo-B07TWFCV44	3	https://amazon-berkeley-objects.s3.amazonaws.com/images/original/31/3163f7c9.jpg
abo-B07TWFCV44	4	https://amazon-berkeley-objects.s3.amazonaws.com/images/original/3e/3e0b8c24.jpg
abo-B07TXL69YH	1	https://amazon-berkeley-objects.s3.amazonaws.com/images/original/75/75b970a3.jpg
abo-B07TXL69YH	2	https://amazon-berkeley-objects.s3.amazonaws.com/images/original/be/be1ddfea.jpg
abo-B07TXL69YH	3	https://amazon-berkeley-objects.s3.amazonaws.com/images/original/eb/eb420916.jpg
abo-B07TXL69YH	4	https://amazon-berkeley-objects.s3.amazonaws.com/images/original/5d/5dd2fed9.jpg
abo-B07TYK37SJ	1	https://amazon-berkeley-objects.s3.amazonaws.com/images/original/33/33631f52.jpg
abo-B07TYK37SJ	2	https://amazon-berkeley-objects.s3.amazonaws.com/images/original/06/066c08ff.jpg
abo-B07TYK37SJ	3	https://amazon-berkeley-objects.s3.amazonaws.com/images/original/d2/d2dfb9dd.jpg
abo-B07TYK37SJ	4	https://amazon-berkeley-objects.s3.amazonaws.com/images/original/38/386f0208.jpg
abo-B07TYKPBX3	1	https://amazon-berkeley-objects.s3.amazonaws.com/images/original/e7/e77d0a6a.jpg
abo-B07TYKPBX3	2	https://amazon-berkeley-objects.s3.amazonaws.com/images/original/e7/e72b4f53.jpg
abo-B07TYKPBX3	3	https://amazon-berkeley-objects.s3.amazonaws.com/images/original/ea/eaacd498.jpg
abo-B07TYKPBX3	4	https://amazon-berkeley-objects.s3.amazonaws.com/images/original/48/48acaebf.jpg
abo-B07TYKPRKR	1	https://amazon-berkeley-objects.s3.amazonaws.com/images/original/99/9970943e.jpg
abo-B07TYKPRKR	2	https://amazon-berkeley-objects.s3.amazonaws.com/images/original/dd/dd0926fc.jpg
abo-B07TYKPRKR	3	https://amazon-berkeley-objects.s3.amazonaws.com/images/original/3c/3c3284e6.jpg
abo-B07TYKPRKR	4	https://amazon-berkeley-objects.s3.amazonaws.com/images/original/15/1535a012.jpg
abo-B07TYKRNXT	1	https://amazon-berkeley-objects.s3.amazonaws.com/images/original/a6/a6276eeb.jpg
abo-B07TYKRNXT	2	https://amazon-berkeley-objects.s3.amazonaws.com/images/original/fb/fbd3de5d.jpg
abo-B07TYKRNXT	3	https://amazon-berkeley-objects.s3.amazonaws.com/images/original/a0/a04295c8.jpg
abo-B07TYKRNXT	4	https://amazon-berkeley-objects.s3.amazonaws.com/images/original/eb/eb4126c6.jpg
abo-B07TYP2ZWS	1	https://amazon-berkeley-objects.s3.amazonaws.com/images/original/ac/ac0373e2.jpg
abo-B07TYP2ZWS	2	https://amazon-berkeley-objects.s3.amazonaws.com/images/original/9e/9e4281e9.jpg
abo-B07TYP2ZWS	3	https://amazon-berkeley-objects.s3.amazonaws.com/images/original/40/40d1d5a0.jpg
abo-B07TYP2ZWS	4	https://amazon-berkeley-objects.s3.amazonaws.com/images/original/6f/6f1797fc.jpg
abo-B07TYQ12RP	1	https://amazon-berkeley-objects.s3.amazonaws.com/images/original/17/17f45e4b.jpg
abo-B07TYQ12RP	2	https://amazon-berkeley-objects.s3.amazonaws.com/images/original/f4/f4079a00.jpg
abo-B07TYQ12RP	3	https://amazon-berkeley-objects.s3.amazonaws.com/images/original/57/579dc19e.jpg
abo-B07TYQ12RP	4	https://amazon-berkeley-objects.s3.amazonaws.com/images/original/6a/6a8011fc.jpg
abo-B07TYQ1JZD	1	https://amazon-berkeley-objects.s3.amazonaws.com/images/original/00/00a50aef.jpg
abo-B07TYQ1JZD	2	https://amazon-berkeley-objects.s3.amazonaws.com/images/original/b2/b2a258c1.jpg
abo-B07TYQ1JZD	3	https://amazon-berkeley-objects.s3.amazonaws.com/images/original/ec/ec8e5c1b.jpg
abo-B07TYQ1JZD	4	https://amazon-berkeley-objects.s3.amazonaws.com/images/original/47/474a9cb7.jpg
abo-B07V2LMDB1	1	https://amazon-berkeley-objects.s3.amazonaws.com/images/original/12/1295e8c5.jpg
abo-B07V2LMDB1	2	https://amazon-berkeley-objects.s3.amazonaws.com/images/original/dc/dc136511.jpg
abo-B07V2LMDB1	3	https://amazon-berkeley-objects.s3.amazonaws.com/images/original/8e/8e54dcf3.jpg
abo-B07V2LMDB1	4	https://amazon-berkeley-objects.s3.amazonaws.com/images/original/75/752fc5cb.jpg
abo-B07V3TF3N9	1	https://amazon-berkeley-objects.s3.amazonaws.com/images/original/e9/e918988f.jpg
abo-B07V3TF3N9	2	https://amazon-berkeley-objects.s3.amazonaws.com/images/original/55/55695863.jpg
abo-B07V3TF3N9	3	https://amazon-berkeley-objects.s3.amazonaws.com/images/original/24/245a7af7.jpg
abo-B07V3TF3N9	4	https://amazon-berkeley-objects.s3.amazonaws.com/images/original/f2/f2b8c064.jpg
abo-B07V3TF841	1	https://amazon-berkeley-objects.s3.amazonaws.com/images/original/73/734a7794.jpg
abo-B07V3TF841	2	https://amazon-berkeley-objects.s3.amazonaws.com/images/original/de/de26c26c.jpg
abo-B07V3TF841	3	https://amazon-berkeley-objects.s3.amazonaws.com/images/original/3f/3f741b2d.jpg
abo-B07V3TF841	4	https://amazon-berkeley-objects.s3.amazonaws.com/images/original/3b/3b2ab73b.jpg
abo-B07V3TFGPZ	1	https://amazon-berkeley-objects.s3.amazonaws.com/images/original/80/8031c243.jpg
abo-B07V3TFGPZ	2	https://amazon-berkeley-objects.s3.amazonaws.com/images/original/5b/5bab913b.jpg
abo-B07V3TFGPZ	3	https://amazon-berkeley-objects.s3.amazonaws.com/images/original/a4/a4d0111d.jpg
abo-B07V3TFGPZ	4	https://amazon-berkeley-objects.s3.amazonaws.com/images/original/c0/c010faac.jpg
abo-B07V4CBHD7	1	https://amazon-berkeley-objects.s3.amazonaws.com/images/original/e7/e7f43517.jpg
abo-B07V4CBHD7	2	https://amazon-berkeley-objects.s3.amazonaws.com/images/original/f0/f08e0ca2.jpg
abo-B07V4CBHD7	3	https://amazon-berkeley-objects.s3.amazonaws.com/images/original/58/58529e99.jpg
abo-B07V4CBHD7	4	https://amazon-berkeley-objects.s3.amazonaws.com/images/original/43/43797cc0.jpg
abo-B07V4FNHCD	1	https://amazon-berkeley-objects.s3.amazonaws.com/images/original/5e/5e108632.jpg
abo-B07V4FNHCD	2	https://amazon-berkeley-objects.s3.amazonaws.com/images/original/08/080f243f.jpg
abo-B07V4FNHCD	3	https://amazon-berkeley-objects.s3.amazonaws.com/images/original/b7/b749f349.jpg
abo-B07V4FNHCD	4	https://amazon-berkeley-objects.s3.amazonaws.com/images/original/b8/b8de7496.jpg
abo-B07V4TFWFZ	1	https://amazon-berkeley-objects.s3.amazonaws.com/images/original/40/40cd7b48.jpg
abo-B07V4TFWFZ	2	https://amazon-berkeley-objects.s3.amazonaws.com/images/original/07/076bd267.jpg
abo-B07V4TFWFZ	3	https://amazon-berkeley-objects.s3.amazonaws.com/images/original/95/957acf2f.jpg
abo-B07V4TFWFZ	4	https://amazon-berkeley-objects.s3.amazonaws.com/images/original/2f/2f394800.jpg
abo-B07V5JK47P	1	https://amazon-berkeley-objects.s3.amazonaws.com/images/original/a7/a78b0866.jpg
abo-B07V5JK47P	2	https://amazon-berkeley-objects.s3.amazonaws.com/images/original/48/4889e724.jpg
abo-B07V5JK47P	3	https://amazon-berkeley-objects.s3.amazonaws.com/images/original/9c/9cbd1eed.jpg
abo-B07V5JK47P	4	https://amazon-berkeley-objects.s3.amazonaws.com/images/original/23/237756fa.jpg
abo-B07V5JKK42	1	https://amazon-berkeley-objects.s3.amazonaws.com/images/original/49/49b1d747.jpg
abo-B07V5JKK42	2	https://amazon-berkeley-objects.s3.amazonaws.com/images/original/96/96ef8496.jpg
abo-B07V5JKK42	3	https://amazon-berkeley-objects.s3.amazonaws.com/images/original/e7/e7e1d99d.jpg
abo-B07V5JKK42	4	https://amazon-berkeley-objects.s3.amazonaws.com/images/original/68/681066c6.jpg
abo-B07V5JLD9K	1	https://amazon-berkeley-objects.s3.amazonaws.com/images/original/65/65902c6e.jpg
abo-B07V5JLD9K	2	https://amazon-berkeley-objects.s3.amazonaws.com/images/original/16/16ff2580.jpg
abo-B07V5JLD9K	3	https://amazon-berkeley-objects.s3.amazonaws.com/images/original/7e/7ef81ab5.jpg
abo-B07V5JLD9K	4	https://amazon-berkeley-objects.s3.amazonaws.com/images/original/3b/3b1cc09b.jpg
abo-B07V5JLRXS	1	https://amazon-berkeley-objects.s3.amazonaws.com/images/original/5a/5a5da37f.jpg
abo-B07V5JLRXS	2	https://amazon-berkeley-objects.s3.amazonaws.com/images/original/17/1706e6f6.jpg
abo-B07V5JLRXS	3	https://amazon-berkeley-objects.s3.amazonaws.com/images/original/a9/a9612dfd.jpg
abo-B07V5JLRXS	4	https://amazon-berkeley-objects.s3.amazonaws.com/images/original/9d/9d609470.jpg
abo-B07V5WYXP5	1	https://amazon-berkeley-objects.s3.amazonaws.com/images/original/eb/eb1dcdea.jpg
abo-B07V5WYXP5	2	https://amazon-berkeley-objects.s3.amazonaws.com/images/original/29/29e69818.jpg
abo-B07V5WYXP5	3	https://amazon-berkeley-objects.s3.amazonaws.com/images/original/e3/e3755f35.jpg
abo-B07V5WYXP5	4	https://amazon-berkeley-objects.s3.amazonaws.com/images/original/10/1053d127.jpg
abo-B07V6M3PDX	1	https://amazon-berkeley-objects.s3.amazonaws.com/images/original/8e/8e7dff63.jpg
abo-B07V6M3PDX	2	https://amazon-berkeley-objects.s3.amazonaws.com/images/original/40/407ee9f6.jpg
abo-B07V6M3PDX	3	https://amazon-berkeley-objects.s3.amazonaws.com/images/original/ee/eee12603.jpg
abo-B07V6M3PDX	4	https://amazon-berkeley-objects.s3.amazonaws.com/images/original/f4/f4646aea.jpg
abo-B07V6M4MSN	1	https://amazon-berkeley-objects.s3.amazonaws.com/images/original/9f/9f1b7d9b.jpg
abo-B07V6M4MSN	2	https://amazon-berkeley-objects.s3.amazonaws.com/images/original/66/66cf9142.jpg
abo-B07V6M4MSN	3	https://amazon-berkeley-objects.s3.amazonaws.com/images/original/37/37b67208.jpg
abo-B07V6M4MSN	4	https://amazon-berkeley-objects.s3.amazonaws.com/images/original/ea/ea62af93.jpg
abo-B07V6ZXVNZ	1	https://amazon-berkeley-objects.s3.amazonaws.com/images/original/2c/2cc9dcdf.jpg
abo-B07V6ZXVNZ	2	https://amazon-berkeley-objects.s3.amazonaws.com/images/original/de/decac3cf.jpg
abo-B07V6ZXVNZ	3	https://amazon-berkeley-objects.s3.amazonaws.com/images/original/85/853b4815.jpg
abo-B07V6ZXVNZ	4	https://amazon-berkeley-objects.s3.amazonaws.com/images/original/59/59b0985f.jpg
abo-B07V6ZZTBF	1	https://amazon-berkeley-objects.s3.amazonaws.com/images/original/14/14016601.jpg
abo-B07V6ZZTBF	2	https://amazon-berkeley-objects.s3.amazonaws.com/images/original/97/9705d327.jpg
abo-B07V6ZZTBF	3	https://amazon-berkeley-objects.s3.amazonaws.com/images/original/b6/b6780f5d.jpg
abo-B07V6ZZTBF	4	https://amazon-berkeley-objects.s3.amazonaws.com/images/original/83/83698aa7.jpg
abo-B07V7QJG8J	1	https://amazon-berkeley-objects.s3.amazonaws.com/images/original/d9/d94efabc.jpg
abo-B07V7QJG8J	2	https://amazon-berkeley-objects.s3.amazonaws.com/images/original/36/36672272.jpg
abo-B07V7QJG8J	3	https://amazon-berkeley-objects.s3.amazonaws.com/images/original/86/86707181.jpg
abo-B07V7QJG8J	4	https://amazon-berkeley-objects.s3.amazonaws.com/images/original/85/853c517c.jpg
abo-B07V7QNYHC	1	https://amazon-berkeley-objects.s3.amazonaws.com/images/original/d3/d3247c72.jpg
abo-B07V7QNYHC	2	https://amazon-berkeley-objects.s3.amazonaws.com/images/original/4c/4c55005b.jpg
abo-B07V7QNYHC	3	https://amazon-berkeley-objects.s3.amazonaws.com/images/original/fb/fb698d04.jpg
abo-B07V7QNYHC	4	https://amazon-berkeley-objects.s3.amazonaws.com/images/original/24/245aa3fb.jpg
abo-B07V811652	1	https://amazon-berkeley-objects.s3.amazonaws.com/images/original/08/0879664a.jpg
abo-B07V811652	2	https://amazon-berkeley-objects.s3.amazonaws.com/images/original/98/9825757b.jpg
abo-B07V811652	3	https://amazon-berkeley-objects.s3.amazonaws.com/images/original/de/de14477c.jpg
abo-B07V811652	4	https://amazon-berkeley-objects.s3.amazonaws.com/images/original/c2/c255cf83.jpg
abo-B07V842ZVC	1	https://amazon-berkeley-objects.s3.amazonaws.com/images/original/20/20bd17c8.jpg
abo-B07V842ZVC	2	https://amazon-berkeley-objects.s3.amazonaws.com/images/original/08/0816ce9b.jpg
abo-B07V842ZVC	3	https://amazon-berkeley-objects.s3.amazonaws.com/images/original/f3/f37db9cc.jpg
abo-B07V842ZVC	4	https://amazon-berkeley-objects.s3.amazonaws.com/images/original/32/326d4925.jpg
abo-B07V843T2D	1	https://amazon-berkeley-objects.s3.amazonaws.com/images/original/f9/f95942b3.jpg
abo-B07V843T2D	2	https://amazon-berkeley-objects.s3.amazonaws.com/images/original/d5/d5b965b2.jpg
abo-B07V843T2D	3	https://amazon-berkeley-objects.s3.amazonaws.com/images/original/7e/7ef038e4.jpg
abo-B07V843T2D	4	https://amazon-berkeley-objects.s3.amazonaws.com/images/original/d4/d4c2771d.jpg
abo-B07V843VFN	1	https://amazon-berkeley-objects.s3.amazonaws.com/images/original/f6/f690941d.jpg
abo-B07V843VFN	2	https://amazon-berkeley-objects.s3.amazonaws.com/images/original/3a/3a026b0e.jpg
abo-B07V843VFN	3	https://amazon-berkeley-objects.s3.amazonaws.com/images/original/ed/ed781cdf.jpg
abo-B07V843VFN	4	https://amazon-berkeley-objects.s3.amazonaws.com/images/original/d1/d19d1984.jpg
abo-B07V8HYNWD	1	https://amazon-berkeley-objects.s3.amazonaws.com/images/original/d4/d44bf505.jpg
abo-B07V8HYNWD	2	https://amazon-berkeley-objects.s3.amazonaws.com/images/original/dc/dc136511.jpg
abo-B07V8HYNWD	3	https://amazon-berkeley-objects.s3.amazonaws.com/images/original/12/1295e8c5.jpg
abo-B07V8HYNWD	4	https://amazon-berkeley-objects.s3.amazonaws.com/images/original/f8/f8ddcb57.jpg
abo-B07V8MLTCL	1	https://amazon-berkeley-objects.s3.amazonaws.com/images/original/f0/f01764d5.jpg
abo-B07V8MLTCL	2	https://amazon-berkeley-objects.s3.amazonaws.com/images/original/c2/c201e6ee.jpg
abo-B07V8MLTCL	3	https://amazon-berkeley-objects.s3.amazonaws.com/images/original/ec/ecb67e32.jpg
abo-B07V8MLTCL	4	https://amazon-berkeley-objects.s3.amazonaws.com/images/original/39/398cdb5d.jpg
abo-B07V8X5W5R	1	https://amazon-berkeley-objects.s3.amazonaws.com/images/original/43/43351a47.jpg
abo-B07V8X5W5R	2	https://amazon-berkeley-objects.s3.amazonaws.com/images/original/24/2451b0b4.jpg
abo-B07V8X5W5R	3	https://amazon-berkeley-objects.s3.amazonaws.com/images/original/5a/5a598578.jpg
abo-B07V8X5W5R	4	https://amazon-berkeley-objects.s3.amazonaws.com/images/original/c5/c5f72c57.jpg
abo-B07V912PBD	1	https://amazon-berkeley-objects.s3.amazonaws.com/images/original/9c/9c1a51a6.jpg
abo-B07V912PBD	2	https://amazon-berkeley-objects.s3.amazonaws.com/images/original/a2/a2240ada.jpg
abo-B07V912PBD	3	https://amazon-berkeley-objects.s3.amazonaws.com/images/original/6e/6e3f327b.jpg
abo-B07V912PBD	4	https://amazon-berkeley-objects.s3.amazonaws.com/images/original/27/27fb4f9e.jpg
abo-B07V91S5XC	1	https://amazon-berkeley-objects.s3.amazonaws.com/images/original/58/58cbca75.jpg
abo-B07V91S5XC	2	https://amazon-berkeley-objects.s3.amazonaws.com/images/original/cb/cb4f43b7.jpg
abo-B07V91S5XC	3	https://amazon-berkeley-objects.s3.amazonaws.com/images/original/3d/3d48eacf.jpg
abo-B07V91S5XC	4	https://amazon-berkeley-objects.s3.amazonaws.com/images/original/e2/e22376cd.jpg
abo-B07VF1G7VG	1	https://amazon-berkeley-objects.s3.amazonaws.com/images/original/db/dbe1de17.jpg
abo-B07VF1G7VG	2	https://amazon-berkeley-objects.s3.amazonaws.com/images/original/2b/2beb399d.jpg
abo-B07VF1G7VG	3	https://amazon-berkeley-objects.s3.amazonaws.com/images/original/cf/cfd62e6f.jpg
abo-B07VF1G7VG	4	https://amazon-berkeley-objects.s3.amazonaws.com/images/original/d5/d5753d2b.jpg
abo-B07VF1G7VG	5	https://amazon-berkeley-objects.s3.amazonaws.com/images/original/73/73197d7a.jpg
abo-B07VF1G7VG	6	https://amazon-berkeley-objects.s3.amazonaws.com/images/original/b7/b7752af8.jpg
abo-B07VF1G7VG	7	https://amazon-berkeley-objects.s3.amazonaws.com/images/original/f5/f5108573.jpg
abo-B07VF1G7VG	8	https://amazon-berkeley-objects.s3.amazonaws.com/images/original/23/23e3a94a.jpg
abo-B07VFVHT9D	1	https://amazon-berkeley-objects.s3.amazonaws.com/images/original/c8/c8ceb8bd.jpg
abo-B07VFVHT9D	2	https://amazon-berkeley-objects.s3.amazonaws.com/images/original/c2/c2467ded.jpg
abo-B07VFVHT9D	3	https://amazon-berkeley-objects.s3.amazonaws.com/images/original/c5/c58725d6.jpg
abo-B07VFVHT9D	4	https://amazon-berkeley-objects.s3.amazonaws.com/images/original/bf/bf9f5474.jpg
abo-B07VFVHT9D	5	https://amazon-berkeley-objects.s3.amazonaws.com/images/original/9f/9fa1c15b.jpg
abo-B07VFVHT9D	6	https://amazon-berkeley-objects.s3.amazonaws.com/images/original/1d/1de17b9e.jpg
abo-B07VFVHT9D	7	https://amazon-berkeley-objects.s3.amazonaws.com/images/original/95/9504082a.jpg
abo-B07VFVHT9D	8	https://amazon-berkeley-objects.s3.amazonaws.com/images/original/17/17a41777.jpg
abo-B07VQD5XXL	1	https://amazon-berkeley-objects.s3.amazonaws.com/images/original/61/61c1d64d.jpg
abo-B07VQD5XXL	2	https://amazon-berkeley-objects.s3.amazonaws.com/images/original/9a/9a4330d1.jpg
abo-B07VQD5XXL	3	https://amazon-berkeley-objects.s3.amazonaws.com/images/original/54/5446818c.jpg
abo-B07VTV2DFT	1	https://amazon-berkeley-objects.s3.amazonaws.com/images/original/46/46de7017.jpg
abo-B07VTV2DFT	2	https://amazon-berkeley-objects.s3.amazonaws.com/images/original/3f/3fe3aa10.jpg
abo-B07VTV2DFT	3	https://amazon-berkeley-objects.s3.amazonaws.com/images/original/e2/e28811a6.jpg
abo-B07VV3KS1K	1	https://amazon-berkeley-objects.s3.amazonaws.com/images/original/76/7646cb8d.jpg
abo-B07VV3KS1K	2	https://amazon-berkeley-objects.s3.amazonaws.com/images/original/f1/f1bafb81.jpg
abo-B07VV3KS1K	3	https://amazon-berkeley-objects.s3.amazonaws.com/images/original/c1/c13b8260.jpg
abo-B07VV3KS1K	4	https://amazon-berkeley-objects.s3.amazonaws.com/images/original/1b/1b792e49.jpg
abo-B07VV9RW22	1	https://amazon-berkeley-objects.s3.amazonaws.com/images/original/87/8744afdb.jpg
abo-B07VV9RW22	2	https://amazon-berkeley-objects.s3.amazonaws.com/images/original/a9/a9e0d180.jpg
abo-B07VV9RW22	3	https://amazon-berkeley-objects.s3.amazonaws.com/images/original/3b/3bd70ab6.jpg
abo-B07VVR7DH9	1	https://amazon-berkeley-objects.s3.amazonaws.com/images/original/bb/bb8054dc.jpg
abo-B07VVR7DH9	2	https://amazon-berkeley-objects.s3.amazonaws.com/images/original/96/96b1f5d3.jpg
abo-B07VVRZMM2	1	https://amazon-berkeley-objects.s3.amazonaws.com/images/original/b0/b07189e1.jpg
abo-B07VVRZMM2	2	https://amazon-berkeley-objects.s3.amazonaws.com/images/original/34/34946319.jpg
abo-B07VVRZMM2	3	https://amazon-berkeley-objects.s3.amazonaws.com/images/original/e7/e73e8dd4.jpg
abo-B07VVRZMM2	4	https://amazon-berkeley-objects.s3.amazonaws.com/images/original/b1/b1b8fbf5.jpg
abo-B07VW9MNTW	1	https://amazon-berkeley-objects.s3.amazonaws.com/images/original/69/69a1111c.jpg
abo-B07VW9MNTW	2	https://amazon-berkeley-objects.s3.amazonaws.com/images/original/6a/6a7a8fd7.jpg
abo-B07VW9MNTW	3	https://amazon-berkeley-objects.s3.amazonaws.com/images/original/27/27c77ab5.jpg
abo-B07VWB92RB	1	https://amazon-berkeley-objects.s3.amazonaws.com/images/original/1f/1f4df4da.jpg
abo-B07VWB92RB	2	https://amazon-berkeley-objects.s3.amazonaws.com/images/original/63/63dceb93.jpg
abo-B07VWB92RB	3	https://amazon-berkeley-objects.s3.amazonaws.com/images/original/c6/c6a499e7.jpg
abo-B07VWB92RB	4	https://amazon-berkeley-objects.s3.amazonaws.com/images/original/72/72d3fd28.jpg
abo-B07VWBDPYX	1	https://amazon-berkeley-objects.s3.amazonaws.com/images/original/a6/a62e9955.jpg
abo-B07VWBDPYX	2	https://amazon-berkeley-objects.s3.amazonaws.com/images/original/c1/c11bd257.jpg
abo-B07VWBDPYX	3	https://amazon-berkeley-objects.s3.amazonaws.com/images/original/b1/b1a2c00d.jpg
abo-B07VWBDPYX	4	https://amazon-berkeley-objects.s3.amazonaws.com/images/original/f7/f7f5b014.jpg
abo-B07VWBNHDB	1	https://amazon-berkeley-objects.s3.amazonaws.com/images/original/01/015b488f.jpg
abo-B07VWBNHDB	2	https://amazon-berkeley-objects.s3.amazonaws.com/images/original/5a/5ab7279d.jpg
abo-B07VWBNHDB	3	https://amazon-berkeley-objects.s3.amazonaws.com/images/original/e7/e73e8dd4.jpg
abo-B07VWCHR6G	1	https://amazon-berkeley-objects.s3.amazonaws.com/images/original/e8/e8aa086c.jpg
abo-B07VWCHR6G	2	https://amazon-berkeley-objects.s3.amazonaws.com/images/original/ab/ab89d5f2.jpg
abo-B07VWCHR6G	3	https://amazon-berkeley-objects.s3.amazonaws.com/images/original/72/725f8345.jpg
abo-B07VWZ4TVZ	1	https://amazon-berkeley-objects.s3.amazonaws.com/images/original/9d/9ddaa0d6.jpg
abo-B07VWZ4TVZ	2	https://amazon-berkeley-objects.s3.amazonaws.com/images/original/7d/7d4361d6.jpg
abo-B07VWZ4TVZ	3	https://amazon-berkeley-objects.s3.amazonaws.com/images/original/22/22a7e310.jpg
abo-B07VWZ4TVZ	4	https://amazon-berkeley-objects.s3.amazonaws.com/images/original/e7/e73e8dd4.jpg
abo-B07VX41MMW	1	https://amazon-berkeley-objects.s3.amazonaws.com/images/original/8e/8e1bfa8b.jpg
abo-B07VX41MMW	2	https://amazon-berkeley-objects.s3.amazonaws.com/images/original/3f/3f73d557.jpg
abo-B07VX41MMW	3	https://amazon-berkeley-objects.s3.amazonaws.com/images/original/fc/fcbc7dba.jpg
abo-B07VX41MMW	4	https://amazon-berkeley-objects.s3.amazonaws.com/images/original/02/022bd39e.jpg
abo-B07VX41MMW	5	https://amazon-berkeley-objects.s3.amazonaws.com/images/original/1b/1be40ee9.jpg
abo-B07VX41MMW	6	https://amazon-berkeley-objects.s3.amazonaws.com/images/original/b3/b35bc449.jpg
abo-B07VX41MMW	7	https://amazon-berkeley-objects.s3.amazonaws.com/images/original/14/149f99ec.jpg
abo-B07VX41MMW	8	https://amazon-berkeley-objects.s3.amazonaws.com/images/original/e0/e0cee658.jpg
abo-B07VX41MPR	1	https://amazon-berkeley-objects.s3.amazonaws.com/images/original/32/329f52cd.jpg
abo-B07VX41MPR	2	https://amazon-berkeley-objects.s3.amazonaws.com/images/original/bb/bbb97bc9.jpg
abo-B07VX41MPR	3	https://amazon-berkeley-objects.s3.amazonaws.com/images/original/0d/0d702ed9.jpg
abo-B07VX41MPR	4	https://amazon-berkeley-objects.s3.amazonaws.com/images/original/08/0896aece.jpg
abo-B07VX41MPR	5	https://amazon-berkeley-objects.s3.amazonaws.com/images/original/24/246b2527.jpg
abo-B07VX41MPR	6	https://amazon-berkeley-objects.s3.amazonaws.com/images/original/32/32168f19.jpg
abo-B07VX41MPR	7	https://amazon-berkeley-objects.s3.amazonaws.com/images/original/35/35a1e1e7.jpg
abo-B07VX41MPR	8	https://amazon-berkeley-objects.s3.amazonaws.com/images/original/08/086f5c0d.jpg
abo-B07VX431NK	1	https://amazon-berkeley-objects.s3.amazonaws.com/images/original/3e/3e9704be.jpg
abo-B07VX431NK	2	https://amazon-berkeley-objects.s3.amazonaws.com/images/original/be/bebb1e34.jpg
abo-B07VX431NK	3	https://amazon-berkeley-objects.s3.amazonaws.com/images/original/67/67759719.jpg
abo-B07VX431NK	4	https://amazon-berkeley-objects.s3.amazonaws.com/images/original/16/16fcd08f.jpg
abo-B07VX431NK	5	https://amazon-berkeley-objects.s3.amazonaws.com/images/original/d1/d1b9bd87.jpg
abo-B07VX431NK	6	https://amazon-berkeley-objects.s3.amazonaws.com/images/original/b2/b209204a.jpg
abo-B07VX431NK	7	https://amazon-berkeley-objects.s3.amazonaws.com/images/original/47/471192ef.jpg
abo-B07VX431NK	8	https://amazon-berkeley-objects.s3.amazonaws.com/images/original/dc/dc7f782b.jpg
abo-B07VX431QW	1	https://amazon-berkeley-objects.s3.amazonaws.com/images/original/cb/cbd9f9ae.jpg
abo-B07VX431QW	2	https://amazon-berkeley-objects.s3.amazonaws.com/images/original/43/43b16418.jpg
abo-B07VX431QW	3	https://amazon-berkeley-objects.s3.amazonaws.com/images/original/11/11cb35a1.jpg
abo-B07VX431QW	4	https://amazon-berkeley-objects.s3.amazonaws.com/images/original/b6/b6d995b5.jpg
abo-B07VX431QW	5	https://amazon-berkeley-objects.s3.amazonaws.com/images/original/d7/d7f076a1.jpg
abo-B07VX431QW	6	https://amazon-berkeley-objects.s3.amazonaws.com/images/original/a0/a0d4485a.jpg
abo-B07VX431QW	7	https://amazon-berkeley-objects.s3.amazonaws.com/images/original/f3/f3fd8f45.jpg
abo-B07VX431QW	8	https://amazon-berkeley-objects.s3.amazonaws.com/images/original/4b/4baff0c5.jpg
abo-B07VX43R7N	1	https://amazon-berkeley-objects.s3.amazonaws.com/images/original/91/91e9d61a.jpg
abo-B07VX43R7N	2	https://amazon-berkeley-objects.s3.amazonaws.com/images/original/b5/b52b33b1.jpg
abo-B07VX43R7N	3	https://amazon-berkeley-objects.s3.amazonaws.com/images/original/a7/a7320a3c.jpg
abo-B07VX43R7N	4	https://amazon-berkeley-objects.s3.amazonaws.com/images/original/51/51f2282f.jpg
abo-B07VX43R7N	5	https://amazon-berkeley-objects.s3.amazonaws.com/images/original/68/686fba60.jpg
abo-B07VX43R7N	6	https://amazon-berkeley-objects.s3.amazonaws.com/images/original/ee/ee76821b.jpg
abo-B07VX43R7N	7	https://amazon-berkeley-objects.s3.amazonaws.com/images/original/8e/8e52cf4c.jpg
abo-B07VX43R7N	8	https://amazon-berkeley-objects.s3.amazonaws.com/images/original/69/694aac73.jpg
abo-B07VX5VC9D	1	https://amazon-berkeley-objects.s3.amazonaws.com/images/original/6f/6f593e1c.jpg
abo-B07VX5VC9D	2	https://amazon-berkeley-objects.s3.amazonaws.com/images/original/c1/c1786f74.jpg
abo-B07VX5VC9D	3	https://amazon-berkeley-objects.s3.amazonaws.com/images/original/c2/c2322de6.jpg
abo-B07VX9RBXC	1	https://amazon-berkeley-objects.s3.amazonaws.com/images/original/03/0363a6f6.jpg
abo-B07VX9RBXC	2	https://amazon-berkeley-objects.s3.amazonaws.com/images/original/72/72d3fd28.jpg
abo-B07VX9RBXC	3	https://amazon-berkeley-objects.s3.amazonaws.com/images/original/28/2867bf0d.jpg
abo-B07VX9RBXC	4	https://amazon-berkeley-objects.s3.amazonaws.com/images/original/fb/fb098f91.jpg
abo-B07VXFDHLR	1	https://amazon-berkeley-objects.s3.amazonaws.com/images/original/d3/d322e3c6.jpg
abo-B07VXFDHLR	2	https://amazon-berkeley-objects.s3.amazonaws.com/images/original/59/59f4234d.jpg
abo-B07VXRDYBQ	1	https://amazon-berkeley-objects.s3.amazonaws.com/images/original/b0/b07189e1.jpg
abo-B07VXRDYBQ	2	https://amazon-berkeley-objects.s3.amazonaws.com/images/original/34/34946319.jpg
abo-B07VXRDYBQ	3	https://amazon-berkeley-objects.s3.amazonaws.com/images/original/e7/e73e8dd4.jpg
abo-B07VXRDYBQ	4	https://amazon-berkeley-objects.s3.amazonaws.com/images/original/b1/b1b8fbf5.jpg
abo-B07VY3ZDH4	1	https://amazon-berkeley-objects.s3.amazonaws.com/images/original/f2/f2bb6217.jpg
abo-B07VY3ZDH4	2	https://amazon-berkeley-objects.s3.amazonaws.com/images/original/a1/a10d7daa.jpg
abo-B07VY3ZDH4	3	https://amazon-berkeley-objects.s3.amazonaws.com/images/original/e6/e613d9c5.jpg
abo-B07VY3ZDH4	4	https://amazon-berkeley-objects.s3.amazonaws.com/images/original/7e/7ee6a1c1.jpg
abo-B07VY41YHM	1	https://amazon-berkeley-objects.s3.amazonaws.com/images/original/3a/3a2f856c.jpg
abo-B07VY41YHM	2	https://amazon-berkeley-objects.s3.amazonaws.com/images/original/ac/ac92735b.jpg
abo-B07VY41YHM	3	https://amazon-berkeley-objects.s3.amazonaws.com/images/original/d7/d72d0883.jpg
abo-B07VY41YHM	4	https://amazon-berkeley-objects.s3.amazonaws.com/images/original/0b/0b2076ad.jpg
abo-B07VY421KJ	1	https://amazon-berkeley-objects.s3.amazonaws.com/images/original/5c/5cb279a0.jpg
abo-B07VY421KJ	2	https://amazon-berkeley-objects.s3.amazonaws.com/images/original/25/25bda26a.jpg
abo-B07VY421KJ	3	https://amazon-berkeley-objects.s3.amazonaws.com/images/original/2d/2d20631c.jpg
abo-B07VY421KJ	4	https://amazon-berkeley-objects.s3.amazonaws.com/images/original/a8/a82845ce.jpg
abo-B07VY421KJ	5	https://amazon-berkeley-objects.s3.amazonaws.com/images/original/57/57b546c9.jpg
abo-B07VY421KJ	6	https://amazon-berkeley-objects.s3.amazonaws.com/images/original/48/48222eee.jpg
abo-B07VY421KJ	7	https://amazon-berkeley-objects.s3.amazonaws.com/images/original/24/2474e59c.jpg
abo-B07VY421KJ	8	https://amazon-berkeley-objects.s3.amazonaws.com/images/original/c8/c85181ca.jpg
abo-B07VYXZTDV	1	https://amazon-berkeley-objects.s3.amazonaws.com/images/original/fe/fe8a1506.jpg
abo-B07VYXZTDV	2	https://amazon-berkeley-objects.s3.amazonaws.com/images/original/38/3886c81d.jpg
abo-B07VYXZTDV	3	https://amazon-berkeley-objects.s3.amazonaws.com/images/original/55/55c6e21f.jpg
abo-B07VZ72KNT	1	https://amazon-berkeley-objects.s3.amazonaws.com/images/original/82/82ce7a49.jpg
abo-B07VZ72KNT	2	https://amazon-berkeley-objects.s3.amazonaws.com/images/original/36/36a2a977.jpg
abo-B07VZ72KNT	3	https://amazon-berkeley-objects.s3.amazonaws.com/images/original/a3/a30866b3.jpg
abo-B07VZ72KNT	4	https://amazon-berkeley-objects.s3.amazonaws.com/images/original/e7/e73e8dd4.jpg
abo-B07VZ7VX95	1	https://amazon-berkeley-objects.s3.amazonaws.com/images/original/2b/2b283980.jpg
abo-B07VZ7VX95	2	https://amazon-berkeley-objects.s3.amazonaws.com/images/original/c5/c57d1178.jpg
abo-B07VZQ5YNK	1	https://amazon-berkeley-objects.s3.amazonaws.com/images/original/8e/8ece9e88.jpg
abo-B07VZQ5YNK	2	https://amazon-berkeley-objects.s3.amazonaws.com/images/original/3e/3e4de939.jpg
abo-B07VZQ5YNK	3	https://amazon-berkeley-objects.s3.amazonaws.com/images/original/83/833506b6.jpg
abo-B07VZQ5YNK	4	https://amazon-berkeley-objects.s3.amazonaws.com/images/original/f2/f2c1f7e4.jpg
abo-B07VZRK4B7	1	https://amazon-berkeley-objects.s3.amazonaws.com/images/original/ad/adb2edcc.jpg
abo-B07VZRK4B7	2	https://amazon-berkeley-objects.s3.amazonaws.com/images/original/73/73374cc0.jpg
abo-B07VZRK4B7	3	https://amazon-berkeley-objects.s3.amazonaws.com/images/original/0f/0ffd85f7.jpg
abo-B07VZRK4B7	4	https://amazon-berkeley-objects.s3.amazonaws.com/images/original/55/5560074c.jpg
abo-B07VZXYNZB	1	https://amazon-berkeley-objects.s3.amazonaws.com/images/original/7d/7d0a761e.jpg
abo-B07VZXYNZB	2	https://amazon-berkeley-objects.s3.amazonaws.com/images/original/2a/2a1702a4.jpg
abo-B07VZXYNZB	3	https://amazon-berkeley-objects.s3.amazonaws.com/images/original/09/09cb06af.jpg
abo-B07W19CJKW	1	https://amazon-berkeley-objects.s3.amazonaws.com/images/original/1a/1a0a816e.jpg
abo-B07W19CJKW	2	https://amazon-berkeley-objects.s3.amazonaws.com/images/original/0b/0bbfa858.jpg
abo-B07W19CJKW	3	https://amazon-berkeley-objects.s3.amazonaws.com/images/original/55/555cedaa.jpg
abo-B07W19CJKW	4	https://amazon-berkeley-objects.s3.amazonaws.com/images/original/bc/bc97bf11.jpg
abo-B07W19CJKW	5	https://amazon-berkeley-objects.s3.amazonaws.com/images/original/ce/ce39aa8a.jpg
abo-B07W19CJKW	6	https://amazon-berkeley-objects.s3.amazonaws.com/images/original/7d/7d19af09.jpg
abo-B07W19CJKW	7	https://amazon-berkeley-objects.s3.amazonaws.com/images/original/b1/b1cc1bd9.jpg
abo-B07W19CJKW	8	https://amazon-berkeley-objects.s3.amazonaws.com/images/original/9a/9a14ea8a.jpg
abo-B07W19ZHX4	1	https://amazon-berkeley-objects.s3.amazonaws.com/images/original/87/872d9457.jpg
abo-B07W19ZHX4	2	https://amazon-berkeley-objects.s3.amazonaws.com/images/original/e1/e1435b4d.jpg
abo-B07W19ZHX4	3	https://amazon-berkeley-objects.s3.amazonaws.com/images/original/7f/7f061204.jpg
abo-B07W19ZHX4	4	https://amazon-berkeley-objects.s3.amazonaws.com/images/original/0f/0f5429f6.jpg
abo-B07W19ZHX4	5	https://amazon-berkeley-objects.s3.amazonaws.com/images/original/f4/f44fcdc4.jpg
abo-B07W19ZHX4	6	https://amazon-berkeley-objects.s3.amazonaws.com/images/original/b8/b8da3b3d.jpg
abo-B07W19ZHX4	7	https://amazon-berkeley-objects.s3.amazonaws.com/images/original/74/74becebd.jpg
abo-B07W19ZHX4	8	https://amazon-berkeley-objects.s3.amazonaws.com/images/original/4a/4aa9021a.jpg
abo-B07W1BK4PX	1	https://amazon-berkeley-objects.s3.amazonaws.com/images/original/62/6297edee.jpg
abo-B07W1BK4PX	2	https://amazon-berkeley-objects.s3.amazonaws.com/images/original/ff/ff357fe4.jpg
abo-B07W1BK4PX	3	https://amazon-berkeley-objects.s3.amazonaws.com/images/original/fd/fd79d735.jpg
abo-B07W1BK4PX	4	https://amazon-berkeley-objects.s3.amazonaws.com/images/original/8d/8de3cc1e.jpg
abo-B07W1BK4PX	5	https://amazon-berkeley-objects.s3.amazonaws.com/images/original/eb/ebcf52c1.jpg
abo-B07W1BK4PX	6	https://amazon-berkeley-objects.s3.amazonaws.com/images/original/2e/2e23cde3.jpg
abo-B07W1BK4PX	7	https://amazon-berkeley-objects.s3.amazonaws.com/images/original/ec/ec23c7d1.jpg
abo-B07W1BK4PX	8	https://amazon-berkeley-objects.s3.amazonaws.com/images/original/57/57d40e07.jpg
abo-B07W1BKTHF	1	https://amazon-berkeley-objects.s3.amazonaws.com/images/original/97/97144f3f.jpg
abo-B07W1BKTHF	2	https://amazon-berkeley-objects.s3.amazonaws.com/images/original/60/6075d22c.jpg
abo-B07W1BKTHF	3	https://amazon-berkeley-objects.s3.amazonaws.com/images/original/c0/c0b11f66.jpg
abo-B07W1BKTHF	4	https://amazon-berkeley-objects.s3.amazonaws.com/images/original/b5/b5a6a107.jpg
abo-B07W1BL1W6	1	https://amazon-berkeley-objects.s3.amazonaws.com/images/original/62/62b14bfc.jpg
abo-B07W1BL1W6	2	https://amazon-berkeley-objects.s3.amazonaws.com/images/original/83/836973ce.jpg
abo-B07W1BL1W6	3	https://amazon-berkeley-objects.s3.amazonaws.com/images/original/c6/c6bcf222.jpg
abo-B07W1BL1W6	4	https://amazon-berkeley-objects.s3.amazonaws.com/images/original/2d/2d860797.jpg
abo-B07W1BL1W6	5	https://amazon-berkeley-objects.s3.amazonaws.com/images/original/5d/5d75ae68.jpg
abo-B07W1BL1W6	6	https://amazon-berkeley-objects.s3.amazonaws.com/images/original/8f/8f87679d.jpg
abo-B07W1BL1W6	7	https://amazon-berkeley-objects.s3.amazonaws.com/images/original/51/516f6d83.jpg
abo-B07W1BL1W6	8	https://amazon-berkeley-objects.s3.amazonaws.com/images/original/7e/7eaf6d0c.jpg
abo-B07W1BL3RH	1	https://amazon-berkeley-objects.s3.amazonaws.com/images/original/46/46cdeff6.jpg
abo-B07W1BL3RH	2	https://amazon-berkeley-objects.s3.amazonaws.com/images/original/de/de5335dd.jpg
abo-B07W1BL3RH	3	https://amazon-berkeley-objects.s3.amazonaws.com/images/original/38/38770bc3.jpg
abo-B07W1BL3RH	4	https://amazon-berkeley-objects.s3.amazonaws.com/images/original/95/957e90d5.jpg
abo-B07W1BL3RH	5	https://amazon-berkeley-objects.s3.amazonaws.com/images/original/3c/3c45306a.jpg
abo-B07W1BL3RH	6	https://amazon-berkeley-objects.s3.amazonaws.com/images/original/75/75bb3859.jpg
abo-B07W1BL3RH	7	https://amazon-berkeley-objects.s3.amazonaws.com/images/original/9e/9e9fb18b.jpg
abo-B07W1BL3RH	8	https://amazon-berkeley-objects.s3.amazonaws.com/images/original/3c/3c039487.jpg
abo-B07W1G9TCD	1	https://amazon-berkeley-objects.s3.amazonaws.com/images/original/c3/c3b0ec7d.jpg
abo-B07W1G9TCD	2	https://amazon-berkeley-objects.s3.amazonaws.com/images/original/72/724493dd.jpg
abo-B07W1RLG91	1	https://amazon-berkeley-objects.s3.amazonaws.com/images/original/af/afb57873.jpg
abo-B07W1RLG91	2	https://amazon-berkeley-objects.s3.amazonaws.com/images/original/d7/d7c3a4c4.jpg
abo-B07W1RLG91	3	https://amazon-berkeley-objects.s3.amazonaws.com/images/original/54/5404328a.jpg
abo-B07W1RLG91	4	https://amazon-berkeley-objects.s3.amazonaws.com/images/original/16/1600d9b5.jpg
abo-B07W3BXNMP	1	https://amazon-berkeley-objects.s3.amazonaws.com/images/original/10/10677770.jpg
abo-B07W3BXNMP	2	https://amazon-berkeley-objects.s3.amazonaws.com/images/original/06/06a3e66b.jpg
abo-B07W3BXNMP	3	https://amazon-berkeley-objects.s3.amazonaws.com/images/original/04/0422bbde.jpg
abo-B07W3BXNMP	4	https://amazon-berkeley-objects.s3.amazonaws.com/images/original/01/0191d29b.jpg
abo-B07W3BXNMP	5	https://amazon-berkeley-objects.s3.amazonaws.com/images/original/ff/ff5a0e56.jpg
abo-B07W3BXNMP	6	https://amazon-berkeley-objects.s3.amazonaws.com/images/original/98/98140ce8.jpg
abo-B07W3BXNMP	7	https://amazon-berkeley-objects.s3.amazonaws.com/images/original/88/883f6039.jpg
abo-B07W3BXNMP	8	https://amazon-berkeley-objects.s3.amazonaws.com/images/original/7b/7b11b854.jpg
abo-B07W3C6DTX	1	https://amazon-berkeley-objects.s3.amazonaws.com/images/original/28/28667f4d.jpg
abo-B07W3C6DTX	2	https://amazon-berkeley-objects.s3.amazonaws.com/images/original/ec/ec32e5dc.jpg
abo-B07W3C6DTX	3	https://amazon-berkeley-objects.s3.amazonaws.com/images/original/f6/f6e0da43.jpg
abo-B07W3C6DTX	4	https://amazon-berkeley-objects.s3.amazonaws.com/images/original/bd/bdad8bf6.jpg
abo-B07W3C6DTX	5	https://amazon-berkeley-objects.s3.amazonaws.com/images/original/2b/2b926fae.jpg
abo-B07W3C6DTX	6	https://amazon-berkeley-objects.s3.amazonaws.com/images/original/75/755351a8.jpg
abo-B07W3C6DTX	7	https://amazon-berkeley-objects.s3.amazonaws.com/images/original/ad/adeba0bf.jpg
abo-B07W3C6DTX	8	https://amazon-berkeley-objects.s3.amazonaws.com/images/original/e4/e43643e3.jpg
abo-B07W3DBL5M	1	https://amazon-berkeley-objects.s3.amazonaws.com/images/original/8a/8ab493f8.jpg
abo-B07W3DBL5M	2	https://amazon-berkeley-objects.s3.amazonaws.com/images/original/e4/e4850817.jpg
abo-B07W3DBL5M	3	https://amazon-berkeley-objects.s3.amazonaws.com/images/original/28/2827e72b.jpg
abo-B07W3DBL5M	4	https://amazon-berkeley-objects.s3.amazonaws.com/images/original/7f/7ffe14f8.jpg
abo-B07W3DBL5M	5	https://amazon-berkeley-objects.s3.amazonaws.com/images/original/ff/ff82641b.jpg
abo-B07W3DBL5M	6	https://amazon-berkeley-objects.s3.amazonaws.com/images/original/d3/d39c5208.jpg
abo-B07W3DBL5M	7	https://amazon-berkeley-objects.s3.amazonaws.com/images/original/c0/c0ef6a41.jpg
abo-B07W3DBL5M	8	https://amazon-berkeley-objects.s3.amazonaws.com/images/original/88/88d0fa8c.jpg
abo-B07W3HMKJN	1	https://amazon-berkeley-objects.s3.amazonaws.com/images/original/09/0943841b.jpg
abo-B07W3HMKJN	2	https://amazon-berkeley-objects.s3.amazonaws.com/images/original/50/50d88193.jpg
abo-B07W3HMKJN	3	https://amazon-berkeley-objects.s3.amazonaws.com/images/original/e7/e73e8dd4.jpg
abo-B07W3HMKJN	4	https://amazon-berkeley-objects.s3.amazonaws.com/images/original/79/7974a398.jpg
abo-B07W3MYF1C	1	https://amazon-berkeley-objects.s3.amazonaws.com/images/original/96/9616162f.jpg
abo-B07W3MYF1C	2	https://amazon-berkeley-objects.s3.amazonaws.com/images/original/ec/ec7f122c.jpg
abo-B07W3MYF1C	3	https://amazon-berkeley-objects.s3.amazonaws.com/images/original/27/27851cff.jpg
abo-B07W3NMFV2	1	https://amazon-berkeley-objects.s3.amazonaws.com/images/original/99/99261b37.jpg
abo-B07W3NMFV2	2	https://amazon-berkeley-objects.s3.amazonaws.com/images/original/70/703fb8d6.jpg
abo-B07W3NMFV2	3	https://amazon-berkeley-objects.s3.amazonaws.com/images/original/b9/b969c0e0.jpg
abo-B07W3NMFV2	4	https://amazon-berkeley-objects.s3.amazonaws.com/images/original/70/7010c9a7.jpg
abo-B07W3TF3FN	1	https://amazon-berkeley-objects.s3.amazonaws.com/images/original/ec/ec12b3e9.jpg
abo-B07W3TF3FN	2	https://amazon-berkeley-objects.s3.amazonaws.com/images/original/e3/e3496357.jpg
abo-B07W3WXTH8	1	https://amazon-berkeley-objects.s3.amazonaws.com/images/original/e2/e29bddd2.jpg
abo-B07W3WXTH8	2	https://amazon-berkeley-objects.s3.amazonaws.com/images/original/af/afb4c1d2.jpg
abo-B07W3ZCYN1	1	https://amazon-berkeley-objects.s3.amazonaws.com/images/original/d3/d3ac519e.jpg
abo-B07W3ZCYN1	2	https://amazon-berkeley-objects.s3.amazonaws.com/images/original/c0/c06ebb47.jpg
abo-B07W3ZCYN1	3	https://amazon-berkeley-objects.s3.amazonaws.com/images/original/e7/e780b07e.jpg
abo-B07W48JPQX	1	https://amazon-berkeley-objects.s3.amazonaws.com/images/original/9c/9c2c02ca.jpg
abo-B07W48JPQX	2	https://amazon-berkeley-objects.s3.amazonaws.com/images/original/1f/1f8f6620.jpg
abo-B07W48JPQX	3	https://amazon-berkeley-objects.s3.amazonaws.com/images/original/ab/abf957b7.jpg
abo-B07W48JPQX	4	https://amazon-berkeley-objects.s3.amazonaws.com/images/original/26/26cdd438.jpg
abo-B07W48YG15	1	https://amazon-berkeley-objects.s3.amazonaws.com/images/original/80/804c940f.jpg
abo-B07W48YG15	2	https://amazon-berkeley-objects.s3.amazonaws.com/images/original/ee/eeb98a52.jpg
abo-B07W48YG15	3	https://amazon-berkeley-objects.s3.amazonaws.com/images/original/46/46f4b699.jpg
abo-B07W48YG15	4	https://amazon-berkeley-objects.s3.amazonaws.com/images/original/49/492099ae.jpg
abo-B07W4MNJGB	1	https://amazon-berkeley-objects.s3.amazonaws.com/images/original/9d/9ddaa0d6.jpg
abo-B07W4MNJGB	2	https://amazon-berkeley-objects.s3.amazonaws.com/images/original/7d/7d4361d6.jpg
abo-B07W4MNJGB	3	https://amazon-berkeley-objects.s3.amazonaws.com/images/original/22/22a7e310.jpg
abo-B07W4MNJGB	4	https://amazon-berkeley-objects.s3.amazonaws.com/images/original/e7/e73e8dd4.jpg
abo-B07W4RZNBV	1	https://amazon-berkeley-objects.s3.amazonaws.com/images/original/0b/0b9dcbf9.jpg
abo-B07W4RZNBV	2	https://amazon-berkeley-objects.s3.amazonaws.com/images/original/e1/e10ec7b9.jpg
abo-B07W4RZNBV	3	https://amazon-berkeley-objects.s3.amazonaws.com/images/original/ac/ac0e850f.jpg
abo-B07W4X6S2K	1	https://amazon-berkeley-objects.s3.amazonaws.com/images/original/c0/c0ae2921.jpg
abo-B07W4X6S2K	2	https://amazon-berkeley-objects.s3.amazonaws.com/images/original/5c/5c1740ad.jpg
abo-B07W4X6S2K	3	https://amazon-berkeley-objects.s3.amazonaws.com/images/original/4d/4d1143e3.jpg
abo-B07W528JZG	1	https://amazon-berkeley-objects.s3.amazonaws.com/images/original/3d/3d5907d2.jpg
abo-B07W528JZG	2	https://amazon-berkeley-objects.s3.amazonaws.com/images/original/79/7974a398.jpg
abo-B07W528JZG	3	https://amazon-berkeley-objects.s3.amazonaws.com/images/original/e7/e73e8dd4.jpg
abo-B07W528JZG	4	https://amazon-berkeley-objects.s3.amazonaws.com/images/original/1b/1b071dd4.jpg
abo-B07W5BD3C4	1	https://amazon-berkeley-objects.s3.amazonaws.com/images/original/03/037642d6.jpg
abo-B07W5BD3C4	2	https://amazon-berkeley-objects.s3.amazonaws.com/images/original/a2/a287a0e9.jpg
abo-B07W5BD3C4	3	https://amazon-berkeley-objects.s3.amazonaws.com/images/original/bf/bf9f57e6.jpg
abo-B07W5J9HM5	1	https://amazon-berkeley-objects.s3.amazonaws.com/images/original/4f/4f23f90f.jpg
abo-B07W5J9HM5	2	https://amazon-berkeley-objects.s3.amazonaws.com/images/original/1c/1c9e20d7.jpg
abo-B07W5J9SYR	1	https://amazon-berkeley-objects.s3.amazonaws.com/images/original/d9/d9ba543e.jpg
abo-B07W5J9SYR	2	https://amazon-berkeley-objects.s3.amazonaws.com/images/original/3d/3d2f49f1.jpg
abo-B07W5J9SYR	3	https://amazon-berkeley-objects.s3.amazonaws.com/images/original/52/527bccd7.jpg
abo-B07W5JV9PM	1	https://amazon-berkeley-objects.s3.amazonaws.com/images/original/c9/c9aa5922.jpg
abo-B07W5JV9PM	2	https://amazon-berkeley-objects.s3.amazonaws.com/images/original/13/1395d950.jpg
abo-B07W5JV9PM	3	https://amazon-berkeley-objects.s3.amazonaws.com/images/original/22/22a7e310.jpg
abo-B07W5JV9PM	4	https://amazon-berkeley-objects.s3.amazonaws.com/images/original/e7/e73e8dd4.jpg
abo-B07W5K65D6	1	https://amazon-berkeley-objects.s3.amazonaws.com/images/original/7c/7cd4657f.jpg
abo-B07W5K65D6	2	https://amazon-berkeley-objects.s3.amazonaws.com/images/original/e1/e1a9cdd4.jpg
abo-B07W5PZFF2	1	https://amazon-berkeley-objects.s3.amazonaws.com/images/original/eb/ebc4feeb.jpg
abo-B07W5PZFF2	2	https://amazon-berkeley-objects.s3.amazonaws.com/images/original/bd/bdd7ffa9.jpg
abo-B07W5PZFF2	3	https://amazon-berkeley-objects.s3.amazonaws.com/images/original/7f/7fe5a24a.jpg
abo-B07W5PZFF2	4	https://amazon-berkeley-objects.s3.amazonaws.com/images/original/90/9011e12b.jpg
abo-B07W5QCZHB	1	https://amazon-berkeley-objects.s3.amazonaws.com/images/original/8d/8d600c3f.jpg
abo-B07W5QCZHB	2	https://amazon-berkeley-objects.s3.amazonaws.com/images/original/21/2183a5a3.jpg
abo-B07W5QCZHB	3	https://amazon-berkeley-objects.s3.amazonaws.com/images/original/ff/ff0762e3.jpg
abo-B07W5QCZHB	4	https://amazon-berkeley-objects.s3.amazonaws.com/images/original/eb/eb8e211f.jpg
abo-B07W5RLMHV	1	https://amazon-berkeley-objects.s3.amazonaws.com/images/original/e8/e8aa086c.jpg
abo-B07W5RLMHV	2	https://amazon-berkeley-objects.s3.amazonaws.com/images/original/ab/ab89d5f2.jpg
abo-B07W5RLMHV	3	https://amazon-berkeley-objects.s3.amazonaws.com/images/original/72/725f8345.jpg
abo-B07W5SR9HG	1	https://amazon-berkeley-objects.s3.amazonaws.com/images/original/22/2232b970.jpg
abo-B07W5SR9HG	2	https://amazon-berkeley-objects.s3.amazonaws.com/images/original/3b/3bc4f380.jpg
abo-B07W5WXBRK	1	https://amazon-berkeley-objects.s3.amazonaws.com/images/original/cf/cfb9b92c.jpg
abo-B07W5WXBRK	2	https://amazon-berkeley-objects.s3.amazonaws.com/images/original/86/86dc46bf.jpg
abo-B07W5WXBRK	3	https://amazon-berkeley-objects.s3.amazonaws.com/images/original/32/3283f460.jpg
abo-B07W68QZL7	1	https://amazon-berkeley-objects.s3.amazonaws.com/images/original/c6/c614403a.jpg
abo-B07W68QZL7	2	https://amazon-berkeley-objects.s3.amazonaws.com/images/original/4a/4a1ddfbb.jpg
abo-B07W6S8PQS	1	https://amazon-berkeley-objects.s3.amazonaws.com/images/original/7b/7bfc9a2c.jpg
abo-B07W6S8PQS	2	https://amazon-berkeley-objects.s3.amazonaws.com/images/original/ce/ceaacb04.jpg
abo-B07W6S8PQS	3	https://amazon-berkeley-objects.s3.amazonaws.com/images/original/60/60da8e78.jpg
abo-B07W6XKKVV	1	https://amazon-berkeley-objects.s3.amazonaws.com/images/original/79/79331cd6.jpg
abo-B07W6XKKVV	2	https://amazon-berkeley-objects.s3.amazonaws.com/images/original/12/12751247.jpg
abo-B07W6XKKVV	3	https://amazon-berkeley-objects.s3.amazonaws.com/images/original/ab/abe861d3.jpg
abo-B07W6XKKVV	4	https://amazon-berkeley-objects.s3.amazonaws.com/images/original/be/bed439ad.jpg
abo-B07W7LFJ2D	1	https://amazon-berkeley-objects.s3.amazonaws.com/images/original/f7/f748767c.jpg
abo-B07W7LFJ2D	2	https://amazon-berkeley-objects.s3.amazonaws.com/images/original/52/5239a75d.jpg
abo-B07W7LFJ2D	3	https://amazon-berkeley-objects.s3.amazonaws.com/images/original/6f/6f7ef601.jpg
abo-B07W858KVF	1	https://amazon-berkeley-objects.s3.amazonaws.com/images/original/24/24d9982e.jpg
abo-B07W858KVF	2	https://amazon-berkeley-objects.s3.amazonaws.com/images/original/cc/cca86289.jpg
abo-B07W858KVF	3	https://amazon-berkeley-objects.s3.amazonaws.com/images/original/0b/0bf9c01b.jpg
abo-B07W858KVF	4	https://amazon-berkeley-objects.s3.amazonaws.com/images/original/83/8391cec5.jpg
abo-B07W91H828	1	https://amazon-berkeley-objects.s3.amazonaws.com/images/original/df/dfb80a05.jpg
abo-B07W91H828	2	https://amazon-berkeley-objects.s3.amazonaws.com/images/original/09/09cf266f.jpg
abo-B07W91H828	3	https://amazon-berkeley-objects.s3.amazonaws.com/images/original/30/3070a53c.jpg
abo-B07W9K177Q	1	https://amazon-berkeley-objects.s3.amazonaws.com/images/original/9e/9ed337b4.jpg
abo-B07W9K177Q	2	https://amazon-berkeley-objects.s3.amazonaws.com/images/original/79/79fbcf2a.jpg
abo-B07W9K177Q	3	https://amazon-berkeley-objects.s3.amazonaws.com/images/original/d1/d18f8f7e.jpg
abo-B07W9K177Q	4	https://amazon-berkeley-objects.s3.amazonaws.com/images/original/f9/f9159dbe.jpg
abo-B07WCGT4ZH	1	https://amazon-berkeley-objects.s3.amazonaws.com/images/original/38/384bcb4a.jpg
abo-B07WCGT4ZH	2	https://amazon-berkeley-objects.s3.amazonaws.com/images/original/c4/c47f6bab.jpg
abo-B07WD52CHV	1	https://amazon-berkeley-objects.s3.amazonaws.com/images/original/24/24ac9648.jpg
abo-B07WD52CHV	2	https://amazon-berkeley-objects.s3.amazonaws.com/images/original/e5/e538d7b8.jpg
abo-B07WD52CHV	3	https://amazon-berkeley-objects.s3.amazonaws.com/images/original/14/14143498.jpg
abo-B07WD52CHV	4	https://amazon-berkeley-objects.s3.amazonaws.com/images/original/27/27ebbc84.jpg
abo-B07WF87KJQ	1	https://amazon-berkeley-objects.s3.amazonaws.com/images/original/3d/3d5907d2.jpg
abo-B07WF87KJQ	2	https://amazon-berkeley-objects.s3.amazonaws.com/images/original/79/7974a398.jpg
abo-B07WF87KJQ	3	https://amazon-berkeley-objects.s3.amazonaws.com/images/original/e7/e73e8dd4.jpg
abo-B07WF87KJQ	4	https://amazon-berkeley-objects.s3.amazonaws.com/images/original/1b/1b071dd4.jpg
abo-B07WGNT4GG	1	https://amazon-berkeley-objects.s3.amazonaws.com/images/original/0c/0cce9c4d.jpg
abo-B07WGNT4GG	2	https://amazon-berkeley-objects.s3.amazonaws.com/images/original/95/950aef0e.jpg
abo-B07WGNT4GG	3	https://amazon-berkeley-objects.s3.amazonaws.com/images/original/57/574961d9.jpg
abo-B07WGNT4GG	4	https://amazon-berkeley-objects.s3.amazonaws.com/images/original/17/1737838e.jpg
abo-B07WGWLBQT	1	https://amazon-berkeley-objects.s3.amazonaws.com/images/original/9e/9e2467f7.jpg
abo-B07WGWLBQT	2	https://amazon-berkeley-objects.s3.amazonaws.com/images/original/22/2254f6fc.jpg
abo-B07WGWLBQT	3	https://amazon-berkeley-objects.s3.amazonaws.com/images/original/e7/e73e8dd4.jpg
abo-B07WGWLBQT	4	https://amazon-berkeley-objects.s3.amazonaws.com/images/original/44/44579908.jpg
abo-B07WGWQDG7	1	https://amazon-berkeley-objects.s3.amazonaws.com/images/original/a6/a630503c.jpg
abo-B07WGWQDG7	2	https://amazon-berkeley-objects.s3.amazonaws.com/images/original/54/54b9cd4c.jpg
abo-B07WGWQDG7	3	https://amazon-berkeley-objects.s3.amazonaws.com/images/original/28/2895afcb.jpg
abo-B07WGWQDG7	4	https://amazon-berkeley-objects.s3.amazonaws.com/images/original/b5/b571925f.jpg
abo-B07WHH1345	1	https://amazon-berkeley-objects.s3.amazonaws.com/images/original/7d/7d0a761e.jpg
abo-B07WHH1345	2	https://amazon-berkeley-objects.s3.amazonaws.com/images/original/2a/2a1702a4.jpg
abo-B07WHH1345	3	https://amazon-berkeley-objects.s3.amazonaws.com/images/original/09/09cb06af.jpg
abo-B07WHKX4LR	1	https://amazon-berkeley-objects.s3.amazonaws.com/images/original/b8/b8ab5b4e.jpg
abo-B07WHKX4LR	2	https://amazon-berkeley-objects.s3.amazonaws.com/images/original/e1/e1a84511.jpg
abo-B07WHKX4LR	3	https://amazon-berkeley-objects.s3.amazonaws.com/images/original/86/8678f4eb.jpg
abo-B07WHV35D7	1	https://amazon-berkeley-objects.s3.amazonaws.com/images/original/cd/cd806556.jpg
abo-B07WHV35D7	2	https://amazon-berkeley-objects.s3.amazonaws.com/images/original/f3/f3fa8724.jpg
abo-B07WJBFJZZ	1	https://amazon-berkeley-objects.s3.amazonaws.com/images/original/3d/3d5907d2.jpg
abo-B07WJBFJZZ	2	https://amazon-berkeley-objects.s3.amazonaws.com/images/original/79/7974a398.jpg
abo-B07WJBFJZZ	3	https://amazon-berkeley-objects.s3.amazonaws.com/images/original/e7/e73e8dd4.jpg
abo-B07WJBFJZZ	4	https://amazon-berkeley-objects.s3.amazonaws.com/images/original/1b/1b071dd4.jpg
abo-B07WJCVHZ9	1	https://amazon-berkeley-objects.s3.amazonaws.com/images/original/a8/a84856fa.jpg
abo-B07WJCVHZ9	2	https://amazon-berkeley-objects.s3.amazonaws.com/images/original/b9/b9b80031.jpg
abo-B07WJWRDFW	1	https://amazon-berkeley-objects.s3.amazonaws.com/images/original/b1/b1ba0ec7.jpg
abo-B07WJWRDFW	2	https://amazon-berkeley-objects.s3.amazonaws.com/images/original/95/950aef0e.jpg
abo-B07WJWRDFW	3	https://amazon-berkeley-objects.s3.amazonaws.com/images/original/36/3651c7c1.jpg
abo-B07WJWRDFW	4	https://amazon-berkeley-objects.s3.amazonaws.com/images/original/88/88d6f726.jpg
abo-B07WLY37JQ	1	https://amazon-berkeley-objects.s3.amazonaws.com/images/original/34/347bdcdc.jpg
abo-B07WLY37JQ	2	https://amazon-berkeley-objects.s3.amazonaws.com/images/original/20/203af37c.jpg
abo-B07WLY37JQ	3	https://amazon-berkeley-objects.s3.amazonaws.com/images/original/27/271ca7ba.jpg
abo-B07WNNH5YG	1	https://amazon-berkeley-objects.s3.amazonaws.com/images/original/e4/e4807257.jpg
abo-B07WNNH5YG	2	https://amazon-berkeley-objects.s3.amazonaws.com/images/original/e3/e3b507e0.jpg
abo-B07WNNH5YG	3	https://amazon-berkeley-objects.s3.amazonaws.com/images/original/94/94350f5f.jpg
abo-B07WNNH5YG	4	https://amazon-berkeley-objects.s3.amazonaws.com/images/original/f8/f82cd34e.jpg
abo-B07WP6CSJ1	1	https://amazon-berkeley-objects.s3.amazonaws.com/images/original/1b/1b8114d1.jpg
abo-B07WP6CSJ1	2	https://amazon-berkeley-objects.s3.amazonaws.com/images/original/48/4818a106.jpg
abo-B07WP6CSJ1	3	https://amazon-berkeley-objects.s3.amazonaws.com/images/original/77/771a69c1.jpg
abo-B07WP6CSJ1	4	https://amazon-berkeley-objects.s3.amazonaws.com/images/original/e7/e73e8dd4.jpg
abo-B07WPM4H5C	1	https://amazon-berkeley-objects.s3.amazonaws.com/images/original/d2/d2f0e81d.jpg
abo-B07WPM4H5C	2	https://amazon-berkeley-objects.s3.amazonaws.com/images/original/21/2139c6dc.jpg
abo-B07WPM4H5C	3	https://amazon-berkeley-objects.s3.amazonaws.com/images/original/d0/d0e6303e.jpg
abo-B07WPM4H5C	4	https://amazon-berkeley-objects.s3.amazonaws.com/images/original/e7/e73e8dd4.jpg
abo-B07WQ4VQ74	1	https://amazon-berkeley-objects.s3.amazonaws.com/images/original/6c/6cdc42e3.jpg
abo-B07WQ4VQ74	2	https://amazon-berkeley-objects.s3.amazonaws.com/images/original/95/950aef0e.jpg
abo-B07WQ4VQ74	3	https://amazon-berkeley-objects.s3.amazonaws.com/images/original/25/252188d6.jpg
abo-B07WQ4VQ74	4	https://amazon-berkeley-objects.s3.amazonaws.com/images/original/fc/fc18ec0a.jpg
abo-B07WRKLSJR	1	https://amazon-berkeley-objects.s3.amazonaws.com/images/original/c7/c74fd924.jpg
abo-B07WRKLSJR	2	https://amazon-berkeley-objects.s3.amazonaws.com/images/original/ec/eccd61f3.jpg
abo-B07WRKLSJR	3	https://amazon-berkeley-objects.s3.amazonaws.com/images/original/d4/d4dda26c.jpg
abo-B07WRKLSJR	4	https://amazon-berkeley-objects.s3.amazonaws.com/images/original/f6/f6f6ec0e.jpg
abo-B07WRV83HY	1	https://amazon-berkeley-objects.s3.amazonaws.com/images/original/43/43236241.jpg
abo-B07WRV83HY	2	https://amazon-berkeley-objects.s3.amazonaws.com/images/original/fc/fc6d634a.jpg
abo-B07WRV83HY	3	https://amazon-berkeley-objects.s3.amazonaws.com/images/original/0d/0d0960f5.jpg
abo-B07WRV83HY	4	https://amazon-berkeley-objects.s3.amazonaws.com/images/original/4c/4cf213ff.jpg
abo-B07WSFZWBF	1	https://amazon-berkeley-objects.s3.amazonaws.com/images/original/63/63d9817a.jpg
abo-B07WSFZWBF	2	https://amazon-berkeley-objects.s3.amazonaws.com/images/original/10/10f99d2b.jpg
abo-B07WSFZWBF	3	https://amazon-berkeley-objects.s3.amazonaws.com/images/original/ca/ca8e1046.jpg
abo-B07WSFZWBF	4	https://amazon-berkeley-objects.s3.amazonaws.com/images/original/2e/2eb80702.jpg
abo-B07WSXD75G	1	https://amazon-berkeley-objects.s3.amazonaws.com/images/original/50/508c62b9.jpg
abo-B07WSXD75G	2	https://amazon-berkeley-objects.s3.amazonaws.com/images/original/5c/5c3b1621.jpg
abo-B07WTFJGRG	1	https://amazon-berkeley-objects.s3.amazonaws.com/images/original/f3/f3f3f285.jpg
abo-B07WTFJGRG	2	https://amazon-berkeley-objects.s3.amazonaws.com/images/original/46/46171972.jpg
abo-B07WTFJGRG	3	https://amazon-berkeley-objects.s3.amazonaws.com/images/original/b6/b6821c0b.jpg
abo-B07WTFJGRG	4	https://amazon-berkeley-objects.s3.amazonaws.com/images/original/17/174e8792.jpg
abo-B07WWCMJ1C	1	https://amazon-berkeley-objects.s3.amazonaws.com/images/original/d0/d0d4d7de.jpg
abo-B07WWCMJ1C	2	https://amazon-berkeley-objects.s3.amazonaws.com/images/original/90/90faad1d.jpg
abo-B07WWCMJ1C	3	https://amazon-berkeley-objects.s3.amazonaws.com/images/original/07/0789f984.jpg
abo-B07WWCMJ1C	4	https://amazon-berkeley-objects.s3.amazonaws.com/images/original/39/39b104d2.jpg
abo-B07WX34Z9X	1	https://amazon-berkeley-objects.s3.amazonaws.com/images/original/c4/c43ef3cb.jpg
abo-B07WX34Z9X	2	https://amazon-berkeley-objects.s3.amazonaws.com/images/original/89/89fab180.jpg
abo-B07WX34Z9X	3	https://amazon-berkeley-objects.s3.amazonaws.com/images/original/c4/c4511cd2.jpg
abo-B07WX34Z9X	4	https://amazon-berkeley-objects.s3.amazonaws.com/images/original/02/0261ec05.jpg
abo-B07WX34Z9X	5	https://amazon-berkeley-objects.s3.amazonaws.com/images/original/3d/3d9f8175.jpg
abo-B07WX34Z9X	6	https://amazon-berkeley-objects.s3.amazonaws.com/images/original/78/78691e3d.jpg
abo-B07WX34Z9X	7	https://amazon-berkeley-objects.s3.amazonaws.com/images/original/46/46a9ec60.jpg
abo-B07WX34Z9X	8	https://amazon-berkeley-objects.s3.amazonaws.com/images/original/41/41105cfe.jpg
abo-B07WXJ7ZM2	1	https://amazon-berkeley-objects.s3.amazonaws.com/images/original/c8/c8c6d83e.jpg
abo-B07WXJ7ZM2	2	https://amazon-berkeley-objects.s3.amazonaws.com/images/original/88/88777193.jpg
abo-B07WZPKK95	1	https://amazon-berkeley-objects.s3.amazonaws.com/images/original/47/47b156f6.jpg
abo-B07WZPKK95	2	https://amazon-berkeley-objects.s3.amazonaws.com/images/original/13/1396f19d.jpg
abo-B07WZPKK95	3	https://amazon-berkeley-objects.s3.amazonaws.com/images/original/0f/0f8d39a6.jpg
abo-B07WZT27W5	1	https://amazon-berkeley-objects.s3.amazonaws.com/images/original/f1/f1bec26a.jpg
abo-B07WZT27W5	2	https://amazon-berkeley-objects.s3.amazonaws.com/images/original/62/62630ac7.jpg
abo-B07WZT27W5	3	https://amazon-berkeley-objects.s3.amazonaws.com/images/original/36/3664be0c.jpg
abo-B07WZT27W5	4	https://amazon-berkeley-objects.s3.amazonaws.com/images/original/5b/5b870aa8.jpg
abo-B07X1ZZB7P	1	https://amazon-berkeley-objects.s3.amazonaws.com/images/original/b6/b6a2854b.jpg
abo-B07X1ZZB7P	2	https://amazon-berkeley-objects.s3.amazonaws.com/images/original/d9/d93f8a61.jpg
abo-B07X1ZZB7P	3	https://amazon-berkeley-objects.s3.amazonaws.com/images/original/ed/ed4a67b4.jpg
abo-B07X2T4DPX	1	https://amazon-berkeley-objects.s3.amazonaws.com/images/original/eb/ebd4a2a8.jpg
abo-B07X2T4DPX	2	https://amazon-berkeley-objects.s3.amazonaws.com/images/original/9e/9e036be9.jpg
abo-B07X2T4DPX	3	https://amazon-berkeley-objects.s3.amazonaws.com/images/original/f8/f8eaca2c.jpg
abo-B07X2XL9ZW	1	https://amazon-berkeley-objects.s3.amazonaws.com/images/original/91/91dda487.jpg
abo-B07X2XL9ZW	2	https://amazon-berkeley-objects.s3.amazonaws.com/images/original/ad/ade70977.jpg
abo-B07X2XL9ZW	3	https://amazon-berkeley-objects.s3.amazonaws.com/images/original/4a/4a56a875.jpg
abo-B07X2XL9ZW	4	https://amazon-berkeley-objects.s3.amazonaws.com/images/original/0d/0d6184b3.jpg
abo-B07X3Y3DX1	1	https://amazon-berkeley-objects.s3.amazonaws.com/images/original/98/984c346e.jpg
abo-B07X3Y3DX1	2	https://amazon-berkeley-objects.s3.amazonaws.com/images/original/7b/7bf3514f.jpg
abo-B07X3Y3DX1	3	https://amazon-berkeley-objects.s3.amazonaws.com/images/original/b7/b75a7850.jpg
abo-B07X3Y3DX1	4	https://amazon-berkeley-objects.s3.amazonaws.com/images/original/57/57f112ac.jpg
abo-B07X4BBRHZ	1	https://amazon-berkeley-objects.s3.amazonaws.com/images/original/05/0565b633.jpg
abo-B07X4BBRHZ	2	https://amazon-berkeley-objects.s3.amazonaws.com/images/original/95/95172e52.jpg
abo-B07X4BBRHZ	3	https://amazon-berkeley-objects.s3.amazonaws.com/images/original/a3/a30866b3.jpg
abo-B07X4BBRHZ	4	https://amazon-berkeley-objects.s3.amazonaws.com/images/original/e7/e73e8dd4.jpg
abo-B07X51KY61	1	https://amazon-berkeley-objects.s3.amazonaws.com/images/original/35/352c0e7f.jpg
abo-B07X51KY61	2	https://amazon-berkeley-objects.s3.amazonaws.com/images/original/21/2139c6dc.jpg
abo-B07X51KY61	3	https://amazon-berkeley-objects.s3.amazonaws.com/images/original/97/9739fcda.jpg
abo-B07X51KY61	4	https://amazon-berkeley-objects.s3.amazonaws.com/images/original/e7/e73e8dd4.jpg
abo-B07X6RZZCS	1	https://amazon-berkeley-objects.s3.amazonaws.com/images/original/d3/d322e3c6.jpg
abo-B07X6RZZCS	2	https://amazon-berkeley-objects.s3.amazonaws.com/images/original/59/59f4234d.jpg
abo-B07X8ND9G1	1	https://amazon-berkeley-objects.s3.amazonaws.com/images/original/9f/9f034114.jpg
abo-B07X8ND9G1	2	https://amazon-berkeley-objects.s3.amazonaws.com/images/original/d3/d32c4c85.jpg
abo-B07X8ND9G1	3	https://amazon-berkeley-objects.s3.amazonaws.com/images/original/14/14cc7114.jpg
abo-B07X8ND9G1	4	https://amazon-berkeley-objects.s3.amazonaws.com/images/original/a7/a78aa293.jpg
abo-B07X8ND9G1	5	https://amazon-berkeley-objects.s3.amazonaws.com/images/original/1a/1aa76bcc.jpg
abo-B07X8ND9G1	6	https://amazon-berkeley-objects.s3.amazonaws.com/images/original/48/48571edd.jpg
abo-B07X8ND9G1	7	https://amazon-berkeley-objects.s3.amazonaws.com/images/original/c4/c48bb39b.jpg
abo-B07X8ND9G1	8	https://amazon-berkeley-objects.s3.amazonaws.com/images/original/1a/1a53380d.jpg
abo-B07X8NDR5T	1	https://amazon-berkeley-objects.s3.amazonaws.com/images/original/6f/6f0eeb1a.jpg
abo-B07X8NDR5T	2	https://amazon-berkeley-objects.s3.amazonaws.com/images/original/b6/b6bb368d.jpg
abo-B07X8NDR5T	3	https://amazon-berkeley-objects.s3.amazonaws.com/images/original/bb/bb37094a.jpg
abo-B07X8NDR5T	4	https://amazon-berkeley-objects.s3.amazonaws.com/images/original/03/03749d57.jpg
abo-B07X8NDR5T	5	https://amazon-berkeley-objects.s3.amazonaws.com/images/original/cc/ccd9b01b.jpg
abo-B07X8NDR5T	6	https://amazon-berkeley-objects.s3.amazonaws.com/images/original/e8/e8addfbb.jpg
abo-B07X8NDR5T	7	https://amazon-berkeley-objects.s3.amazonaws.com/images/original/04/04580731.jpg
abo-B07X8NDR5T	8	https://amazon-berkeley-objects.s3.amazonaws.com/images/original/28/2862782a.jpg
abo-B07X8STWBM	1	https://amazon-berkeley-objects.s3.amazonaws.com/images/original/95/95ffafc6.jpg
abo-B07X8STWBM	2	https://amazon-berkeley-objects.s3.amazonaws.com/images/original/29/2909627c.jpg
abo-B07X8STWBM	3	https://amazon-berkeley-objects.s3.amazonaws.com/images/original/99/99ac8727.jpg
abo-B07X96YN12	1	https://amazon-berkeley-objects.s3.amazonaws.com/images/original/9a/9ad8308b.jpg
abo-B07X96YN12	2	https://amazon-berkeley-objects.s3.amazonaws.com/images/original/bf/bf2d9b13.jpg
abo-B07XBB6LTY	1	https://amazon-berkeley-objects.s3.amazonaws.com/images/original/bf/bf183c0a.jpg
abo-B07XBB6LTY	2	https://amazon-berkeley-objects.s3.amazonaws.com/images/original/ed/ed89e112.jpg
abo-B07XBB6LTY	3	https://amazon-berkeley-objects.s3.amazonaws.com/images/original/c4/c401f236.jpg
abo-B07XBRRJ3H	1	https://amazon-berkeley-objects.s3.amazonaws.com/images/original/ac/ac193ac7.jpg
abo-B07XBRRJ3H	2	https://amazon-berkeley-objects.s3.amazonaws.com/images/original/fb/fb1280ce.jpg
abo-B07XBRRJ3H	3	https://amazon-berkeley-objects.s3.amazonaws.com/images/original/9a/9aec5914.jpg
abo-B07XBRRJ3H	4	https://amazon-berkeley-objects.s3.amazonaws.com/images/original/2b/2b4ffd2e.jpg
abo-B07XBRRJ3H	5	https://amazon-berkeley-objects.s3.amazonaws.com/images/original/0d/0d86f93b.jpg
abo-B07XBRRJ3H	6	https://amazon-berkeley-objects.s3.amazonaws.com/images/original/53/533ed00c.jpg
abo-B07XBRRJ3H	7	https://amazon-berkeley-objects.s3.amazonaws.com/images/original/d9/d956d3a2.jpg
abo-B07XBRRJ3H	8	https://amazon-berkeley-objects.s3.amazonaws.com/images/original/56/5699fc72.jpg
abo-B07XCT8NG5	1	https://amazon-berkeley-objects.s3.amazonaws.com/images/original/04/045652a8.jpg
abo-B07XCT8NG5	2	https://amazon-berkeley-objects.s3.amazonaws.com/images/original/b3/b312e359.jpg
abo-B07XCT8NG5	3	https://amazon-berkeley-objects.s3.amazonaws.com/images/original/80/80968c37.jpg
abo-B07XCT8NG5	4	https://amazon-berkeley-objects.s3.amazonaws.com/images/original/e7/e73e8dd4.jpg
abo-B07XCVXGPG	1	https://amazon-berkeley-objects.s3.amazonaws.com/images/original/7e/7e0b9084.jpg
abo-B07XCVXGPG	2	https://amazon-berkeley-objects.s3.amazonaws.com/images/original/d1/d119078d.jpg
abo-B07XCVXGPG	3	https://amazon-berkeley-objects.s3.amazonaws.com/images/original/67/6732a263.jpg
abo-B07XCVXGPG	4	https://amazon-berkeley-objects.s3.amazonaws.com/images/original/1a/1a657c1f.jpg
abo-B07XCVXGPG	5	https://amazon-berkeley-objects.s3.amazonaws.com/images/original/8b/8b71d0c3.jpg
abo-B07XCVXGPG	6	https://amazon-berkeley-objects.s3.amazonaws.com/images/original/7f/7fb3d587.jpg
abo-B07XCVXGPG	7	https://amazon-berkeley-objects.s3.amazonaws.com/images/original/44/44c82c45.jpg
abo-B07XCVXGPG	8	https://amazon-berkeley-objects.s3.amazonaws.com/images/original/0e/0ed6730e.jpg
abo-B07XCY6YMM	1	https://amazon-berkeley-objects.s3.amazonaws.com/images/original/9b/9b0f68a2.jpg
abo-B07XCY6YMM	2	https://amazon-berkeley-objects.s3.amazonaws.com/images/original/56/56992f24.jpg
abo-B07XCY6YMM	3	https://amazon-berkeley-objects.s3.amazonaws.com/images/original/c7/c7d1f3aa.jpg
abo-B07XCY6YMM	4	https://amazon-berkeley-objects.s3.amazonaws.com/images/original/3f/3f6e09ec.jpg
abo-B07XCYKM3L	1	https://amazon-berkeley-objects.s3.amazonaws.com/images/original/bb/bb819884.jpg
abo-B07XCYKM3L	2	https://amazon-berkeley-objects.s3.amazonaws.com/images/original/78/785203bd.jpg
abo-B07XDQWFMX	1	https://amazon-berkeley-objects.s3.amazonaws.com/images/original/d3/d3b46e9e.jpg
abo-B07XDQWFMX	2	https://amazon-berkeley-objects.s3.amazonaws.com/images/original/39/39eb96db.jpg
abo-B07XDQWFMX	3	https://amazon-berkeley-objects.s3.amazonaws.com/images/original/a6/a68c6485.jpg
abo-B07XDQWFMX	4	https://amazon-berkeley-objects.s3.amazonaws.com/images/original/c3/c3ec44b7.jpg
abo-B07XFNWL9H	1	https://amazon-berkeley-objects.s3.amazonaws.com/images/original/7f/7f931628.jpg
abo-B07XFNWL9H	2	https://amazon-berkeley-objects.s3.amazonaws.com/images/original/0c/0cff9971.jpg
abo-B07XFNWL9H	3	https://amazon-berkeley-objects.s3.amazonaws.com/images/original/f4/f4d6e242.jpg
abo-B07XFNWL9H	4	https://amazon-berkeley-objects.s3.amazonaws.com/images/original/a6/a652cf81.jpg
abo-B07XFNWL9H	5	https://amazon-berkeley-objects.s3.amazonaws.com/images/original/97/9777240d.jpg
abo-B07XFNWL9H	6	https://amazon-berkeley-objects.s3.amazonaws.com/images/original/f7/f7ad69d5.jpg
abo-B07XFNWL9H	7	https://amazon-berkeley-objects.s3.amazonaws.com/images/original/65/6525f7e8.jpg
abo-B07XFNWL9H	8	https://amazon-berkeley-objects.s3.amazonaws.com/images/original/3f/3fcfce54.jpg
abo-B07XJXM3B1	1	https://amazon-berkeley-objects.s3.amazonaws.com/images/original/06/06215af7.jpg
abo-B07XJXM3B1	2	https://amazon-berkeley-objects.s3.amazonaws.com/images/original/c8/c8b0dd8f.jpg
abo-B07XJXM3B1	3	https://amazon-berkeley-objects.s3.amazonaws.com/images/original/1f/1f0efc8c.jpg
abo-B07XJXM3B1	4	https://amazon-berkeley-objects.s3.amazonaws.com/images/original/f3/f3a07b0f.jpg
abo-B07XKQ3GV2	1	https://amazon-berkeley-objects.s3.amazonaws.com/images/original/9e/9ed1e94d.jpg
abo-B07XKQ3GV2	2	https://amazon-berkeley-objects.s3.amazonaws.com/images/original/49/4981d0a2.jpg
abo-B07XKQ3GV2	3	https://amazon-berkeley-objects.s3.amazonaws.com/images/original/2a/2ac21bae.jpg
abo-B07XKQ3GV2	4	https://amazon-berkeley-objects.s3.amazonaws.com/images/original/f4/f4fe90be.jpg
abo-B07XNDFY5G	1	https://amazon-berkeley-objects.s3.amazonaws.com/images/original/6a/6a15fb4d.jpg
abo-B07XNDFY5G	2	https://amazon-berkeley-objects.s3.amazonaws.com/images/original/34/34946319.jpg
abo-B07XNDFY5G	3	https://amazon-berkeley-objects.s3.amazonaws.com/images/original/e7/e73e8dd4.jpg
abo-B07XPDC686	1	https://amazon-berkeley-objects.s3.amazonaws.com/images/original/6d/6d67effc.jpg
abo-B07XPDC686	2	https://amazon-berkeley-objects.s3.amazonaws.com/images/original/97/97bed9dc.jpg
abo-B07XPDC686	3	https://amazon-berkeley-objects.s3.amazonaws.com/images/original/d6/d6b15aac.jpg
abo-B07XPDC686	4	https://amazon-berkeley-objects.s3.amazonaws.com/images/original/15/15008e33.jpg
abo-B07XQ91WMS	1	https://amazon-berkeley-objects.s3.amazonaws.com/images/original/89/897cd170.jpg
abo-B07XQ91WMS	2	https://amazon-berkeley-objects.s3.amazonaws.com/images/original/ba/ba519540.jpg
abo-B07XQ91WMS	3	https://amazon-berkeley-objects.s3.amazonaws.com/images/original/06/06f1d8e1.jpg
abo-B07XQ91WMS	4	https://amazon-berkeley-objects.s3.amazonaws.com/images/original/ff/fff6e06e.jpg
abo-B07XQ9217J	1	https://amazon-berkeley-objects.s3.amazonaws.com/images/original/89/897cd170.jpg
abo-B07XQ9217J	2	https://amazon-berkeley-objects.s3.amazonaws.com/images/original/ba/ba519540.jpg
abo-B07XQ9217J	3	https://amazon-berkeley-objects.s3.amazonaws.com/images/original/06/06f1d8e1.jpg
abo-B07XQ9217J	4	https://amazon-berkeley-objects.s3.amazonaws.com/images/original/ff/fff6e06e.jpg
abo-B07XQ9317R	1	https://amazon-berkeley-objects.s3.amazonaws.com/images/original/89/897cd170.jpg
abo-B07XQ9317R	2	https://amazon-berkeley-objects.s3.amazonaws.com/images/original/ba/ba519540.jpg
abo-B07XQ9317R	3	https://amazon-berkeley-objects.s3.amazonaws.com/images/original/06/06f1d8e1.jpg
abo-B07XQ9317R	4	https://amazon-berkeley-objects.s3.amazonaws.com/images/original/ff/fff6e06e.jpg
abo-B07XQ9HWZ9	1	https://amazon-berkeley-objects.s3.amazonaws.com/images/original/06/06215af7.jpg
abo-B07XQ9HWZ9	2	https://amazon-berkeley-objects.s3.amazonaws.com/images/original/c8/c8b0dd8f.jpg
abo-B07XQ9HWZ9	3	https://amazon-berkeley-objects.s3.amazonaws.com/images/original/1f/1f0efc8c.jpg
abo-B07XQ9HWZ9	4	https://amazon-berkeley-objects.s3.amazonaws.com/images/original/f3/f3a07b0f.jpg
abo-B07XQM4XGZ	1	https://amazon-berkeley-objects.s3.amazonaws.com/images/original/47/47b156f6.jpg
abo-B07XQM4XGZ	2	https://amazon-berkeley-objects.s3.amazonaws.com/images/original/13/1396f19d.jpg
abo-B07XQM4XGZ	3	https://amazon-berkeley-objects.s3.amazonaws.com/images/original/0f/0f8d39a6.jpg
abo-B07XT19LYD	1	https://amazon-berkeley-objects.s3.amazonaws.com/images/original/19/19c4a5ca.jpg
abo-B07XT19LYD	2	https://amazon-berkeley-objects.s3.amazonaws.com/images/original/16/16d1f553.jpg
abo-B07XWB224F	1	https://amazon-berkeley-objects.s3.amazonaws.com/images/original/f8/f81b9579.jpg
abo-B07XWB224F	2	https://amazon-berkeley-objects.s3.amazonaws.com/images/original/4a/4a4dd901.jpg
abo-B07XWB224F	3	https://amazon-berkeley-objects.s3.amazonaws.com/images/original/88/88fe6ad9.jpg
abo-B07XWB224F	4	https://amazon-berkeley-objects.s3.amazonaws.com/images/original/6a/6ac96478.jpg
abo-B07XZCFD3G	1	https://amazon-berkeley-objects.s3.amazonaws.com/images/original/d3/d322e3c6.jpg
abo-B07XZCFD3G	2	https://amazon-berkeley-objects.s3.amazonaws.com/images/original/59/59f4234d.jpg
abo-B07XZFXRYY	1	https://amazon-berkeley-objects.s3.amazonaws.com/images/original/26/269a322b.jpg
abo-B07XZFXRYY	2	https://amazon-berkeley-objects.s3.amazonaws.com/images/original/e5/e5fb3f80.jpg
abo-B07XZFXRYY	3	https://amazon-berkeley-objects.s3.amazonaws.com/images/original/1b/1b6353fa.jpg
abo-B07Y1QDTWC	1	https://amazon-berkeley-objects.s3.amazonaws.com/images/original/88/888c534f.jpg
abo-B07Y1QDTWC	2	https://amazon-berkeley-objects.s3.amazonaws.com/images/original/26/26a8cea3.jpg
abo-B07Y1QDTWC	3	https://amazon-berkeley-objects.s3.amazonaws.com/images/original/16/165e4518.jpg
abo-B07Y1QDTWC	4	https://amazon-berkeley-objects.s3.amazonaws.com/images/original/ea/ea74fea5.jpg
abo-B07Y23FNVZ	1	https://amazon-berkeley-objects.s3.amazonaws.com/images/original/16/16029a7a.jpg
abo-B07Y23FNVZ	2	https://amazon-berkeley-objects.s3.amazonaws.com/images/original/9c/9c05f272.jpg
abo-B07Y2C254Q	1	https://amazon-berkeley-objects.s3.amazonaws.com/images/original/43/43d0eb3a.jpg
abo-B07Y2C254Q	2	https://amazon-berkeley-objects.s3.amazonaws.com/images/original/22/2254f6fc.jpg
abo-B07Y2C254Q	3	https://amazon-berkeley-objects.s3.amazonaws.com/images/original/e7/e73e8dd4.jpg
abo-B07Y2C254Q	4	https://amazon-berkeley-objects.s3.amazonaws.com/images/original/44/44579908.jpg
abo-B07Y2JJP9Q	1	https://amazon-berkeley-objects.s3.amazonaws.com/images/original/c9/c9aa5922.jpg
abo-B07Y2JJP9Q	2	https://amazon-berkeley-objects.s3.amazonaws.com/images/original/13/1395d950.jpg
abo-B07Y2JJP9Q	3	https://amazon-berkeley-objects.s3.amazonaws.com/images/original/22/22a7e310.jpg
abo-B07Y2JJP9Q	4	https://amazon-berkeley-objects.s3.amazonaws.com/images/original/e7/e73e8dd4.jpg
abo-B07Y4WNMJJ	1	https://amazon-berkeley-objects.s3.amazonaws.com/images/original/b1/b11bdfa7.jpg
abo-B07Y4WNMJJ	2	https://amazon-berkeley-objects.s3.amazonaws.com/images/original/7a/7a82276f.jpg
abo-B07Y4WNMJJ	3	https://amazon-berkeley-objects.s3.amazonaws.com/images/original/9a/9abebf5e.jpg
abo-B07Y4WNMJJ	4	https://amazon-berkeley-objects.s3.amazonaws.com/images/original/8b/8b5121fd.jpg
abo-B07Y4Z9BK8	1	https://amazon-berkeley-objects.s3.amazonaws.com/images/original/d7/d7651587.jpg
abo-B07Y4Z9BK8	2	https://amazon-berkeley-objects.s3.amazonaws.com/images/original/ab/abf28e8c.jpg
abo-B07Y4Z9BK8	3	https://amazon-berkeley-objects.s3.amazonaws.com/images/original/1f/1f082bea.jpg
abo-B07Y4Z9BK8	4	https://amazon-berkeley-objects.s3.amazonaws.com/images/original/59/59a3c4f0.jpg
abo-B07Y5X49Q2	1	https://amazon-berkeley-objects.s3.amazonaws.com/images/original/2e/2ee7d3e9.jpg
abo-B07Y5X49Q2	2	https://amazon-berkeley-objects.s3.amazonaws.com/images/original/39/393fee46.jpg
abo-B07Y72CM9K	1	https://amazon-berkeley-objects.s3.amazonaws.com/images/original/88/88d44302.jpg
abo-B07Y72CM9K	2	https://amazon-berkeley-objects.s3.amazonaws.com/images/original/06/06254d2d.jpg
abo-B07Y72CM9K	3	https://amazon-berkeley-objects.s3.amazonaws.com/images/original/c9/c9d3dfa9.jpg
abo-B07Y72CM9K	4	https://amazon-berkeley-objects.s3.amazonaws.com/images/original/da/da7d2da5.jpg
abo-B07Y9VK52G	1	https://amazon-berkeley-objects.s3.amazonaws.com/images/original/26/264ebf48.jpg
abo-B07Y9VK52G	2	https://amazon-berkeley-objects.s3.amazonaws.com/images/original/b5/b56e125e.jpg
abo-B07Y9VK52G	3	https://amazon-berkeley-objects.s3.amazonaws.com/images/original/a8/a8429e08.jpg
abo-B07Y9VK52G	4	https://amazon-berkeley-objects.s3.amazonaws.com/images/original/a0/a0fa48da.jpg
abo-B07YBV7QTY	1	https://amazon-berkeley-objects.s3.amazonaws.com/images/original/b7/b73a70a1.jpg
abo-B07YBV7QTY	2	https://amazon-berkeley-objects.s3.amazonaws.com/images/original/41/4181d160.jpg
abo-B07YBV7QTY	3	https://amazon-berkeley-objects.s3.amazonaws.com/images/original/e8/e82017b3.jpg
abo-B07YBV7QTY	4	https://amazon-berkeley-objects.s3.amazonaws.com/images/original/2a/2a72ad01.jpg
abo-B07YF2Z7F5	1	https://amazon-berkeley-objects.s3.amazonaws.com/images/original/fa/fa816efb.jpg
abo-B07YF2Z7F5	2	https://amazon-berkeley-objects.s3.amazonaws.com/images/original/ec/ec5f9fdf.jpg
abo-B07YF2Z7F5	3	https://amazon-berkeley-objects.s3.amazonaws.com/images/original/b3/b3f31c32.jpg
abo-B07YFLN17D	1	https://amazon-berkeley-objects.s3.amazonaws.com/images/original/28/2843b9be.jpg
abo-B07YFLN17D	2	https://amazon-berkeley-objects.s3.amazonaws.com/images/original/e1/e168c5fa.jpg
abo-B07YGVP9GR	1	https://amazon-berkeley-objects.s3.amazonaws.com/images/original/b7/b7c69c11.jpg
abo-B07YGVP9GR	2	https://amazon-berkeley-objects.s3.amazonaws.com/images/original/62/6270d32b.jpg
abo-B07YHK2QT4	1	https://amazon-berkeley-objects.s3.amazonaws.com/images/original/93/931d3b2b.jpg
abo-B07YHK2QT4	2	https://amazon-berkeley-objects.s3.amazonaws.com/images/original/fa/fa5e3cb6.jpg
abo-B07YHK2QT4	3	https://amazon-berkeley-objects.s3.amazonaws.com/images/original/bd/bd636fad.jpg
abo-B07YHK2QT4	4	https://amazon-berkeley-objects.s3.amazonaws.com/images/original/e7/e73e8dd4.jpg
abo-B07YJ652YK	1	https://amazon-berkeley-objects.s3.amazonaws.com/images/original/b0/b03e0c44.jpg
abo-B07YJ652YK	2	https://amazon-berkeley-objects.s3.amazonaws.com/images/original/5e/5e12fe3b.jpg
abo-B07YJ652YK	3	https://amazon-berkeley-objects.s3.amazonaws.com/images/original/e7/e73e8dd4.jpg
abo-B07YJ652YK	4	https://amazon-berkeley-objects.s3.amazonaws.com/images/original/6a/6a7fde05.jpg
abo-B07YKB4B6T	1	https://amazon-berkeley-objects.s3.amazonaws.com/images/original/eb/ebd4a2a8.jpg
abo-B07YKB4B6T	2	https://amazon-berkeley-objects.s3.amazonaws.com/images/original/9e/9e036be9.jpg
abo-B07YKB4B6T	3	https://amazon-berkeley-objects.s3.amazonaws.com/images/original/f8/f8eaca2c.jpg
abo-B07YKZWFLY	1	https://amazon-berkeley-objects.s3.amazonaws.com/images/original/47/47b156f6.jpg
abo-B07YKZWFLY	2	https://amazon-berkeley-objects.s3.amazonaws.com/images/original/13/1396f19d.jpg
abo-B07YKZWFLY	3	https://amazon-berkeley-objects.s3.amazonaws.com/images/original/0f/0f8d39a6.jpg
abo-B07YL3P5QX	1	https://amazon-berkeley-objects.s3.amazonaws.com/images/original/88/88206aa4.jpg
abo-B07YL3P5QX	2	https://amazon-berkeley-objects.s3.amazonaws.com/images/original/96/96ab6b2d.jpg
abo-B07YL3P5QX	3	https://amazon-berkeley-objects.s3.amazonaws.com/images/original/fb/fb84cd8e.jpg
abo-B07YL3P5QX	4	https://amazon-berkeley-objects.s3.amazonaws.com/images/original/b7/b77dd850.jpg
abo-B07YLNHQY3	1	https://amazon-berkeley-objects.s3.amazonaws.com/images/original/b0/b00e886c.jpg
abo-B07YLNHQY3	2	https://amazon-berkeley-objects.s3.amazonaws.com/images/original/b5/b5bcf2e2.jpg
abo-B07YW65ZHB	1	https://amazon-berkeley-objects.s3.amazonaws.com/images/original/1a/1a76f767.jpg
abo-B07YW65ZHB	2	https://amazon-berkeley-objects.s3.amazonaws.com/images/original/fb/fb49330c.jpg
abo-B07YZNMVLM	1	https://amazon-berkeley-objects.s3.amazonaws.com/images/original/15/15b44e5b.jpg
abo-B07YZNMVLM	2	https://amazon-berkeley-objects.s3.amazonaws.com/images/original/cd/cdc0b755.jpg
abo-B07Z2XH5B8	1	https://amazon-berkeley-objects.s3.amazonaws.com/images/original/87/87bacef0.jpg
abo-B07Z2XH5B8	2	https://amazon-berkeley-objects.s3.amazonaws.com/images/original/8b/8b79608e.jpg
abo-B07Z2XH5B8	3	https://amazon-berkeley-objects.s3.amazonaws.com/images/original/54/5413bb6e.jpg
abo-B07Z2XH5B8	4	https://amazon-berkeley-objects.s3.amazonaws.com/images/original/7f/7f2c0119.jpg
abo-B07Z45LRP2	1	https://amazon-berkeley-objects.s3.amazonaws.com/images/original/90/90110682.jpg
abo-B07Z45LRP2	2	https://amazon-berkeley-objects.s3.amazonaws.com/images/original/95/9532329f.jpg
abo-B07Z45LRP2	3	https://amazon-berkeley-objects.s3.amazonaws.com/images/original/05/050acac7.jpg
abo-B07Z45LRP2	4	https://amazon-berkeley-objects.s3.amazonaws.com/images/original/66/668b3a84.jpg
abo-B07Z471FTJ	1	https://amazon-berkeley-objects.s3.amazonaws.com/images/original/10/10f1e65d.jpg
abo-B07Z471FTJ	2	https://amazon-berkeley-objects.s3.amazonaws.com/images/original/36/36a2a977.jpg
abo-B07Z471FTJ	3	https://amazon-berkeley-objects.s3.amazonaws.com/images/original/e7/e73e8dd4.jpg
abo-B07Z6KFWMH	1	https://amazon-berkeley-objects.s3.amazonaws.com/images/original/d3/d322e3c6.jpg
abo-B07Z6KFWMH	2	https://amazon-berkeley-objects.s3.amazonaws.com/images/original/59/59f4234d.jpg
abo-B07Z9M12HD	1	https://amazon-berkeley-objects.s3.amazonaws.com/images/original/4e/4e8cc96e.jpg
abo-B07Z9M12HD	2	https://amazon-berkeley-objects.s3.amazonaws.com/images/original/90/903e0502.jpg
abo-B07Z9M12HD	3	https://amazon-berkeley-objects.s3.amazonaws.com/images/original/47/47184ba7.jpg
abo-B07Z9M12HD	4	https://amazon-berkeley-objects.s3.amazonaws.com/images/original/ce/ce39aa8a.jpg
abo-B07ZDF587D	1	https://amazon-berkeley-objects.s3.amazonaws.com/images/original/63/631e5c52.jpg
abo-B07ZDF587D	2	https://amazon-berkeley-objects.s3.amazonaws.com/images/original/35/358fa952.jpg
abo-B07ZDF587D	3	https://amazon-berkeley-objects.s3.amazonaws.com/images/original/5d/5df2c1b5.jpg
abo-B07ZDF587D	4	https://amazon-berkeley-objects.s3.amazonaws.com/images/original/27/276452bb.jpg
abo-B07ZDFGMXM	1	https://amazon-berkeley-objects.s3.amazonaws.com/images/original/dc/dcf1f44d.jpg
abo-B07ZDFGMXM	2	https://amazon-berkeley-objects.s3.amazonaws.com/images/original/a9/a91a0bd8.jpg
abo-B07ZDFGMXM	3	https://amazon-berkeley-objects.s3.amazonaws.com/images/original/09/09edfbd7.jpg
abo-B07ZDFGMXM	4	https://amazon-berkeley-objects.s3.amazonaws.com/images/original/a0/a0b30f82.jpg
abo-B07ZDG78CH	1	https://amazon-berkeley-objects.s3.amazonaws.com/images/original/df/dfae2a73.jpg
abo-B07ZDG78CH	2	https://amazon-berkeley-objects.s3.amazonaws.com/images/original/7e/7ed96f97.jpg
abo-B07ZDG78CH	3	https://amazon-berkeley-objects.s3.amazonaws.com/images/original/42/428b3d3e.jpg
abo-B07ZDG78CH	4	https://amazon-berkeley-objects.s3.amazonaws.com/images/original/89/89a24e73.jpg
abo-B07ZJKCW17	1	https://amazon-berkeley-objects.s3.amazonaws.com/images/original/9d/9ddaa0d6.jpg
abo-B07ZJKCW17	2	https://amazon-berkeley-objects.s3.amazonaws.com/images/original/7d/7d4361d6.jpg
abo-B07ZJKCW17	3	https://amazon-berkeley-objects.s3.amazonaws.com/images/original/22/22a7e310.jpg
abo-B07ZJKCW17	4	https://amazon-berkeley-objects.s3.amazonaws.com/images/original/e7/e73e8dd4.jpg
abo-B07ZJRRDJR	1	https://amazon-berkeley-objects.s3.amazonaws.com/images/original/40/40bcc29c.jpg
abo-B07ZJRRDJR	2	https://amazon-berkeley-objects.s3.amazonaws.com/images/original/db/db24a6d3.jpg
abo-B07ZJRRDJR	3	https://amazon-berkeley-objects.s3.amazonaws.com/images/original/64/6435ff4e.jpg
abo-B07ZJRRDJR	4	https://amazon-berkeley-objects.s3.amazonaws.com/images/original/22/22c7a0ac.jpg
abo-B07ZKM5GF1	1	https://amazon-berkeley-objects.s3.amazonaws.com/images/original/44/44949f9b.jpg
abo-B07ZKM5GF1	2	https://amazon-berkeley-objects.s3.amazonaws.com/images/original/1d/1dbd4b23.jpg
abo-B07ZKM5GF1	3	https://amazon-berkeley-objects.s3.amazonaws.com/images/original/17/179115ff.jpg
abo-B07ZKM5GF1	4	https://amazon-berkeley-objects.s3.amazonaws.com/images/original/9c/9cebbb9e.jpg
abo-B07ZKML3NZ	1	https://amazon-berkeley-objects.s3.amazonaws.com/images/original/44/44949f9b.jpg
abo-B07ZKML3NZ	2	https://amazon-berkeley-objects.s3.amazonaws.com/images/original/1d/1dbd4b23.jpg
abo-B07ZKML3NZ	3	https://amazon-berkeley-objects.s3.amazonaws.com/images/original/17/179115ff.jpg
abo-B07ZKML3NZ	4	https://amazon-berkeley-objects.s3.amazonaws.com/images/original/9c/9cebbb9e.jpg
abo-B07ZKMNHFD	1	https://amazon-berkeley-objects.s3.amazonaws.com/images/original/44/44949f9b.jpg
abo-B07ZKMNHFD	2	https://amazon-berkeley-objects.s3.amazonaws.com/images/original/1d/1dbd4b23.jpg
abo-B07ZKMNHFD	3	https://amazon-berkeley-objects.s3.amazonaws.com/images/original/17/179115ff.jpg
abo-B07ZKMNHFD	4	https://amazon-berkeley-objects.s3.amazonaws.com/images/original/9c/9cebbb9e.jpg
abo-B07ZKZHS3Z	1	https://amazon-berkeley-objects.s3.amazonaws.com/images/original/81/817f8adc.jpg
abo-B07ZKZHS3Z	2	https://amazon-berkeley-objects.s3.amazonaws.com/images/original/e3/e3dc6061.jpg
abo-B07ZKZHS3Z	3	https://amazon-berkeley-objects.s3.amazonaws.com/images/original/cc/cca995e7.jpg
abo-B07ZKZHS3Z	4	https://amazon-berkeley-objects.s3.amazonaws.com/images/original/2d/2db554b0.jpg
abo-B07ZKZHS4B	1	https://amazon-berkeley-objects.s3.amazonaws.com/images/original/f8/f8d1de19.jpg
abo-B07ZKZHS4B	2	https://amazon-berkeley-objects.s3.amazonaws.com/images/original/c0/c048be7a.jpg
abo-B07ZKZHS4B	3	https://amazon-berkeley-objects.s3.amazonaws.com/images/original/35/358edad8.jpg
abo-B07ZKZHS4B	4	https://amazon-berkeley-objects.s3.amazonaws.com/images/original/e6/e6efd027.jpg
abo-B07ZKZK97Y	1	https://amazon-berkeley-objects.s3.amazonaws.com/images/original/d1/d1d743cf.jpg
abo-B07ZKZK97Y	2	https://amazon-berkeley-objects.s3.amazonaws.com/images/original/c7/c72d7627.jpg
abo-B07ZKZK97Y	3	https://amazon-berkeley-objects.s3.amazonaws.com/images/original/a9/a99f583c.jpg
abo-B07ZKZK97Y	4	https://amazon-berkeley-objects.s3.amazonaws.com/images/original/13/1352ff96.jpg
abo-B07ZKZNL9Y	1	https://amazon-berkeley-objects.s3.amazonaws.com/images/original/e6/e69a44ec.jpg
abo-B07ZKZNL9Y	2	https://amazon-berkeley-objects.s3.amazonaws.com/images/original/3c/3c378ef6.jpg
abo-B07ZKZNL9Y	3	https://amazon-berkeley-objects.s3.amazonaws.com/images/original/85/85f4d092.jpg
abo-B07ZKZNL9Y	4	https://amazon-berkeley-objects.s3.amazonaws.com/images/original/05/05795f50.jpg
abo-B07ZKZSPZ7	1	https://amazon-berkeley-objects.s3.amazonaws.com/images/original/ef/ef8b6b62.jpg
abo-B07ZKZSPZ7	2	https://amazon-berkeley-objects.s3.amazonaws.com/images/original/b0/b0423984.jpg
abo-B07ZKZSPZ7	3	https://amazon-berkeley-objects.s3.amazonaws.com/images/original/9d/9db748ac.jpg
abo-B07ZKZSPZ7	4	https://amazon-berkeley-objects.s3.amazonaws.com/images/original/40/4004519a.jpg
abo-B07ZKZTB5K	1	https://amazon-berkeley-objects.s3.amazonaws.com/images/original/71/71433906.jpg
abo-B07ZKZTB5K	2	https://amazon-berkeley-objects.s3.amazonaws.com/images/original/ab/abb267ae.jpg
abo-B07ZKZTB5K	3	https://amazon-berkeley-objects.s3.amazonaws.com/images/original/15/15a5a9de.jpg
abo-B07ZKZTB5K	4	https://amazon-berkeley-objects.s3.amazonaws.com/images/original/83/8380cd30.jpg
abo-B07ZKZYNYC	1	https://amazon-berkeley-objects.s3.amazonaws.com/images/original/66/66ad0cd9.jpg
abo-B07ZKZYNYC	2	https://amazon-berkeley-objects.s3.amazonaws.com/images/original/16/16766ed1.jpg
abo-B07ZKZYNYC	3	https://amazon-berkeley-objects.s3.amazonaws.com/images/original/98/98ea6925.jpg
abo-B07ZKZYNYC	4	https://amazon-berkeley-objects.s3.amazonaws.com/images/original/ec/ecdd5f2d.jpg
abo-B07ZKZYNYF	1	https://amazon-berkeley-objects.s3.amazonaws.com/images/original/81/817f8adc.jpg
abo-B07ZKZYNYF	2	https://amazon-berkeley-objects.s3.amazonaws.com/images/original/e3/e3dc6061.jpg
abo-B07ZKZYNYF	3	https://amazon-berkeley-objects.s3.amazonaws.com/images/original/cc/cca995e7.jpg
abo-B07ZKZYNYF	4	https://amazon-berkeley-objects.s3.amazonaws.com/images/original/f2/f2eb7876.jpg
abo-B07ZKZZNR9	1	https://amazon-berkeley-objects.s3.amazonaws.com/images/original/d1/d1d743cf.jpg
abo-B07ZKZZNR9	2	https://amazon-berkeley-objects.s3.amazonaws.com/images/original/c9/c9ce3752.jpg
abo-B07ZKZZNR9	3	https://amazon-berkeley-objects.s3.amazonaws.com/images/original/c7/c72d7627.jpg
abo-B07ZKZZNR9	4	https://amazon-berkeley-objects.s3.amazonaws.com/images/original/a9/a99f583c.jpg
abo-B07ZL112LG	1	https://amazon-berkeley-objects.s3.amazonaws.com/images/original/f8/f8d1de19.jpg
abo-B07ZL112LG	2	https://amazon-berkeley-objects.s3.amazonaws.com/images/original/c0/c048be7a.jpg
abo-B07ZL112LG	3	https://amazon-berkeley-objects.s3.amazonaws.com/images/original/65/65ca59a1.jpg
abo-B07ZL112LG	4	https://amazon-berkeley-objects.s3.amazonaws.com/images/original/35/358edad8.jpg
abo-B07ZL1157D	1	https://amazon-berkeley-objects.s3.amazonaws.com/images/original/ef/ef8b6b62.jpg
abo-B07ZL1157D	2	https://amazon-berkeley-objects.s3.amazonaws.com/images/original/b0/b0423984.jpg
abo-B07ZL1157D	3	https://amazon-berkeley-objects.s3.amazonaws.com/images/original/9d/9db748ac.jpg
abo-B07ZL1157D	4	https://amazon-berkeley-objects.s3.amazonaws.com/images/original/40/4004519a.jpg
abo-B07ZL13N4Q	1	https://amazon-berkeley-objects.s3.amazonaws.com/images/original/49/49f8ce3f.jpg
abo-B07ZL13N4Q	2	https://amazon-berkeley-objects.s3.amazonaws.com/images/original/4b/4b559d08.jpg
abo-B07ZL13N4Q	3	https://amazon-berkeley-objects.s3.amazonaws.com/images/original/f2/f299d6a0.jpg
abo-B07ZL13N4Q	4	https://amazon-berkeley-objects.s3.amazonaws.com/images/original/5c/5c291efe.jpg
abo-B07ZL1GJ6S	1	https://amazon-berkeley-objects.s3.amazonaws.com/images/original/66/66ad0cd9.jpg
abo-B07ZL1GJ6S	2	https://amazon-berkeley-objects.s3.amazonaws.com/images/original/7c/7c2e031c.jpg
abo-B07ZL1GJ6S	3	https://amazon-berkeley-objects.s3.amazonaws.com/images/original/16/16766ed1.jpg
abo-B07ZL1GJ6S	4	https://amazon-berkeley-objects.s3.amazonaws.com/images/original/98/98ea6925.jpg
abo-B07ZL1TDV2	1	https://amazon-berkeley-objects.s3.amazonaws.com/images/original/71/71433906.jpg
abo-B07ZL1TDV2	2	https://amazon-berkeley-objects.s3.amazonaws.com/images/original/ab/abb267ae.jpg
abo-B07ZL1TDV2	3	https://amazon-berkeley-objects.s3.amazonaws.com/images/original/15/15a5a9de.jpg
abo-B07ZL1TDV2	4	https://amazon-berkeley-objects.s3.amazonaws.com/images/original/42/4205ab37.jpg
abo-B07ZL1ZYN8	1	https://amazon-berkeley-objects.s3.amazonaws.com/images/original/e6/e69a44ec.jpg
abo-B07ZL1ZYN8	2	https://amazon-berkeley-objects.s3.amazonaws.com/images/original/3c/3c378ef6.jpg
abo-B07ZL1ZYN8	3	https://amazon-berkeley-objects.s3.amazonaws.com/images/original/85/85f4d092.jpg
abo-B07ZL1ZYN8	4	https://amazon-berkeley-objects.s3.amazonaws.com/images/original/05/05795f50.jpg
abo-B07ZMLB6V4	1	https://amazon-berkeley-objects.s3.amazonaws.com/images/original/04/045652a8.jpg
abo-B07ZMLB6V4	2	https://amazon-berkeley-objects.s3.amazonaws.com/images/original/b5/b56d1393.jpg
abo-B07ZMLB6V4	3	https://amazon-berkeley-objects.s3.amazonaws.com/images/original/80/80968c37.jpg
abo-B07ZMLB6V4	4	https://amazon-berkeley-objects.s3.amazonaws.com/images/original/e7/e73e8dd4.jpg
abo-B07ZN67BZW	1	https://amazon-berkeley-objects.s3.amazonaws.com/images/original/e9/e9cb71d1.jpg
abo-B07ZN67BZW	2	https://amazon-berkeley-objects.s3.amazonaws.com/images/original/9b/9b1469ce.jpg
abo-B07ZPBSQ7Q	1	https://amazon-berkeley-objects.s3.amazonaws.com/images/original/fb/fbade69c.jpg
abo-B07ZPBSQ7Q	2	https://amazon-berkeley-objects.s3.amazonaws.com/images/original/1b/1b1427ec.jpg
abo-B07ZPBSQ7Q	3	https://amazon-berkeley-objects.s3.amazonaws.com/images/original/47/47184ba7.jpg
abo-B07ZPBSQ7Q	4	https://amazon-berkeley-objects.s3.amazonaws.com/images/original/d5/d5d09752.jpg
abo-B07ZPVBCC6	1	https://amazon-berkeley-objects.s3.amazonaws.com/images/original/ae/ae6d6bb7.jpg
abo-B07ZPVBCC6	2	https://amazon-berkeley-objects.s3.amazonaws.com/images/original/a5/a5fd6eb1.jpg
abo-B07ZPVBCC6	3	https://amazon-berkeley-objects.s3.amazonaws.com/images/original/03/03646710.jpg
abo-B07ZPVBCC6	4	https://amazon-berkeley-objects.s3.amazonaws.com/images/original/bc/bcf21fc6.jpg
abo-B07ZWJ1W1J	1	https://amazon-berkeley-objects.s3.amazonaws.com/images/original/91/9162dfa0.jpg
abo-B07ZWJ1W1J	2	https://amazon-berkeley-objects.s3.amazonaws.com/images/original/92/929078c2.jpg
abo-B07ZWJ1W1J	3	https://amazon-berkeley-objects.s3.amazonaws.com/images/original/b6/b691e6de.jpg
abo-B07ZZWYBPM	1	https://amazon-berkeley-objects.s3.amazonaws.com/images/original/25/25c6f195.jpg
abo-B07ZZWYBPM	2	https://amazon-berkeley-objects.s3.amazonaws.com/images/original/a3/a30866b3.jpg
abo-B07ZZWYBPM	3	https://amazon-berkeley-objects.s3.amazonaws.com/images/original/fa/fa5e3cb6.jpg
abo-B07ZZWYBPM	4	https://amazon-berkeley-objects.s3.amazonaws.com/images/original/e7/e73e8dd4.jpg
abo-B0812CGP9F	1	https://amazon-berkeley-objects.s3.amazonaws.com/images/original/ca/caebdb6d.jpg
abo-B0812CGP9F	2	https://amazon-berkeley-objects.s3.amazonaws.com/images/original/fb/fbd44a56.jpg
abo-B0812CGP9F	3	https://amazon-berkeley-objects.s3.amazonaws.com/images/original/d3/d38d5311.jpg
abo-B0812CGP9F	4	https://amazon-berkeley-objects.s3.amazonaws.com/images/original/c9/c91fb1cd.jpg
abo-B0812CQVCD	1	https://amazon-berkeley-objects.s3.amazonaws.com/images/original/cd/cd7658c6.jpg
abo-B0812CQVCD	2	https://amazon-berkeley-objects.s3.amazonaws.com/images/original/24/24b0c40c.jpg
abo-B0812CQVCD	3	https://amazon-berkeley-objects.s3.amazonaws.com/images/original/8f/8f7d0022.jpg
abo-B0812CQVCD	4	https://amazon-berkeley-objects.s3.amazonaws.com/images/original/fd/fd270fb9.jpg
abo-B0812CZ29Z	1	https://amazon-berkeley-objects.s3.amazonaws.com/images/original/33/333de5f9.jpg
abo-B0812CZ29Z	2	https://amazon-berkeley-objects.s3.amazonaws.com/images/original/d3/d38d5311.jpg
abo-B0812CZ29Z	3	https://amazon-berkeley-objects.s3.amazonaws.com/images/original/5f/5ffedaee.jpg
abo-B0812CZ29Z	4	https://amazon-berkeley-objects.s3.amazonaws.com/images/original/07/07c235fb.jpg
abo-B0812D4MSR	1	https://amazon-berkeley-objects.s3.amazonaws.com/images/original/e0/e0796d04.jpg
abo-B0812D4MSR	2	https://amazon-berkeley-objects.s3.amazonaws.com/images/original/fa/fa7448e2.jpg
abo-B0812D4MSR	3	https://amazon-berkeley-objects.s3.amazonaws.com/images/original/f3/f370838c.jpg
abo-B0812D4MSR	4	https://amazon-berkeley-objects.s3.amazonaws.com/images/original/b6/b6984b72.jpg
abo-B0812D4Y8M	1	https://amazon-berkeley-objects.s3.amazonaws.com/images/original/a5/a56c4be0.jpg
abo-B0812D4Y8M	2	https://amazon-berkeley-objects.s3.amazonaws.com/images/original/f5/f53c9db1.jpg
abo-B0812D4Y8M	3	https://amazon-berkeley-objects.s3.amazonaws.com/images/original/d5/d549004b.jpg
abo-B0812D4Y8M	4	https://amazon-berkeley-objects.s3.amazonaws.com/images/original/6b/6bfae787.jpg
abo-B0812DCLD8	1	https://amazon-berkeley-objects.s3.amazonaws.com/images/original/18/1891fdc5.jpg
abo-B0812DCLD8	2	https://amazon-berkeley-objects.s3.amazonaws.com/images/original/f1/f12a05b0.jpg
abo-B0812DCLD8	3	https://amazon-berkeley-objects.s3.amazonaws.com/images/original/62/62142698.jpg
abo-B0812DCLD8	4	https://amazon-berkeley-objects.s3.amazonaws.com/images/original/8b/8bdef4a3.jpg
abo-B0813YBLXM	1	https://amazon-berkeley-objects.s3.amazonaws.com/images/original/7e/7e80b14c.jpg
abo-B0813YBLXM	2	https://amazon-berkeley-objects.s3.amazonaws.com/images/original/88/8899d0fb.jpg
abo-B0813YBLXM	3	https://amazon-berkeley-objects.s3.amazonaws.com/images/original/9f/9f3583d1.jpg
abo-B0813YBLXM	4	https://amazon-berkeley-objects.s3.amazonaws.com/images/original/57/57152c38.jpg
abo-B0813Z8RXB	1	https://amazon-berkeley-objects.s3.amazonaws.com/images/original/04/04391679.jpg
abo-B0813Z8RXB	2	https://amazon-berkeley-objects.s3.amazonaws.com/images/original/94/9462284a.jpg
abo-B0813Z8RXB	3	https://amazon-berkeley-objects.s3.amazonaws.com/images/original/f9/f996426a.jpg
abo-B0813Z8RXB	4	https://amazon-berkeley-objects.s3.amazonaws.com/images/original/a8/a802bf3d.jpg
abo-B0813ZC6J3	1	https://amazon-berkeley-objects.s3.amazonaws.com/images/original/1c/1cdc4a6f.jpg
abo-B0813ZC6J3	2	https://amazon-berkeley-objects.s3.amazonaws.com/images/original/0f/0f376c9d.jpg
abo-B0813ZC6J3	3	https://amazon-berkeley-objects.s3.amazonaws.com/images/original/13/13a21cf9.jpg
abo-B0813ZC6J3	4	https://amazon-berkeley-objects.s3.amazonaws.com/images/original/b7/b7520c3d.jpg
abo-B0813ZM38S	1	https://amazon-berkeley-objects.s3.amazonaws.com/images/original/0a/0a2ded03.jpg
abo-B0813ZM38S	2	https://amazon-berkeley-objects.s3.amazonaws.com/images/original/47/47ef0c16.jpg
abo-B0813ZM38S	3	https://amazon-berkeley-objects.s3.amazonaws.com/images/original/92/92669358.jpg
abo-B0813ZM38S	4	https://amazon-berkeley-objects.s3.amazonaws.com/images/original/af/af0b65f1.jpg
abo-B0813ZWL7D	1	https://amazon-berkeley-objects.s3.amazonaws.com/images/original/1f/1f53f25e.jpg
abo-B0813ZWL7D	2	https://amazon-berkeley-objects.s3.amazonaws.com/images/original/1e/1eb4c64b.jpg
abo-B0813ZWL7D	3	https://amazon-berkeley-objects.s3.amazonaws.com/images/original/90/90e44e37.jpg
abo-B0813ZWL7D	4	https://amazon-berkeley-objects.s3.amazonaws.com/images/original/17/174a7231.jpg
abo-B08174WBRN	1	https://amazon-berkeley-objects.s3.amazonaws.com/images/original/24/2477d1d9.jpg
abo-B08174WBRN	2	https://amazon-berkeley-objects.s3.amazonaws.com/images/original/47/47184ba7.jpg
abo-B08174WBRN	3	https://amazon-berkeley-objects.s3.amazonaws.com/images/original/cc/cc0dea10.jpg
abo-B08174WBRN	4	https://amazon-berkeley-objects.s3.amazonaws.com/images/original/a9/a99e3ef1.jpg
abo-B08175GKHM	1	https://amazon-berkeley-objects.s3.amazonaws.com/images/original/c4/c470b7df.jpg
abo-B08175GKHM	2	https://amazon-berkeley-objects.s3.amazonaws.com/images/original/2e/2eed12d0.jpg
abo-B08175GKHM	3	https://amazon-berkeley-objects.s3.amazonaws.com/images/original/27/2739843f.jpg
abo-B081D2YJW1	1	https://amazon-berkeley-objects.s3.amazonaws.com/images/original/00/00ce653f.jpg
abo-B081D2YJW1	2	https://amazon-berkeley-objects.s3.amazonaws.com/images/original/94/948e12d8.jpg
abo-B081D2YJW1	3	https://amazon-berkeley-objects.s3.amazonaws.com/images/original/1b/1b7f3e18.jpg
abo-B081D2YJW1	4	https://amazon-berkeley-objects.s3.amazonaws.com/images/original/2c/2c1a732f.jpg
abo-B081D95HMH	1	https://amazon-berkeley-objects.s3.amazonaws.com/images/original/c5/c5faa08c.jpg
abo-B081D95HMH	2	https://amazon-berkeley-objects.s3.amazonaws.com/images/original/47/47184ba7.jpg
abo-B081D95HMH	3	https://amazon-berkeley-objects.s3.amazonaws.com/images/original/72/72a52b85.jpg
abo-B081D95HMH	4	https://amazon-berkeley-objects.s3.amazonaws.com/images/original/cc/cc0dea10.jpg
abo-B081DDW5XT	1	https://amazon-berkeley-objects.s3.amazonaws.com/images/original/9b/9bf03808.jpg
abo-B081DDW5XT	2	https://amazon-berkeley-objects.s3.amazonaws.com/images/original/de/de2aa7fe.jpg
abo-B081DDW5XT	3	https://amazon-berkeley-objects.s3.amazonaws.com/images/original/18/18be2cad.jpg
abo-B081DDW5XT	4	https://amazon-berkeley-objects.s3.amazonaws.com/images/original/b7/b78de135.jpg
abo-B081H9P87X	1	https://amazon-berkeley-objects.s3.amazonaws.com/images/original/a5/a5beb95a.jpg
abo-B081H9P87X	2	https://amazon-berkeley-objects.s3.amazonaws.com/images/original/1c/1cfbd077.jpg
abo-B081H9P87X	3	https://amazon-berkeley-objects.s3.amazonaws.com/images/original/db/dbf31be0.jpg
abo-B081H9P87X	4	https://amazon-berkeley-objects.s3.amazonaws.com/images/original/06/06c5c61f.jpg
abo-B081HB5F9T	1	https://amazon-berkeley-objects.s3.amazonaws.com/images/original/11/11110403.jpg
abo-B081HB5F9T	2	https://amazon-berkeley-objects.s3.amazonaws.com/images/original/bf/bfff0a0e.jpg
abo-B081HB5F9T	3	https://amazon-berkeley-objects.s3.amazonaws.com/images/original/94/947c372d.jpg
abo-B081HB5F9T	4	https://amazon-berkeley-objects.s3.amazonaws.com/images/original/83/83d77cca.jpg
abo-B081KR3ND7	1	https://amazon-berkeley-objects.s3.amazonaws.com/images/original/89/897cd170.jpg
abo-B081KR3ND7	2	https://amazon-berkeley-objects.s3.amazonaws.com/images/original/ff/fff6e06e.jpg
abo-B081KR3ND7	3	https://amazon-berkeley-objects.s3.amazonaws.com/images/original/06/06f1d8e1.jpg
abo-B081KR3ND7	4	https://amazon-berkeley-objects.s3.amazonaws.com/images/original/21/21179531.jpg
abo-B081KXL6HF	1	https://amazon-berkeley-objects.s3.amazonaws.com/images/original/89/897cd170.jpg
abo-B081KXL6HF	2	https://amazon-berkeley-objects.s3.amazonaws.com/images/original/ff/fff6e06e.jpg
abo-B081KXL6HF	3	https://amazon-berkeley-objects.s3.amazonaws.com/images/original/06/06f1d8e1.jpg
abo-B081KXL6HF	4	https://amazon-berkeley-objects.s3.amazonaws.com/images/original/21/21179531.jpg
abo-B081PKRBZG	1	https://amazon-berkeley-objects.s3.amazonaws.com/images/original/45/452fda78.jpg
abo-B081PKRBZG	2	https://amazon-berkeley-objects.s3.amazonaws.com/images/original/a8/a8866fe9.jpg
abo-B081PL21PS	1	https://amazon-berkeley-objects.s3.amazonaws.com/images/original/08/08d6802d.jpg
abo-B081PL21PS	2	https://amazon-berkeley-objects.s3.amazonaws.com/images/original/31/31d8e453.jpg
abo-B081PL21PS	3	https://amazon-berkeley-objects.s3.amazonaws.com/images/original/e7/e7572515.jpg
abo-B081PLRJTH	1	https://amazon-berkeley-objects.s3.amazonaws.com/images/original/7c/7c657b78.jpg
abo-B081PLRJTH	2	https://amazon-berkeley-objects.s3.amazonaws.com/images/original/b2/b2179bcc.jpg
abo-B081RKD96X	1	https://amazon-berkeley-objects.s3.amazonaws.com/images/original/14/1432f737.jpg
abo-B081RKD96X	2	https://amazon-berkeley-objects.s3.amazonaws.com/images/original/d8/d89ff865.jpg
abo-B081RKD96X	3	https://amazon-berkeley-objects.s3.amazonaws.com/images/original/de/ded744fa.jpg
abo-B081RKD96X	4	https://amazon-berkeley-objects.s3.amazonaws.com/images/original/f4/f4cac913.jpg
abo-B081RKD96X	5	https://amazon-berkeley-objects.s3.amazonaws.com/images/original/04/04b3ca07.jpg
abo-B081RKD96X	6	https://amazon-berkeley-objects.s3.amazonaws.com/images/original/c4/c4557769.jpg
abo-B081RKD96X	7	https://amazon-berkeley-objects.s3.amazonaws.com/images/original/1c/1c91a313.jpg
abo-B081RKD96X	8	https://amazon-berkeley-objects.s3.amazonaws.com/images/original/f8/f83cbfba.jpg
abo-B081X8JK89	1	https://amazon-berkeley-objects.s3.amazonaws.com/images/original/70/709038ee.jpg
abo-B081X8JK89	2	https://amazon-berkeley-objects.s3.amazonaws.com/images/original/c4/c41d5349.jpg
abo-B081X8JK89	3	https://amazon-berkeley-objects.s3.amazonaws.com/images/original/1b/1b1427ec.jpg
abo-B081X8JK89	4	https://amazon-berkeley-objects.s3.amazonaws.com/images/original/47/47184ba7.jpg
abo-B0821Y57MB	1	https://amazon-berkeley-objects.s3.amazonaws.com/images/original/df/dfae2a73.jpg
abo-B0821Y57MB	2	https://amazon-berkeley-objects.s3.amazonaws.com/images/original/a9/a91a0bd8.jpg
abo-B0821Y57MB	3	https://amazon-berkeley-objects.s3.amazonaws.com/images/original/09/09edfbd7.jpg
abo-B0821Y57MB	4	https://amazon-berkeley-objects.s3.amazonaws.com/images/original/42/428b3d3e.jpg
abo-B082354CBS	1	https://amazon-berkeley-objects.s3.amazonaws.com/images/original/81/818ea556.jpg
abo-B082354CBS	2	https://amazon-berkeley-objects.s3.amazonaws.com/images/original/5c/5ca6cbb8.jpg
abo-B0825C3V6J	1	https://amazon-berkeley-objects.s3.amazonaws.com/images/original/74/7450dba7.jpg
abo-B0825C3V6J	2	https://amazon-berkeley-objects.s3.amazonaws.com/images/original/28/2831999f.jpg
abo-B0825C3V6J	3	https://amazon-berkeley-objects.s3.amazonaws.com/images/original/8a/8a314999.jpg
abo-B0825C3V6J	4	https://amazon-berkeley-objects.s3.amazonaws.com/images/original/c0/c02e4924.jpg
abo-B0825Z4HPK	1	https://amazon-berkeley-objects.s3.amazonaws.com/images/original/24/2477d1d9.jpg
abo-B0825Z4HPK	2	https://amazon-berkeley-objects.s3.amazonaws.com/images/original/47/47184ba7.jpg
abo-B0825Z4HPK	3	https://amazon-berkeley-objects.s3.amazonaws.com/images/original/22/22a4beef.jpg
abo-B0825Z4HPK	4	https://amazon-berkeley-objects.s3.amazonaws.com/images/original/cc/cc0dea10.jpg
abo-B0826VPSWN	1	https://amazon-berkeley-objects.s3.amazonaws.com/images/original/b8/b8d38a0f.jpg
abo-B0826VPSWN	2	https://amazon-berkeley-objects.s3.amazonaws.com/images/original/ca/ca4e3550.jpg
abo-B0826VPSWN	3	https://amazon-berkeley-objects.s3.amazonaws.com/images/original/d5/d5d09752.jpg
abo-B0826VPSWN	4	https://amazon-berkeley-objects.s3.amazonaws.com/images/original/47/47184ba7.jpg
abo-B0826ZBVDV	1	https://amazon-berkeley-objects.s3.amazonaws.com/images/original/0f/0fe2c71c.jpg
abo-B0826ZBVDV	2	https://amazon-berkeley-objects.s3.amazonaws.com/images/original/e2/e2950c21.jpg
abo-B0828DHVWJ	1	https://amazon-berkeley-objects.s3.amazonaws.com/images/original/73/731b6480.jpg
abo-B0828DHVWJ	2	https://amazon-berkeley-objects.s3.amazonaws.com/images/original/30/304582f0.jpg
abo-B0828DHVWJ	3	https://amazon-berkeley-objects.s3.amazonaws.com/images/original/54/5422aeb0.jpg
abo-B0828DHVWJ	4	https://amazon-berkeley-objects.s3.amazonaws.com/images/original/59/594d2e29.jpg
abo-B0828DZ1QL	1	https://amazon-berkeley-objects.s3.amazonaws.com/images/original/f1/f1944078.jpg
abo-B0828DZ1QL	2	https://amazon-berkeley-objects.s3.amazonaws.com/images/original/94/94591ccf.jpg
abo-B0828DZ1QL	3	https://amazon-berkeley-objects.s3.amazonaws.com/images/original/55/559aa864.jpg
abo-B0828DZ1QL	4	https://amazon-berkeley-objects.s3.amazonaws.com/images/original/9b/9b834a18.jpg
abo-B0828F59QW	1	https://amazon-berkeley-objects.s3.amazonaws.com/images/original/bb/bbc1f73c.jpg
abo-B0828F59QW	2	https://amazon-berkeley-objects.s3.amazonaws.com/images/original/c8/c8dc6bf9.jpg
abo-B0828F59QW	3	https://amazon-berkeley-objects.s3.amazonaws.com/images/original/73/73820c59.jpg
abo-B0828F59QW	4	https://amazon-berkeley-objects.s3.amazonaws.com/images/original/2a/2a19dcc1.jpg
abo-B0828F62FS	1	https://amazon-berkeley-objects.s3.amazonaws.com/images/original/e5/e544eb91.jpg
abo-B0828F62FS	2	https://amazon-berkeley-objects.s3.amazonaws.com/images/original/50/5011a0e1.jpg
abo-B0828F62FS	3	https://amazon-berkeley-objects.s3.amazonaws.com/images/original/32/32edb76b.jpg
abo-B0828F62FS	4	https://amazon-berkeley-objects.s3.amazonaws.com/images/original/b7/b7ed120c.jpg
abo-B0828F9CR3	1	https://amazon-berkeley-objects.s3.amazonaws.com/images/original/e7/e7579d04.jpg
abo-B0828F9CR3	2	https://amazon-berkeley-objects.s3.amazonaws.com/images/original/54/54be277c.jpg
abo-B0828F9CR3	3	https://amazon-berkeley-objects.s3.amazonaws.com/images/original/34/34fb65bc.jpg
abo-B0828F9CR3	4	https://amazon-berkeley-objects.s3.amazonaws.com/images/original/17/173cf961.jpg
abo-B0828FB1G7	1	https://amazon-berkeley-objects.s3.amazonaws.com/images/original/eb/eba31846.jpg
abo-B0828FB1G7	2	https://amazon-berkeley-objects.s3.amazonaws.com/images/original/1f/1fa515cf.jpg
abo-B0828FB1G7	3	https://amazon-berkeley-objects.s3.amazonaws.com/images/original/10/10c81576.jpg
abo-B0828FB1G7	4	https://amazon-berkeley-objects.s3.amazonaws.com/images/original/f3/f3667359.jpg
abo-B0828FFDWG	1	https://amazon-berkeley-objects.s3.amazonaws.com/images/original/76/76c8be22.jpg
abo-B0828FFDWG	2	https://amazon-berkeley-objects.s3.amazonaws.com/images/original/27/27bf0014.jpg
abo-B0828FFDWG	3	https://amazon-berkeley-objects.s3.amazonaws.com/images/original/0e/0eeda300.jpg
abo-B0828FFDWG	4	https://amazon-berkeley-objects.s3.amazonaws.com/images/original/48/4830219a.jpg
abo-B082959G9D	1	https://amazon-berkeley-objects.s3.amazonaws.com/images/original/f7/f733a34f.jpg
abo-B082959G9D	2	https://amazon-berkeley-objects.s3.amazonaws.com/images/original/e9/e91cc486.jpg
abo-B082959G9D	3	https://amazon-berkeley-objects.s3.amazonaws.com/images/original/d5/d5d09752.jpg
abo-B082959G9D	4	https://amazon-berkeley-objects.s3.amazonaws.com/images/original/47/47184ba7.jpg
abo-B0829TC715	1	https://amazon-berkeley-objects.s3.amazonaws.com/images/original/3b/3bfff190.jpg
abo-B0829TC715	2	https://amazon-berkeley-objects.s3.amazonaws.com/images/original/1b/1b1427ec.jpg
abo-B0829TC715	3	https://amazon-berkeley-objects.s3.amazonaws.com/images/original/93/93a94eee.jpg
abo-B0829TC715	4	https://amazon-berkeley-objects.s3.amazonaws.com/images/original/93/935f1175.jpg
abo-B082D3LBFD	1	https://amazon-berkeley-objects.s3.amazonaws.com/images/original/42/42843916.jpg
abo-B082D3LBFD	2	https://amazon-berkeley-objects.s3.amazonaws.com/images/original/fa/fa9090ae.jpg
abo-B082D3LBFD	3	https://amazon-berkeley-objects.s3.amazonaws.com/images/original/ec/ec091090.jpg
abo-B082D6DSWK	1	https://amazon-berkeley-objects.s3.amazonaws.com/images/original/c9/c973c7fe.jpg
abo-B082D6DSWK	2	https://amazon-berkeley-objects.s3.amazonaws.com/images/original/b0/b064ae66.jpg
abo-B082D6DSWK	3	https://amazon-berkeley-objects.s3.amazonaws.com/images/original/18/1868978a.jpg
abo-B082D6DSWK	4	https://amazon-berkeley-objects.s3.amazonaws.com/images/original/7c/7c05b954.jpg
abo-B082D6DSWK	5	https://amazon-berkeley-objects.s3.amazonaws.com/images/original/bf/bf62b59a.jpg
abo-B082D6DSWK	6	https://amazon-berkeley-objects.s3.amazonaws.com/images/original/5c/5c999125.jpg
abo-B082D6DSWK	7	https://amazon-berkeley-objects.s3.amazonaws.com/images/original/07/07582274.jpg
abo-B082DH8WTQ	1	https://amazon-berkeley-objects.s3.amazonaws.com/images/original/d6/d63c2ce1.jpg
abo-B082DH8WTQ	2	https://amazon-berkeley-objects.s3.amazonaws.com/images/original/6a/6a9a178e.jpg
abo-B082DPC6Z1	1	https://amazon-berkeley-objects.s3.amazonaws.com/images/original/00/0059a204.jpg
abo-B082DPC6Z1	2	https://amazon-berkeley-objects.s3.amazonaws.com/images/original/49/49c900d0.jpg
abo-B082DPC6Z1	3	https://amazon-berkeley-objects.s3.amazonaws.com/images/original/bf/bf8ca6f5.jpg
abo-B082DPC6Z1	4	https://amazon-berkeley-objects.s3.amazonaws.com/images/original/fe/fe836b0b.jpg
abo-B082DPXR2Z	1	https://amazon-berkeley-objects.s3.amazonaws.com/images/original/58/58d38f41.jpg
abo-B082DPXR2Z	2	https://amazon-berkeley-objects.s3.amazonaws.com/images/original/d3/d39296ea.jpg
abo-B082DPXR2Z	3	https://amazon-berkeley-objects.s3.amazonaws.com/images/original/8f/8f033a59.jpg
abo-B082DPXR2Z	4	https://amazon-berkeley-objects.s3.amazonaws.com/images/original/3e/3ec698f5.jpg
abo-B082F2LFTC	1	https://amazon-berkeley-objects.s3.amazonaws.com/images/original/a2/a2670d4e.jpg
abo-B082F2LFTC	2	https://amazon-berkeley-objects.s3.amazonaws.com/images/original/30/3039799b.jpg
abo-B082FQBZ4K	1	https://amazon-berkeley-objects.s3.amazonaws.com/images/original/7d/7de8b9bf.jpg
abo-B082FQBZ4K	2	https://amazon-berkeley-objects.s3.amazonaws.com/images/original/f8/f821bbd2.jpg
abo-B082FQBZ4K	3	https://amazon-berkeley-objects.s3.amazonaws.com/images/original/98/98bfb192.jpg
abo-B082FQBZ4K	4	https://amazon-berkeley-objects.s3.amazonaws.com/images/original/21/21f0bda6.jpg
abo-B082JHGQYP	1	https://amazon-berkeley-objects.s3.amazonaws.com/images/original/1a/1a2f973d.jpg
abo-B082JHGQYP	2	https://amazon-berkeley-objects.s3.amazonaws.com/images/original/25/256bcd12.jpg
abo-B082JHGQYP	3	https://amazon-berkeley-objects.s3.amazonaws.com/images/original/e7/e767f133.jpg
abo-B082JHGQYP	4	https://amazon-berkeley-objects.s3.amazonaws.com/images/original/40/40ae012b.jpg
abo-B082JHT8Z6	1	https://amazon-berkeley-objects.s3.amazonaws.com/images/original/eb/eb8cde51.jpg
abo-B082JHT8Z6	2	https://amazon-berkeley-objects.s3.amazonaws.com/images/original/be/be6285e6.jpg
abo-B082JHT8Z6	3	https://amazon-berkeley-objects.s3.amazonaws.com/images/original/9f/9f379a8f.jpg
abo-B082JHT8Z6	4	https://amazon-berkeley-objects.s3.amazonaws.com/images/original/79/7972d3da.jpg
abo-B082K9K4V4	1	https://amazon-berkeley-objects.s3.amazonaws.com/images/original/b7/b7341f7a.jpg
abo-B082K9K4V4	2	https://amazon-berkeley-objects.s3.amazonaws.com/images/original/66/66778ff2.jpg
abo-B082KCJHGS	1	https://amazon-berkeley-objects.s3.amazonaws.com/images/original/a2/a26e2ace.jpg
abo-B082KCJHGS	2	https://amazon-berkeley-objects.s3.amazonaws.com/images/original/17/17edc830.jpg
abo-B082KCJHGS	3	https://amazon-berkeley-objects.s3.amazonaws.com/images/original/7d/7d19af09.jpg
abo-B082KCJHGS	4	https://amazon-berkeley-objects.s3.amazonaws.com/images/original/ce/ce39aa8a.jpg
abo-B082KH2PC5	1	https://amazon-berkeley-objects.s3.amazonaws.com/images/original/e5/e5c927e2.jpg
abo-B082KH2PC5	2	https://amazon-berkeley-objects.s3.amazonaws.com/images/original/b1/b1459b48.jpg
abo-B082KH2PC5	3	https://amazon-berkeley-objects.s3.amazonaws.com/images/original/47/47184ba7.jpg
abo-B082KH2PC5	4	https://amazon-berkeley-objects.s3.amazonaws.com/images/original/c1/c18b9f62.jpg
abo-B082M3SBKJ	1	https://amazon-berkeley-objects.s3.amazonaws.com/images/original/e5/e5c927e2.jpg
abo-B082M3SBKJ	2	https://amazon-berkeley-objects.s3.amazonaws.com/images/original/b1/b1459b48.jpg
abo-B082M3SBKJ	3	https://amazon-berkeley-objects.s3.amazonaws.com/images/original/47/47184ba7.jpg
abo-B082M3SBKJ	4	https://amazon-berkeley-objects.s3.amazonaws.com/images/original/c1/c18b9f62.jpg
abo-B082MN47WT	1	https://amazon-berkeley-objects.s3.amazonaws.com/images/original/af/af1413b8.jpg
abo-B082MN47WT	2	https://amazon-berkeley-objects.s3.amazonaws.com/images/original/b0/b085b6d3.jpg
abo-B082MN47WT	3	https://amazon-berkeley-objects.s3.amazonaws.com/images/original/cd/cd8491d9.jpg
abo-B082MN47WT	4	https://amazon-berkeley-objects.s3.amazonaws.com/images/original/ce/ce4de44a.jpg
abo-B082P4T762	1	https://amazon-berkeley-objects.s3.amazonaws.com/images/original/63/63440438.jpg
abo-B082P4T762	2	https://amazon-berkeley-objects.s3.amazonaws.com/images/original/54/54978564.jpg
abo-B082P4T762	3	https://amazon-berkeley-objects.s3.amazonaws.com/images/original/63/63f2d690.jpg
abo-B082P4T762	4	https://amazon-berkeley-objects.s3.amazonaws.com/images/original/e6/e683d3dd.jpg
abo-B082P8SSSS	1	https://amazon-berkeley-objects.s3.amazonaws.com/images/original/d8/d8c12323.jpg
abo-B082P8SSSS	2	https://amazon-berkeley-objects.s3.amazonaws.com/images/original/16/160fb751.jpg
abo-B082PFXVPB	1	https://amazon-berkeley-objects.s3.amazonaws.com/images/original/28/2816b9b9.jpg
abo-B082PFXVPB	2	https://amazon-berkeley-objects.s3.amazonaws.com/images/original/3c/3c16a2c8.jpg
abo-B082PFXVPB	3	https://amazon-berkeley-objects.s3.amazonaws.com/images/original/09/09f4df95.jpg
abo-B082PFXVPB	4	https://amazon-berkeley-objects.s3.amazonaws.com/images/original/2e/2e575a18.jpg
abo-B082Q1LC74	1	https://amazon-berkeley-objects.s3.amazonaws.com/images/original/bd/bd98bc80.jpg
abo-B082Q1LC74	2	https://amazon-berkeley-objects.s3.amazonaws.com/images/original/2e/2e72d795.jpg
abo-B082Q1LC74	3	https://amazon-berkeley-objects.s3.amazonaws.com/images/original/2b/2bd94e72.jpg
abo-B082Q1LC74	4	https://amazon-berkeley-objects.s3.amazonaws.com/images/original/e9/e9a1f7be.jpg
abo-B082Q1MHDG	1	https://amazon-berkeley-objects.s3.amazonaws.com/images/original/60/6068f75b.jpg
abo-B082Q1MHDG	2	https://amazon-berkeley-objects.s3.amazonaws.com/images/original/f5/f53a2e56.jpg
abo-B082Q1MHDG	3	https://amazon-berkeley-objects.s3.amazonaws.com/images/original/f4/f40e25a6.jpg
abo-B082Q1MHDG	4	https://amazon-berkeley-objects.s3.amazonaws.com/images/original/15/1571ee20.jpg
abo-B082Q1MHHP	1	https://amazon-berkeley-objects.s3.amazonaws.com/images/original/9c/9cd57dfc.jpg
abo-B082Q1MHHP	2	https://amazon-berkeley-objects.s3.amazonaws.com/images/original/c7/c740d6ba.jpg
abo-B082Q1MHHP	3	https://amazon-berkeley-objects.s3.amazonaws.com/images/original/f8/f8b04879.jpg
abo-B082Q1MHHP	4	https://amazon-berkeley-objects.s3.amazonaws.com/images/original/73/730aea99.jpg
abo-B082Q1ZKD3	1	https://amazon-berkeley-objects.s3.amazonaws.com/images/original/f5/f5381c42.jpg
abo-B082Q1ZKD3	2	https://amazon-berkeley-objects.s3.amazonaws.com/images/original/92/92fcc9be.jpg
abo-B082Q1ZKD3	3	https://amazon-berkeley-objects.s3.amazonaws.com/images/original/4d/4dd7ea02.jpg
abo-B082Q1ZKD3	4	https://amazon-berkeley-objects.s3.amazonaws.com/images/original/c8/c8f77497.jpg
abo-B082Q21DRS	1	https://amazon-berkeley-objects.s3.amazonaws.com/images/original/68/681b041e.jpg
abo-B082Q21DRS	2	https://amazon-berkeley-objects.s3.amazonaws.com/images/original/bf/bf7b20c7.jpg
abo-B082Q21DRS	3	https://amazon-berkeley-objects.s3.amazonaws.com/images/original/e3/e355bddc.jpg
abo-B082Q21DRS	4	https://amazon-berkeley-objects.s3.amazonaws.com/images/original/e2/e2eac30e.jpg
abo-B082Q21DTJ	1	https://amazon-berkeley-objects.s3.amazonaws.com/images/original/6c/6c2f4fb3.jpg
abo-B082Q21DTJ	2	https://amazon-berkeley-objects.s3.amazonaws.com/images/original/0e/0eb7d395.jpg
abo-B082Q21DTJ	3	https://amazon-berkeley-objects.s3.amazonaws.com/images/original/3f/3fc08dd4.jpg
abo-B082Q21DTJ	4	https://amazon-berkeley-objects.s3.amazonaws.com/images/original/dc/dc3fb080.jpg
abo-B082Q22W9L	1	https://amazon-berkeley-objects.s3.amazonaws.com/images/original/00/00191bff.jpg
abo-B082Q22W9L	2	https://amazon-berkeley-objects.s3.amazonaws.com/images/original/f5/f53a2e56.jpg
abo-B082Q22W9L	3	https://amazon-berkeley-objects.s3.amazonaws.com/images/original/13/133802e2.jpg
abo-B082Q22W9L	4	https://amazon-berkeley-objects.s3.amazonaws.com/images/original/99/99f128b8.jpg
abo-B082Q22ZJ7	1	https://amazon-berkeley-objects.s3.amazonaws.com/images/original/8c/8c4c47d1.jpg
abo-B082Q22ZJ7	2	https://amazon-berkeley-objects.s3.amazonaws.com/images/original/f4/f40d1519.jpg
abo-B082Q22ZJ7	3	https://amazon-berkeley-objects.s3.amazonaws.com/images/original/92/92fcc9be.jpg
abo-B082Q22ZJ7	4	https://amazon-berkeley-objects.s3.amazonaws.com/images/original/56/56bd0dcc.jpg
abo-B082Q2BQQN	1	https://amazon-berkeley-objects.s3.amazonaws.com/images/original/00/00480dc8.jpg
abo-B082Q2BQQN	2	https://amazon-berkeley-objects.s3.amazonaws.com/images/original/cf/cf6c2ee0.jpg
abo-B082Q2BQQN	3	https://amazon-berkeley-objects.s3.amazonaws.com/images/original/e9/e9a1f7be.jpg
abo-B082Q2BQQN	4	https://amazon-berkeley-objects.s3.amazonaws.com/images/original/c8/c8f77497.jpg
abo-B082Q2N43W	1	https://amazon-berkeley-objects.s3.amazonaws.com/images/original/9c/9cc6bb5e.jpg
abo-B082Q2N43W	2	https://amazon-berkeley-objects.s3.amazonaws.com/images/original/0f/0ffe0e11.jpg
abo-B082Q2N43W	3	https://amazon-berkeley-objects.s3.amazonaws.com/images/original/92/92fcc9be.jpg
abo-B082Q2N43W	4	https://amazon-berkeley-objects.s3.amazonaws.com/images/original/c8/c8f77497.jpg
abo-B082Q2PJTQ	1	https://amazon-berkeley-objects.s3.amazonaws.com/images/original/21/214506b1.jpg
abo-B082Q2PJTQ	2	https://amazon-berkeley-objects.s3.amazonaws.com/images/original/35/3568b42e.jpg
abo-B082Q2PJTQ	3	https://amazon-berkeley-objects.s3.amazonaws.com/images/original/e2/e2eac30e.jpg
abo-B082Q2PJTQ	4	https://amazon-berkeley-objects.s3.amazonaws.com/images/original/3e/3eb5b857.jpg
abo-B082R7SFYS	1	https://amazon-berkeley-objects.s3.amazonaws.com/images/original/9c/9c8c199e.jpg
abo-B082R7SFYS	2	https://amazon-berkeley-objects.s3.amazonaws.com/images/original/e2/e2476da9.jpg
abo-B082RP9HZD	1	https://amazon-berkeley-objects.s3.amazonaws.com/images/original/40/40d52794.jpg
abo-B082RP9HZD	2	https://amazon-berkeley-objects.s3.amazonaws.com/images/original/bd/bd367742.jpg
abo-B082RP9HZD	3	https://amazon-berkeley-objects.s3.amazonaws.com/images/original/48/4818a106.jpg
abo-B082RP9HZD	4	https://amazon-berkeley-objects.s3.amazonaws.com/images/original/e7/e73e8dd4.jpg
abo-B082SFRTWS	1	https://amazon-berkeley-objects.s3.amazonaws.com/images/original/3a/3ab99545.jpg
abo-B082SFRTWS	2	https://amazon-berkeley-objects.s3.amazonaws.com/images/original/47/47184ba7.jpg
abo-B082SFRTWS	3	https://amazon-berkeley-objects.s3.amazonaws.com/images/original/8a/8a872f3d.jpg
abo-B082W5QRYK	1	https://amazon-berkeley-objects.s3.amazonaws.com/images/original/88/88d23596.jpg
abo-B082W5QRYK	2	https://amazon-berkeley-objects.s3.amazonaws.com/images/original/28/2831999f.jpg
abo-B082W5QRYK	3	https://amazon-berkeley-objects.s3.amazonaws.com/images/original/cd/cd273dd6.jpg
abo-B082W5QRYK	4	https://amazon-berkeley-objects.s3.amazonaws.com/images/original/e2/e2203f48.jpg
abo-B082WVV7V6	1	https://amazon-berkeley-objects.s3.amazonaws.com/images/original/c9/c91a54d0.jpg
abo-B082WVV7V6	2	https://amazon-berkeley-objects.s3.amazonaws.com/images/original/ee/ee295602.jpg
abo-B082X5KNDD	1	https://amazon-berkeley-objects.s3.amazonaws.com/images/original/f7/f75e9052.jpg
abo-B082X5KNDD	2	https://amazon-berkeley-objects.s3.amazonaws.com/images/original/93/935f1175.jpg
abo-B082X5KNDD	3	https://amazon-berkeley-objects.s3.amazonaws.com/images/original/4f/4f391e20.jpg
abo-B082X5KNDD	4	https://amazon-berkeley-objects.s3.amazonaws.com/images/original/e5/e53bffa4.jpg
abo-B082ZM4F1J	1	https://amazon-berkeley-objects.s3.amazonaws.com/images/original/ac/ac0352ec.jpg
abo-B082ZM4F1J	2	https://amazon-berkeley-objects.s3.amazonaws.com/images/original/f8/f8df6507.jpg
abo-B082ZRPZDN	1	https://amazon-berkeley-objects.s3.amazonaws.com/images/original/1f/1fb8da85.jpg
abo-B082ZRPZDN	2	https://amazon-berkeley-objects.s3.amazonaws.com/images/original/1b/1b1427ec.jpg
abo-B082ZRPZDN	3	https://amazon-berkeley-objects.s3.amazonaws.com/images/original/93/935f1175.jpg
abo-B082ZRPZDN	4	https://amazon-berkeley-objects.s3.amazonaws.com/images/original/1c/1cf48b5f.jpg
abo-B0832PK11L	1	https://amazon-berkeley-objects.s3.amazonaws.com/images/original/34/34e214e1.jpg
abo-B0832PK11L	2	https://amazon-berkeley-objects.s3.amazonaws.com/images/original/75/756ad31a.jpg
abo-B0832PK11L	3	https://amazon-berkeley-objects.s3.amazonaws.com/images/original/1b/1b1427ec.jpg
abo-B0832PK11L	4	https://amazon-berkeley-objects.s3.amazonaws.com/images/original/75/752105c9.jpg
abo-B0837KHDDX	1	https://amazon-berkeley-objects.s3.amazonaws.com/images/original/e1/e18639eb.jpg
abo-B0837KHDDX	2	https://amazon-berkeley-objects.s3.amazonaws.com/images/original/6f/6f3ca94c.jpg
abo-B0837ZXL7Z	1	https://amazon-berkeley-objects.s3.amazonaws.com/images/original/e0/e0b675ad.jpg
abo-B0837ZXL7Z	2	https://amazon-berkeley-objects.s3.amazonaws.com/images/original/26/26ddd268.jpg
abo-B0837ZXL7Z	3	https://amazon-berkeley-objects.s3.amazonaws.com/images/original/1b/1b1427ec.jpg
abo-B0837ZXL7Z	4	https://amazon-berkeley-objects.s3.amazonaws.com/images/original/09/0902150d.jpg
abo-B083BG3L65	1	https://amazon-berkeley-objects.s3.amazonaws.com/images/original/da/da2daf1f.jpg
abo-B083BG3L65	2	https://amazon-berkeley-objects.s3.amazonaws.com/images/original/c1/c1ee3d08.jpg
abo-B083BG3L65	3	https://amazon-berkeley-objects.s3.amazonaws.com/images/original/5f/5fb40851.jpg
abo-B083BG3L65	4	https://amazon-berkeley-objects.s3.amazonaws.com/images/original/05/05f200cf.jpg
abo-B083K8J6B8	1	https://amazon-berkeley-objects.s3.amazonaws.com/images/original/18/1828d666.jpg
abo-B083K8J6B8	2	https://amazon-berkeley-objects.s3.amazonaws.com/images/original/b7/b7d93835.jpg
abo-B083K8J6B8	3	https://amazon-berkeley-objects.s3.amazonaws.com/images/original/16/16f8e864.jpg
abo-B083K8J6B8	4	https://amazon-berkeley-objects.s3.amazonaws.com/images/original/ce/ce39aa8a.jpg
abo-B083K8J6B8	5	https://amazon-berkeley-objects.s3.amazonaws.com/images/original/7d/7d19af09.jpg
abo-B083K8J6B8	6	https://amazon-berkeley-objects.s3.amazonaws.com/images/original/87/87a85cac.jpg
abo-B083K8J6B8	7	https://amazon-berkeley-objects.s3.amazonaws.com/images/original/93/935f1175.jpg
abo-B083K8J6B8	8	https://amazon-berkeley-objects.s3.amazonaws.com/images/original/2d/2de55ed3.jpg
abo-B083KJYQCD	1	https://amazon-berkeley-objects.s3.amazonaws.com/images/original/40/40944d82.jpg
abo-B083KJYQCD	2	https://amazon-berkeley-objects.s3.amazonaws.com/images/original/04/04b7c626.jpg
abo-B083KJYQCD	3	https://amazon-berkeley-objects.s3.amazonaws.com/images/original/03/039a5d9a.jpg
abo-B083KP221C	1	https://amazon-berkeley-objects.s3.amazonaws.com/images/original/30/3099a1e6.jpg
abo-B083KP221C	2	https://amazon-berkeley-objects.s3.amazonaws.com/images/original/24/247174ae.jpg
abo-B083KP221C	3	https://amazon-berkeley-objects.s3.amazonaws.com/images/original/d1/d15fcde2.jpg
abo-B083KP221C	4	https://amazon-berkeley-objects.s3.amazonaws.com/images/original/a4/a4ecce9a.jpg
abo-B083KP5GZ6	1	https://amazon-berkeley-objects.s3.amazonaws.com/images/original/d8/d87c9e5c.jpg
abo-B083KP5GZ6	2	https://amazon-berkeley-objects.s3.amazonaws.com/images/original/88/88cd7338.jpg
abo-B083KP5GZ6	3	https://amazon-berkeley-objects.s3.amazonaws.com/images/original/41/41cb5713.jpg
abo-B083KP5GZ6	4	https://amazon-berkeley-objects.s3.amazonaws.com/images/original/28/289ea8ee.jpg
abo-B083MXHNMD	1	https://amazon-berkeley-objects.s3.amazonaws.com/images/original/50/50db07c1.jpg
abo-B083MXHNMD	2	https://amazon-berkeley-objects.s3.amazonaws.com/images/original/48/4818a106.jpg
abo-B083MXHNMD	3	https://amazon-berkeley-objects.s3.amazonaws.com/images/original/5a/5a189252.jpg
abo-B083MXHNMD	4	https://amazon-berkeley-objects.s3.amazonaws.com/images/original/e7/e73e8dd4.jpg
abo-B083NPW1DN	1	https://amazon-berkeley-objects.s3.amazonaws.com/images/original/c6/c6d45dfe.jpg
abo-B083NPW1DN	2	https://amazon-berkeley-objects.s3.amazonaws.com/images/original/e4/e404d6bf.jpg
abo-B083NPW1DN	3	https://amazon-berkeley-objects.s3.amazonaws.com/images/original/28/28b5a1a9.jpg
abo-B083NPW1DN	4	https://amazon-berkeley-objects.s3.amazonaws.com/images/original/80/80af985a.jpg
abo-B083NR5DVY	1	https://amazon-berkeley-objects.s3.amazonaws.com/images/original/b6/b6b0a383.jpg
abo-B083NR5DVY	2	https://amazon-berkeley-objects.s3.amazonaws.com/images/original/28/28b5a1a9.jpg
abo-B083NR5DVY	3	https://amazon-berkeley-objects.s3.amazonaws.com/images/original/cc/ccf16f42.jpg
abo-B083NR5DVY	4	https://amazon-berkeley-objects.s3.amazonaws.com/images/original/3b/3bcb3f2e.jpg
abo-B083P6SC2C	1	https://amazon-berkeley-objects.s3.amazonaws.com/images/original/4e/4e6ee190.jpg
abo-B083P6SC2C	2	https://amazon-berkeley-objects.s3.amazonaws.com/images/original/fa/faf791a3.jpg
abo-B083P6SC2C	3	https://amazon-berkeley-objects.s3.amazonaws.com/images/original/47/47184ba7.jpg
abo-B083P6SC2C	4	https://amazon-berkeley-objects.s3.amazonaws.com/images/original/13/13ef4146.jpg
abo-B083RD39NH	1	https://amazon-berkeley-objects.s3.amazonaws.com/images/original/10/10554922.jpg
abo-B083RD39NH	2	https://amazon-berkeley-objects.s3.amazonaws.com/images/original/bd/bd47b305.jpg
abo-B083RD39NH	3	https://amazon-berkeley-objects.s3.amazonaws.com/images/original/f7/f7f3c648.jpg
abo-B083RD39NH	4	https://amazon-berkeley-objects.s3.amazonaws.com/images/original/2c/2c6f1203.jpg
abo-B083TCF7Q3	1	https://amazon-berkeley-objects.s3.amazonaws.com/images/original/14/14312ed0.jpg
abo-B083TCF7Q3	2	https://amazon-berkeley-objects.s3.amazonaws.com/images/original/68/6832287d.jpg
abo-B083TCF7Q3	3	https://amazon-berkeley-objects.s3.amazonaws.com/images/original/a8/a81e256c.jpg
abo-B083TCF7Q3	4	https://amazon-berkeley-objects.s3.amazonaws.com/images/original/59/59150e6a.jpg
abo-B083TCF7Q3	5	https://amazon-berkeley-objects.s3.amazonaws.com/images/original/83/83b28046.jpg
abo-B083TCF7Q3	6	https://amazon-berkeley-objects.s3.amazonaws.com/images/original/7e/7e52652d.jpg
abo-B083TCF7Q3	7	https://amazon-berkeley-objects.s3.amazonaws.com/images/original/34/34f00913.jpg
abo-B083TCF7Q3	8	https://amazon-berkeley-objects.s3.amazonaws.com/images/original/82/82c543cf.jpg
abo-B083TFZCNN	1	https://amazon-berkeley-objects.s3.amazonaws.com/images/original/df/df7d6326.jpg
abo-B083TFZCNN	2	https://amazon-berkeley-objects.s3.amazonaws.com/images/original/fd/fd5ebbc1.jpg
abo-B083TFZCNN	3	https://amazon-berkeley-objects.s3.amazonaws.com/images/original/54/542125ad.jpg
abo-B083TFZCNN	4	https://amazon-berkeley-objects.s3.amazonaws.com/images/original/5c/5c5e9686.jpg
abo-B083TFZCNN	5	https://amazon-berkeley-objects.s3.amazonaws.com/images/original/9e/9eea6c18.jpg
abo-B083TFZCNN	6	https://amazon-berkeley-objects.s3.amazonaws.com/images/original/47/472700c5.jpg
abo-B083TFZCNN	7	https://amazon-berkeley-objects.s3.amazonaws.com/images/original/3b/3be2d187.jpg
abo-B083TFZCNN	8	https://amazon-berkeley-objects.s3.amazonaws.com/images/original/1c/1cb9d6b5.jpg
abo-B083V75G1Y	1	https://amazon-berkeley-objects.s3.amazonaws.com/images/original/32/329f52cd.jpg
abo-B083V75G1Y	2	https://amazon-berkeley-objects.s3.amazonaws.com/images/original/bb/bbb97bc9.jpg
abo-B083V75G1Y	3	https://amazon-berkeley-objects.s3.amazonaws.com/images/original/0d/0d702ed9.jpg
abo-B083V75G1Y	4	https://amazon-berkeley-objects.s3.amazonaws.com/images/original/08/0896aece.jpg
abo-B083V75G1Y	5	https://amazon-berkeley-objects.s3.amazonaws.com/images/original/24/246b2527.jpg
abo-B083V75G1Y	6	https://amazon-berkeley-objects.s3.amazonaws.com/images/original/32/32168f19.jpg
abo-B083V75G1Y	7	https://amazon-berkeley-objects.s3.amazonaws.com/images/original/35/35a1e1e7.jpg
abo-B083V75G1Y	8	https://amazon-berkeley-objects.s3.amazonaws.com/images/original/08/086f5c0d.jpg
abo-B083V88R15	1	https://amazon-berkeley-objects.s3.amazonaws.com/images/original/05/051f98e7.jpg
abo-B083V88R15	2	https://amazon-berkeley-objects.s3.amazonaws.com/images/original/fa/fabb27ed.jpg
abo-B083V88R15	3	https://amazon-berkeley-objects.s3.amazonaws.com/images/original/48/48929c11.jpg
abo-B083V88R15	4	https://amazon-berkeley-objects.s3.amazonaws.com/images/original/83/839b9781.jpg
abo-B083V88R15	5	https://amazon-berkeley-objects.s3.amazonaws.com/images/original/49/49dd80c5.jpg
abo-B083V88R15	6	https://amazon-berkeley-objects.s3.amazonaws.com/images/original/36/3633b7d2.jpg
abo-B083V88R15	7	https://amazon-berkeley-objects.s3.amazonaws.com/images/original/16/16d47072.jpg
abo-B083V88R15	8	https://amazon-berkeley-objects.s3.amazonaws.com/images/original/11/11b10ef6.jpg
abo-B083VMNYLY	1	https://amazon-berkeley-objects.s3.amazonaws.com/images/original/7c/7cabf52b.jpg
abo-B083VMNYLY	2	https://amazon-berkeley-objects.s3.amazonaws.com/images/original/20/20533b83.jpg
abo-B083VMNYLY	3	https://amazon-berkeley-objects.s3.amazonaws.com/images/original/67/67d32cb3.jpg
abo-B083VMNYLY	4	https://amazon-berkeley-objects.s3.amazonaws.com/images/original/a9/a963b6c0.jpg
abo-B083XZC6PN	1	https://amazon-berkeley-objects.s3.amazonaws.com/images/original/a4/a4b280ab.jpg
abo-B083XZC6PN	2	https://amazon-berkeley-objects.s3.amazonaws.com/images/original/43/43c4b631.jpg
abo-B083XZC6PN	3	https://amazon-berkeley-objects.s3.amazonaws.com/images/original/2e/2eba2baa.jpg
abo-B083XZC6PN	4	https://amazon-berkeley-objects.s3.amazonaws.com/images/original/af/aff3fac9.jpg
abo-B083Y5CN4J	1	https://amazon-berkeley-objects.s3.amazonaws.com/images/original/52/522008ed.jpg
abo-B083Y5CN4J	2	https://amazon-berkeley-objects.s3.amazonaws.com/images/original/85/858876c4.jpg
abo-B083Y5CN4J	3	https://amazon-berkeley-objects.s3.amazonaws.com/images/original/87/87f6eebc.jpg
abo-B083Y5CN4J	4	https://amazon-berkeley-objects.s3.amazonaws.com/images/original/53/5312623f.jpg
abo-B08418XLLJ	1	https://amazon-berkeley-objects.s3.amazonaws.com/images/original/a0/a044b918.jpg
abo-B08418XLLJ	2	https://amazon-berkeley-objects.s3.amazonaws.com/images/original/27/279d0255.jpg
abo-B08418XLLJ	3	https://amazon-berkeley-objects.s3.amazonaws.com/images/original/43/433e7763.jpg
abo-B08418XLLJ	4	https://amazon-berkeley-objects.s3.amazonaws.com/images/original/be/be1d2c80.jpg
abo-B0842BZ91C	1	https://amazon-berkeley-objects.s3.amazonaws.com/images/original/47/47b156f6.jpg
abo-B0842BZ91C	2	https://amazon-berkeley-objects.s3.amazonaws.com/images/original/13/1396f19d.jpg
abo-B0842BZ91C	3	https://amazon-berkeley-objects.s3.amazonaws.com/images/original/0f/0f8d39a6.jpg
abo-B0846K1291	1	https://amazon-berkeley-objects.s3.amazonaws.com/images/original/5f/5f041fa5.jpg
abo-B0846K1291	2	https://amazon-berkeley-objects.s3.amazonaws.com/images/original/dc/dc98076d.jpg
abo-B0846K1291	3	https://amazon-berkeley-objects.s3.amazonaws.com/images/original/99/99db4ab5.jpg
abo-B0847B2777	1	https://amazon-berkeley-objects.s3.amazonaws.com/images/original/8a/8ac6eaec.jpg
abo-B0847B2777	2	https://amazon-berkeley-objects.s3.amazonaws.com/images/original/4a/4a045381.jpg
abo-B0847B2777	3	https://amazon-berkeley-objects.s3.amazonaws.com/images/original/5a/5a80fa85.jpg
abo-B0847B2777	4	https://amazon-berkeley-objects.s3.amazonaws.com/images/original/77/77710a45.jpg
abo-B0848N9N2Z	1	https://amazon-berkeley-objects.s3.amazonaws.com/images/original/53/53398237.jpg
abo-B0848N9N2Z	2	https://amazon-berkeley-objects.s3.amazonaws.com/images/original/73/7326568e.jpg
abo-B0848N9N2Z	3	https://amazon-berkeley-objects.s3.amazonaws.com/images/original/8f/8fa1d5de.jpg
abo-B0848N9N2Z	4	https://amazon-berkeley-objects.s3.amazonaws.com/images/original/e6/e683d3dd.jpg
abo-B084BPLJ6B	1	https://amazon-berkeley-objects.s3.amazonaws.com/images/original/b8/b8ab5b4e.jpg
abo-B084BPLJ6B	2	https://amazon-berkeley-objects.s3.amazonaws.com/images/original/e1/e1a84511.jpg
abo-B084BPLJ6B	3	https://amazon-berkeley-objects.s3.amazonaws.com/images/original/86/8678f4eb.jpg
abo-B084CBDJGF	1	https://amazon-berkeley-objects.s3.amazonaws.com/images/original/fe/feec8983.jpg
abo-B084CBDJGF	2	https://amazon-berkeley-objects.s3.amazonaws.com/images/original/46/467ed674.jpg
abo-B084CBDJGF	3	https://amazon-berkeley-objects.s3.amazonaws.com/images/original/be/be7be6e6.jpg
abo-B084CBDJGF	4	https://amazon-berkeley-objects.s3.amazonaws.com/images/original/11/116110ad.jpg
abo-B084CBDJGQ	1	https://amazon-berkeley-objects.s3.amazonaws.com/images/original/2b/2be5f4eb.jpg
abo-B084CBDJGQ	2	https://amazon-berkeley-objects.s3.amazonaws.com/images/original/d0/d04ddf40.jpg
abo-B084CBDJGQ	3	https://amazon-berkeley-objects.s3.amazonaws.com/images/original/58/582a6288.jpg
abo-B084CBDJGQ	4	https://amazon-berkeley-objects.s3.amazonaws.com/images/original/3a/3ae8890f.jpg
abo-B084CBFS6Q	1	https://amazon-berkeley-objects.s3.amazonaws.com/images/original/bf/bf7e4e16.jpg
abo-B084CBFS6Q	2	https://amazon-berkeley-objects.s3.amazonaws.com/images/original/a5/a58f28b0.jpg
abo-B084CBFS6Q	3	https://amazon-berkeley-objects.s3.amazonaws.com/images/original/e2/e25f8bd0.jpg
abo-B084CBFS6Q	4	https://amazon-berkeley-objects.s3.amazonaws.com/images/original/3a/3ae8890f.jpg
abo-B084CBFS7K	1	https://amazon-berkeley-objects.s3.amazonaws.com/images/original/b0/b0f5109a.jpg
abo-B084CBFS7K	2	https://amazon-berkeley-objects.s3.amazonaws.com/images/original/2d/2de5e01d.jpg
abo-B084CBFS7K	3	https://amazon-berkeley-objects.s3.amazonaws.com/images/original/7b/7bc3f26c.jpg
abo-B084CBFS7K	4	https://amazon-berkeley-objects.s3.amazonaws.com/images/original/0f/0fcc27a4.jpg
abo-B084CBGRDF	1	https://amazon-berkeley-objects.s3.amazonaws.com/images/original/fe/fee1fc5f.jpg
abo-B084CBGRDF	2	https://amazon-berkeley-objects.s3.amazonaws.com/images/original/d1/d154c339.jpg
abo-B084CBGRDF	3	https://amazon-berkeley-objects.s3.amazonaws.com/images/original/9d/9d0d49d0.jpg
abo-B084CBGRDF	4	https://amazon-berkeley-objects.s3.amazonaws.com/images/original/d0/d04ddf40.jpg
abo-B084CBGRDM	1	https://amazon-berkeley-objects.s3.amazonaws.com/images/original/fd/fd6e2ae2.jpg
abo-B084CBGRDM	2	https://amazon-berkeley-objects.s3.amazonaws.com/images/original/47/473211b0.jpg
abo-B084CBGRDM	3	https://amazon-berkeley-objects.s3.amazonaws.com/images/original/3a/3ae8890f.jpg
abo-B084CBGRDM	4	https://amazon-berkeley-objects.s3.amazonaws.com/images/original/e2/e2358de6.jpg
abo-B084CBHX2K	1	https://amazon-berkeley-objects.s3.amazonaws.com/images/original/c8/c8d475e2.jpg
abo-B084CBHX2K	2	https://amazon-berkeley-objects.s3.amazonaws.com/images/original/65/651da665.jpg
abo-B084CBHX2K	3	https://amazon-berkeley-objects.s3.amazonaws.com/images/original/48/48f802dc.jpg
abo-B084CBHX2K	4	https://amazon-berkeley-objects.s3.amazonaws.com/images/original/d0/d04ddf40.jpg
abo-B084CBMCXR	1	https://amazon-berkeley-objects.s3.amazonaws.com/images/original/6e/6ec9af9b.jpg
abo-B084CBMCXR	2	https://amazon-berkeley-objects.s3.amazonaws.com/images/original/22/223e53ce.jpg
abo-B084CBMCXR	3	https://amazon-berkeley-objects.s3.amazonaws.com/images/original/fb/fbc2937d.jpg
abo-B084CBMCXR	4	https://amazon-berkeley-objects.s3.amazonaws.com/images/original/11/116110ad.jpg
abo-B084CBPB6B	1	https://amazon-berkeley-objects.s3.amazonaws.com/images/original/5b/5b6ba4b9.jpg
abo-B084CBPB6B	2	https://amazon-berkeley-objects.s3.amazonaws.com/images/original/80/80842a2f.jpg
abo-B084CBPB6B	3	https://amazon-berkeley-objects.s3.amazonaws.com/images/original/c0/c0c3f758.jpg
abo-B084CBPB6B	4	https://amazon-berkeley-objects.s3.amazonaws.com/images/original/b6/b6b75033.jpg
abo-B084CBQGTY	1	https://amazon-berkeley-objects.s3.amazonaws.com/images/original/f5/f56e080c.jpg
abo-B084CBQGTY	2	https://amazon-berkeley-objects.s3.amazonaws.com/images/original/bf/bfa674b1.jpg
abo-B084CBQGTY	3	https://amazon-berkeley-objects.s3.amazonaws.com/images/original/ce/ce338554.jpg
abo-B084CBQGTY	4	https://amazon-berkeley-objects.s3.amazonaws.com/images/original/68/682113ff.jpg
abo-B084CBTC9P	1	https://amazon-berkeley-objects.s3.amazonaws.com/images/original/6c/6c9113e2.jpg
abo-B084CBTC9P	2	https://amazon-berkeley-objects.s3.amazonaws.com/images/original/62/628d86ff.jpg
abo-B084CBTC9P	3	https://amazon-berkeley-objects.s3.amazonaws.com/images/original/88/888962fa.jpg
abo-B084CBTC9P	4	https://amazon-berkeley-objects.s3.amazonaws.com/images/original/64/642573b3.jpg
abo-B084CBX3CN	1	https://amazon-berkeley-objects.s3.amazonaws.com/images/original/0f/0f6237e5.jpg
abo-B084CBX3CN	2	https://amazon-berkeley-objects.s3.amazonaws.com/images/original/52/52cfce8a.jpg
abo-B084CBX3CN	3	https://amazon-berkeley-objects.s3.amazonaws.com/images/original/d0/d04ddf40.jpg
abo-B084CBX3CN	4	https://amazon-berkeley-objects.s3.amazonaws.com/images/original/82/82609023.jpg
abo-B084CBX7PT	1	https://amazon-berkeley-objects.s3.amazonaws.com/images/original/0c/0c1fab72.jpg
abo-B084CBX7PT	2	https://amazon-berkeley-objects.s3.amazonaws.com/images/original/c4/c4a1c3e4.jpg
abo-B084CBX7PT	3	https://amazon-berkeley-objects.s3.amazonaws.com/images/original/a3/a3d0eaeb.jpg
abo-B084CBX7PT	4	https://amazon-berkeley-objects.s3.amazonaws.com/images/original/3a/3ae8890f.jpg
abo-B084CBX7QT	1	https://amazon-berkeley-objects.s3.amazonaws.com/images/original/67/6793fcd2.jpg
abo-B084CBX7QT	2	https://amazon-berkeley-objects.s3.amazonaws.com/images/original/01/0107b438.jpg
abo-B084CBX7QT	3	https://amazon-berkeley-objects.s3.amazonaws.com/images/original/f6/f65924e3.jpg
abo-B084CBX7QT	4	https://amazon-berkeley-objects.s3.amazonaws.com/images/original/98/9887312f.jpg
abo-B084CC5ZVQ	1	https://amazon-berkeley-objects.s3.amazonaws.com/images/original/85/85c2d21c.jpg
abo-B084CC5ZVQ	2	https://amazon-berkeley-objects.s3.amazonaws.com/images/original/01/0107b438.jpg
abo-B084CC5ZVQ	3	https://amazon-berkeley-objects.s3.amazonaws.com/images/original/a3/a33c76db.jpg
abo-B084CC5ZVQ	4	https://amazon-berkeley-objects.s3.amazonaws.com/images/original/17/17b00898.jpg
abo-B084CC5ZVR	1	https://amazon-berkeley-objects.s3.amazonaws.com/images/original/1a/1ab838a1.jpg
abo-B084CC5ZVR	2	https://amazon-berkeley-objects.s3.amazonaws.com/images/original/e5/e578ae22.jpg
abo-B084CC5ZVR	3	https://amazon-berkeley-objects.s3.amazonaws.com/images/original/f5/f55bf2f2.jpg
abo-B084CC5ZVR	4	https://amazon-berkeley-objects.s3.amazonaws.com/images/original/35/35fad800.jpg
abo-B084CC8GLC	1	https://amazon-berkeley-objects.s3.amazonaws.com/images/original/3b/3b548d16.jpg
abo-B084CC8GLC	2	https://amazon-berkeley-objects.s3.amazonaws.com/images/original/e8/e85a8aff.jpg
abo-B084CC8GLC	3	https://amazon-berkeley-objects.s3.amazonaws.com/images/original/eb/eb8cb5b7.jpg
abo-B084CC8GLC	4	https://amazon-berkeley-objects.s3.amazonaws.com/images/original/4c/4cdb3dc7.jpg
abo-B084CC8VNF	1	https://amazon-berkeley-objects.s3.amazonaws.com/images/original/7e/7e42e9d5.jpg
abo-B084CC8VNF	2	https://amazon-berkeley-objects.s3.amazonaws.com/images/original/77/77a9d4f3.jpg
abo-B084CC8VNF	3	https://amazon-berkeley-objects.s3.amazonaws.com/images/original/63/63cdbbf2.jpg
abo-B084CC8VNF	4	https://amazon-berkeley-objects.s3.amazonaws.com/images/original/2f/2f015723.jpg
abo-B084CCFR19	1	https://amazon-berkeley-objects.s3.amazonaws.com/images/original/a1/a17d3e1c.jpg
abo-B084CCFR19	2	https://amazon-berkeley-objects.s3.amazonaws.com/images/original/09/0904e315.jpg
abo-B084CCFR19	3	https://amazon-berkeley-objects.s3.amazonaws.com/images/original/f5/f55bf2f2.jpg
abo-B084CCFR19	4	https://amazon-berkeley-objects.s3.amazonaws.com/images/original/38/38138fc9.jpg
abo-B084CCKZNW	1	https://amazon-berkeley-objects.s3.amazonaws.com/images/original/99/99794cf2.jpg
abo-B084CCKZNW	2	https://amazon-berkeley-objects.s3.amazonaws.com/images/original/62/628d86ff.jpg
abo-B084CCKZNW	3	https://amazon-berkeley-objects.s3.amazonaws.com/images/original/7a/7ac58e3f.jpg
abo-B084CCKZNW	4	https://amazon-berkeley-objects.s3.amazonaws.com/images/original/75/750689f2.jpg
abo-B084CCLC3Y	1	https://amazon-berkeley-objects.s3.amazonaws.com/images/original/0e/0eb90ac4.jpg
abo-B084CCLC3Y	2	https://amazon-berkeley-objects.s3.amazonaws.com/images/original/cb/cbaffe9c.jpg
abo-B084CCLC3Y	3	https://amazon-berkeley-objects.s3.amazonaws.com/images/original/f4/f4ed1ac3.jpg
abo-B084CCLC3Y	4	https://amazon-berkeley-objects.s3.amazonaws.com/images/original/65/65f93c77.jpg
abo-B084CCRVGN	1	https://amazon-berkeley-objects.s3.amazonaws.com/images/original/73/73318790.jpg
abo-B084CCRVGN	2	https://amazon-berkeley-objects.s3.amazonaws.com/images/original/0b/0bbae872.jpg
abo-B084CCRVGN	3	https://amazon-berkeley-objects.s3.amazonaws.com/images/original/4c/4c2aeec2.jpg
abo-B084CCRVGN	4	https://amazon-berkeley-objects.s3.amazonaws.com/images/original/a8/a804cede.jpg
abo-B084CDHR38	1	https://amazon-berkeley-objects.s3.amazonaws.com/images/original/d2/d2a08ce4.jpg
abo-B084CDHR38	2	https://amazon-berkeley-objects.s3.amazonaws.com/images/original/62/628d86ff.jpg
abo-B084CDHR38	3	https://amazon-berkeley-objects.s3.amazonaws.com/images/original/6a/6acffdde.jpg
abo-B084CDHR38	4	https://amazon-berkeley-objects.s3.amazonaws.com/images/original/6a/6a51118e.jpg
abo-B084CDHR3B	1	https://amazon-berkeley-objects.s3.amazonaws.com/images/original/e7/e78e2739.jpg
abo-B084CDHR3B	2	https://amazon-berkeley-objects.s3.amazonaws.com/images/original/53/530339fb.jpg
abo-B084CDHR3B	3	https://amazon-berkeley-objects.s3.amazonaws.com/images/original/c0/c08afe94.jpg
abo-B084CDHR3B	4	https://amazon-berkeley-objects.s3.amazonaws.com/images/original/11/116110ad.jpg
abo-B084CDHR3W	1	https://amazon-berkeley-objects.s3.amazonaws.com/images/original/e0/e072802b.jpg
abo-B084CDHR3W	2	https://amazon-berkeley-objects.s3.amazonaws.com/images/original/62/628d86ff.jpg
abo-B084CDHR4R	1	https://amazon-berkeley-objects.s3.amazonaws.com/images/original/35/3595924e.jpg
abo-B084CDHR4R	2	https://amazon-berkeley-objects.s3.amazonaws.com/images/original/87/87f39622.jpg
abo-B084CDJ3KD	1	https://amazon-berkeley-objects.s3.amazonaws.com/images/original/6a/6a052535.jpg
abo-B084CDJ3KD	2	https://amazon-berkeley-objects.s3.amazonaws.com/images/original/dd/dd668c49.jpg
abo-B084CDJ3KD	3	https://amazon-berkeley-objects.s3.amazonaws.com/images/original/66/663d1809.jpg
abo-B084CDJ3KD	4	https://amazon-berkeley-objects.s3.amazonaws.com/images/original/02/02aecf6e.jpg
abo-B084CDJ3L4	1	https://amazon-berkeley-objects.s3.amazonaws.com/images/original/99/99e66ee8.jpg
abo-B084CDJ3L4	2	https://amazon-berkeley-objects.s3.amazonaws.com/images/original/a2/a2dfd770.jpg
abo-B084CDJ3L4	3	https://amazon-berkeley-objects.s3.amazonaws.com/images/original/79/79e725f6.jpg
abo-B084CDJ3L4	4	https://amazon-berkeley-objects.s3.amazonaws.com/images/original/50/50da8826.jpg
abo-B084CFX3L2	1	https://amazon-berkeley-objects.s3.amazonaws.com/images/original/f2/f22f7ea8.jpg
abo-B084CFX3L2	2	https://amazon-berkeley-objects.s3.amazonaws.com/images/original/41/417c976e.jpg
abo-B084CFX3L2	3	https://amazon-berkeley-objects.s3.amazonaws.com/images/original/4b/4b80d283.jpg
abo-B084CFX3L2	4	https://amazon-berkeley-objects.s3.amazonaws.com/images/original/8c/8cb76e72.jpg
abo-B084DL3BNJ	1	https://amazon-berkeley-objects.s3.amazonaws.com/images/original/5a/5a9ea669.jpg
abo-B084DL3BNJ	2	https://amazon-berkeley-objects.s3.amazonaws.com/images/original/2e/2eed12d0.jpg
abo-B084DL3BNJ	3	https://amazon-berkeley-objects.s3.amazonaws.com/images/original/bd/bdc49c43.jpg
abo-B084F7PMKB	1	https://amazon-berkeley-objects.s3.amazonaws.com/images/original/9c/9cc8a97f.jpg
abo-B084F7PMKB	2	https://amazon-berkeley-objects.s3.amazonaws.com/images/original/93/935f1175.jpg
abo-B084F7PMKB	3	https://amazon-berkeley-objects.s3.amazonaws.com/images/original/33/33dec10f.jpg
abo-B084F7PMKB	4	https://amazon-berkeley-objects.s3.amazonaws.com/images/original/1b/1b1427ec.jpg
abo-B084FXL3H8	1	https://amazon-berkeley-objects.s3.amazonaws.com/images/original/41/41c6a4f4.jpg
abo-B084FXL3H8	2	https://amazon-berkeley-objects.s3.amazonaws.com/images/original/5f/5f370752.jpg
abo-B084FXL3H8	3	https://amazon-berkeley-objects.s3.amazonaws.com/images/original/f6/f63bf19c.jpg
abo-B084FXL3H8	4	https://amazon-berkeley-objects.s3.amazonaws.com/images/original/f5/f5eaee56.jpg
abo-B084KQ8Z9V	1	https://amazon-berkeley-objects.s3.amazonaws.com/images/original/68/687aaf94.jpg
abo-B084KQ8Z9V	2	https://amazon-berkeley-objects.s3.amazonaws.com/images/original/c3/c3a05d0d.jpg
abo-B084KQ8Z9V	3	https://amazon-berkeley-objects.s3.amazonaws.com/images/original/c6/c632e4ee.jpg
abo-B084KQ8Z9V	4	https://amazon-berkeley-objects.s3.amazonaws.com/images/original/47/476dcd86.jpg
abo-B084L8SYY8	1	https://amazon-berkeley-objects.s3.amazonaws.com/images/original/02/023a55d3.jpg
abo-B084L8SYY8	2	https://amazon-berkeley-objects.s3.amazonaws.com/images/original/29/29274e67.jpg
abo-B084L8SYY8	3	https://amazon-berkeley-objects.s3.amazonaws.com/images/original/02/0262739d.jpg
abo-B084L8SYY8	4	https://amazon-berkeley-objects.s3.amazonaws.com/images/original/3e/3e0be335.jpg
abo-B084LXB3HF	1	https://amazon-berkeley-objects.s3.amazonaws.com/images/original/e2/e2df5de5.jpg
abo-B084LXB3HF	2	https://amazon-berkeley-objects.s3.amazonaws.com/images/original/d3/d39ed273.jpg
abo-B084LXB3HF	3	https://amazon-berkeley-objects.s3.amazonaws.com/images/original/24/247694db.jpg
abo-B084LXB3HF	4	https://amazon-berkeley-objects.s3.amazonaws.com/images/original/cb/cbb58a53.jpg
abo-B084RQ6XHW	1	https://amazon-berkeley-objects.s3.amazonaws.com/images/original/2e/2ec4a22f.jpg
abo-B084RQ6XHW	2	https://amazon-berkeley-objects.s3.amazonaws.com/images/original/0c/0c467c1e.jpg
abo-B084RQ6XHW	3	https://amazon-berkeley-objects.s3.amazonaws.com/images/original/5e/5e167d59.jpg
abo-B084RQ6XHW	4	https://amazon-berkeley-objects.s3.amazonaws.com/images/original/d8/d892cf73.jpg
abo-B084SSQP3L	1	https://amazon-berkeley-objects.s3.amazonaws.com/images/original/b9/b9438d67.jpg
abo-B084SSQP3L	2	https://amazon-berkeley-objects.s3.amazonaws.com/images/original/80/8049a105.jpg
abo-B084SSQP3L	3	https://amazon-berkeley-objects.s3.amazonaws.com/images/original/a5/a55fc2b5.jpg
abo-B084SSQP3L	4	https://amazon-berkeley-objects.s3.amazonaws.com/images/original/dd/dd75acd1.jpg
abo-B084T3T1FR	1	https://amazon-berkeley-objects.s3.amazonaws.com/images/original/64/649fe05d.jpg
abo-B084T3T1FR	2	https://amazon-berkeley-objects.s3.amazonaws.com/images/original/d8/d8e2d602.jpg
abo-B084T3T1FR	3	https://amazon-berkeley-objects.s3.amazonaws.com/images/original/f0/f0635ded.jpg
abo-B084T3T1FR	4	https://amazon-berkeley-objects.s3.amazonaws.com/images/original/ff/ffa6ab06.jpg
abo-B084T96GYB	1	https://amazon-berkeley-objects.s3.amazonaws.com/images/original/4d/4d1f1a6e.jpg
abo-B084T96GYB	2	https://amazon-berkeley-objects.s3.amazonaws.com/images/original/ba/ba0f893b.jpg
abo-B084T96GYB	3	https://amazon-berkeley-objects.s3.amazonaws.com/images/original/8a/8adc554e.jpg
abo-B084T96GYB	4	https://amazon-berkeley-objects.s3.amazonaws.com/images/original/57/57946108.jpg
abo-B084X6SYK9	1	https://amazon-berkeley-objects.s3.amazonaws.com/images/original/90/90bf6f36.jpg
abo-B084X6SYK9	2	https://amazon-berkeley-objects.s3.amazonaws.com/images/original/22/2252ae86.jpg
abo-B084X6SYK9	3	https://amazon-berkeley-objects.s3.amazonaws.com/images/original/aa/aa572c32.jpg
abo-B084X6SYK9	4	https://amazon-berkeley-objects.s3.amazonaws.com/images/original/31/31d5ac23.jpg
abo-B085385M2H	1	https://amazon-berkeley-objects.s3.amazonaws.com/images/original/01/015b488f.jpg
abo-B085385M2H	2	https://amazon-berkeley-objects.s3.amazonaws.com/images/original/5a/5ab7279d.jpg
abo-B085385M2H	3	https://amazon-berkeley-objects.s3.amazonaws.com/images/original/e7/e73e8dd4.jpg
abo-B0853P1X94	1	https://amazon-berkeley-objects.s3.amazonaws.com/images/original/1d/1de38a6b.jpg
abo-B0853P1X94	2	https://amazon-berkeley-objects.s3.amazonaws.com/images/original/ae/ae35ca79.jpg
abo-B0853P1X94	3	https://amazon-berkeley-objects.s3.amazonaws.com/images/original/59/598c1e90.jpg
abo-B0853P1X94	4	https://amazon-berkeley-objects.s3.amazonaws.com/images/original/0e/0e98e5f7.jpg
abo-B0853P1XBK	1	https://amazon-berkeley-objects.s3.amazonaws.com/images/original/e4/e44c1d67.jpg
abo-B0853P1XBK	2	https://amazon-berkeley-objects.s3.amazonaws.com/images/original/1d/1da5a367.jpg
abo-B0853P1XBK	3	https://amazon-berkeley-objects.s3.amazonaws.com/images/original/58/58e627b4.jpg
abo-B0853P1XBK	4	https://amazon-berkeley-objects.s3.amazonaws.com/images/original/a0/a0310287.jpg
abo-B0853P5Q81	1	https://amazon-berkeley-objects.s3.amazonaws.com/images/original/1c/1cda2186.jpg
abo-B0853P5Q81	2	https://amazon-berkeley-objects.s3.amazonaws.com/images/original/d6/d6f0a334.jpg
abo-B0853P5Q81	3	https://amazon-berkeley-objects.s3.amazonaws.com/images/original/11/11a45027.jpg
abo-B0853P5Q81	4	https://amazon-berkeley-objects.s3.amazonaws.com/images/original/7b/7b9adec4.jpg
abo-B0853P738S	1	https://amazon-berkeley-objects.s3.amazonaws.com/images/original/ed/ed8a63c0.jpg
abo-B0853P738S	2	https://amazon-berkeley-objects.s3.amazonaws.com/images/original/9c/9cc8391c.jpg
abo-B0853P738S	3	https://amazon-berkeley-objects.s3.amazonaws.com/images/original/47/4731ce59.jpg
abo-B0853P738S	4	https://amazon-berkeley-objects.s3.amazonaws.com/images/original/96/96280959.jpg
abo-B0853P7JWV	1	https://amazon-berkeley-objects.s3.amazonaws.com/images/original/3e/3e83edd4.jpg
abo-B0853P7JWV	2	https://amazon-berkeley-objects.s3.amazonaws.com/images/original/9f/9f18ffca.jpg
abo-B0853P7JWV	3	https://amazon-berkeley-objects.s3.amazonaws.com/images/original/b7/b7912afb.jpg
abo-B0853P7JWV	4	https://amazon-berkeley-objects.s3.amazonaws.com/images/original/d5/d5b5090d.jpg
abo-B0853P7Q69	1	https://amazon-berkeley-objects.s3.amazonaws.com/images/original/67/6758b6ff.jpg
abo-B0853P7Q69	2	https://amazon-berkeley-objects.s3.amazonaws.com/images/original/89/89356cdc.jpg
abo-B0853P7Q69	3	https://amazon-berkeley-objects.s3.amazonaws.com/images/original/78/7816372a.jpg
abo-B0853P7Q69	4	https://amazon-berkeley-objects.s3.amazonaws.com/images/original/8c/8c9309e5.jpg
abo-B0853P8N1K	1	https://amazon-berkeley-objects.s3.amazonaws.com/images/original/5e/5eaa0eee.jpg
abo-B0853P8N1K	2	https://amazon-berkeley-objects.s3.amazonaws.com/images/original/89/89356cdc.jpg
abo-B0853P8N1K	3	https://amazon-berkeley-objects.s3.amazonaws.com/images/original/78/7816372a.jpg
abo-B0853P8N1K	4	https://amazon-berkeley-objects.s3.amazonaws.com/images/original/8c/8c9309e5.jpg
abo-B0853P8QRS	1	https://amazon-berkeley-objects.s3.amazonaws.com/images/original/36/36cee846.jpg
abo-B0853P8QRS	2	https://amazon-berkeley-objects.s3.amazonaws.com/images/original/ca/caebedbc.jpg
abo-B0853P8QRS	3	https://amazon-berkeley-objects.s3.amazonaws.com/images/original/1f/1f1ad492.jpg
abo-B0853P8QRS	4	https://amazon-berkeley-objects.s3.amazonaws.com/images/original/b9/b9675262.jpg
abo-B0853P8YB2	1	https://amazon-berkeley-objects.s3.amazonaws.com/images/original/66/668f4a78.jpg
abo-B0853P8YB2	2	https://amazon-berkeley-objects.s3.amazonaws.com/images/original/8e/8e1269c0.jpg
abo-B0853P8YB2	3	https://amazon-berkeley-objects.s3.amazonaws.com/images/original/c0/c0fa57a5.jpg
abo-B0853P8YB2	4	https://amazon-berkeley-objects.s3.amazonaws.com/images/original/9a/9a1ddceb.jpg
abo-B0853PBGCD	1	https://amazon-berkeley-objects.s3.amazonaws.com/images/original/fd/fd9f64be.jpg
abo-B0853PBGCD	2	https://amazon-berkeley-objects.s3.amazonaws.com/images/original/7b/7b13d849.jpg
abo-B0853PBGCD	3	https://amazon-berkeley-objects.s3.amazonaws.com/images/original/83/835c1e08.jpg
abo-B0853PBGCD	4	https://amazon-berkeley-objects.s3.amazonaws.com/images/original/fa/faf8c21c.jpg
abo-B0853PFDPN	1	https://amazon-berkeley-objects.s3.amazonaws.com/images/original/e4/e44c1d67.jpg
abo-B0853PFDPN	2	https://amazon-berkeley-objects.s3.amazonaws.com/images/original/1d/1da5a367.jpg
abo-B0853PFDPN	3	https://amazon-berkeley-objects.s3.amazonaws.com/images/original/58/58e627b4.jpg
abo-B0853PFDPN	4	https://amazon-berkeley-objects.s3.amazonaws.com/images/original/a0/a0310287.jpg
abo-B0853PH6QH	1	https://amazon-berkeley-objects.s3.amazonaws.com/images/original/6d/6dc61da1.jpg
abo-B0853PH6QH	2	https://amazon-berkeley-objects.s3.amazonaws.com/images/original/8e/8e1269c0.jpg
abo-B0853PH6QH	3	https://amazon-berkeley-objects.s3.amazonaws.com/images/original/c0/c0fa57a5.jpg
abo-B0853PH6QH	4	https://amazon-berkeley-objects.s3.amazonaws.com/images/original/9a/9a1ddceb.jpg
abo-B0853PKBRV	1	https://amazon-berkeley-objects.s3.amazonaws.com/images/original/a7/a770bb0c.jpg
abo-B0853PKBRV	2	https://amazon-berkeley-objects.s3.amazonaws.com/images/original/bb/bbeeed2f.jpg
abo-B0853PKBRV	3	https://amazon-berkeley-objects.s3.amazonaws.com/images/original/42/4232297e.jpg
abo-B0853PKBRV	4	https://amazon-berkeley-objects.s3.amazonaws.com/images/original/4a/4ac6b0dc.jpg
abo-B0853PP3GQ	1	https://amazon-berkeley-objects.s3.amazonaws.com/images/original/c2/c24fc90a.jpg
abo-B0853PP3GQ	2	https://amazon-berkeley-objects.s3.amazonaws.com/images/original/7f/7fb0c2fe.jpg
abo-B0853PP3GQ	3	https://amazon-berkeley-objects.s3.amazonaws.com/images/original/1e/1e440c3d.jpg
abo-B0853PP3GQ	4	https://amazon-berkeley-objects.s3.amazonaws.com/images/original/47/4731ce59.jpg
abo-B0856ZTZPH	1	https://amazon-berkeley-objects.s3.amazonaws.com/images/original/c6/c663d682.jpg
abo-B0856ZTZPH	2	https://amazon-berkeley-objects.s3.amazonaws.com/images/original/e4/e405c5bb.jpg
abo-B0856ZTZPH	3	https://amazon-berkeley-objects.s3.amazonaws.com/images/original/d4/d4bfe705.jpg
abo-B0856ZTZPH	4	https://amazon-berkeley-objects.s3.amazonaws.com/images/original/7c/7c143607.jpg
abo-B08594XFXX	1	https://amazon-berkeley-objects.s3.amazonaws.com/images/original/25/25e78636.jpg
abo-B08594XFXX	2	https://amazon-berkeley-objects.s3.amazonaws.com/images/original/49/49e7a44c.jpg
abo-B08594XFXX	3	https://amazon-berkeley-objects.s3.amazonaws.com/images/original/2a/2a6553ef.jpg
abo-B08594XFXX	4	https://amazon-berkeley-objects.s3.amazonaws.com/images/original/dd/dd1f3f7c.jpg
abo-B0859S4PQH	1	https://amazon-berkeley-objects.s3.amazonaws.com/images/original/31/31c844de.jpg
abo-B0859S4PQH	2	https://amazon-berkeley-objects.s3.amazonaws.com/images/original/43/43f58f2c.jpg
abo-B0859S4PQH	3	https://amazon-berkeley-objects.s3.amazonaws.com/images/original/f6/f64c2e09.jpg
abo-B0859S4PQH	4	https://amazon-berkeley-objects.s3.amazonaws.com/images/original/f2/f2e8eecd.jpg
abo-B085BB319V	1	https://amazon-berkeley-objects.s3.amazonaws.com/images/original/69/69bfc307.jpg
abo-B085BB319V	2	https://amazon-berkeley-objects.s3.amazonaws.com/images/original/64/6446b3c0.jpg
abo-B085BB319V	3	https://amazon-berkeley-objects.s3.amazonaws.com/images/original/a9/a9ec0b7c.jpg
abo-B085BB319V	4	https://amazon-berkeley-objects.s3.amazonaws.com/images/original/fb/fbd4e80c.jpg
abo-B085BTB4QN	1	https://amazon-berkeley-objects.s3.amazonaws.com/images/original/6e/6e398b38.jpg
abo-B085BTB4QN	2	https://amazon-berkeley-objects.s3.amazonaws.com/images/original/69/692f81a3.jpg
abo-B085BTB4QN	3	https://amazon-berkeley-objects.s3.amazonaws.com/images/original/d6/d64175c5.jpg
abo-B085BTB4QN	4	https://amazon-berkeley-objects.s3.amazonaws.com/images/original/68/68c1f48f.jpg
abo-B085BTB4QN	5	https://amazon-berkeley-objects.s3.amazonaws.com/images/original/d3/d39ca362.jpg
abo-B085BTB4QN	6	https://amazon-berkeley-objects.s3.amazonaws.com/images/original/93/935f1175.jpg
abo-B085BTB4QN	7	https://amazon-berkeley-objects.s3.amazonaws.com/images/original/f9/f96e983d.jpg
abo-B085BTB4QN	8	https://amazon-berkeley-objects.s3.amazonaws.com/images/original/93/93f5024e.jpg
abo-B085DYZYWJ	1	https://amazon-berkeley-objects.s3.amazonaws.com/images/original/bd/bd59efd9.jpg
abo-B085DYZYWJ	2	https://amazon-berkeley-objects.s3.amazonaws.com/images/original/71/7195581f.jpg
abo-B085DYZYWJ	3	https://amazon-berkeley-objects.s3.amazonaws.com/images/original/ba/ba096643.jpg
abo-B085DYZYWJ	4	https://amazon-berkeley-objects.s3.amazonaws.com/images/original/17/1771b97e.jpg
abo-B085H9P5SB	1	https://amazon-berkeley-objects.s3.amazonaws.com/images/original/38/3887bf15.jpg
abo-B085H9P5SB	2	https://amazon-berkeley-objects.s3.amazonaws.com/images/original/47/47184ba7.jpg
abo-B085H9P5SB	3	https://amazon-berkeley-objects.s3.amazonaws.com/images/original/17/17449ec0.jpg
abo-B085H9P5SB	4	https://amazon-berkeley-objects.s3.amazonaws.com/images/original/08/08edadc2.jpg
abo-B085HCD82P	1	https://amazon-berkeley-objects.s3.amazonaws.com/images/original/68/68da6e0b.jpg
abo-B085HCD82P	2	https://amazon-berkeley-objects.s3.amazonaws.com/images/original/24/245a1eb9.jpg
abo-B085HCD82P	3	https://amazon-berkeley-objects.s3.amazonaws.com/images/original/1b/1b55456d.jpg
abo-B085HCD82P	4	https://amazon-berkeley-objects.s3.amazonaws.com/images/original/d6/d6ae8a04.jpg
abo-B085KXDZM6	1	https://amazon-berkeley-objects.s3.amazonaws.com/images/original/2c/2c500cef.jpg
abo-B085KXDZM6	2	https://amazon-berkeley-objects.s3.amazonaws.com/images/original/2a/2a1b5b03.jpg
abo-B085KXDZM6	3	https://amazon-berkeley-objects.s3.amazonaws.com/images/original/e7/e73e8dd4.jpg
abo-B085KXDZM6	4	https://amazon-berkeley-objects.s3.amazonaws.com/images/original/7d/7d50a089.jpg
abo-B085L56ZNS	1	https://amazon-berkeley-objects.s3.amazonaws.com/images/original/3a/3a5d67e1.jpg
abo-B085L56ZNS	2	https://amazon-berkeley-objects.s3.amazonaws.com/images/original/e1/e198fd99.jpg
abo-B085L56ZNS	3	https://amazon-berkeley-objects.s3.amazonaws.com/images/original/c4/c48dfb22.jpg
abo-B085L56ZNS	4	https://amazon-berkeley-objects.s3.amazonaws.com/images/original/67/672ce45e.jpg
abo-B085LQ63SX	1	https://amazon-berkeley-objects.s3.amazonaws.com/images/original/4c/4cb3e979.jpg
abo-B085LQ63SX	2	https://amazon-berkeley-objects.s3.amazonaws.com/images/original/e5/e5a292c7.jpg
abo-B085LQ63SX	3	https://amazon-berkeley-objects.s3.amazonaws.com/images/original/e1/e1a8ad1e.jpg
abo-B085LQ63SX	4	https://amazon-berkeley-objects.s3.amazonaws.com/images/original/f9/f9691005.jpg
abo-B085LQDGFL	1	https://amazon-berkeley-objects.s3.amazonaws.com/images/original/2c/2c64ecf6.jpg
abo-B085LQDGFL	2	https://amazon-berkeley-objects.s3.amazonaws.com/images/original/9a/9a5003c9.jpg
abo-B085LQDGFL	3	https://amazon-berkeley-objects.s3.amazonaws.com/images/original/6a/6a572974.jpg
abo-B085LQDGFL	4	https://amazon-berkeley-objects.s3.amazonaws.com/images/original/65/65ab7cf3.jpg
abo-B085LQDGH2	1	https://amazon-berkeley-objects.s3.amazonaws.com/images/original/80/80248500.jpg
abo-B085LQDGH2	2	https://amazon-berkeley-objects.s3.amazonaws.com/images/original/ae/ae959e9b.jpg
abo-B085LQDGH2	3	https://amazon-berkeley-objects.s3.amazonaws.com/images/original/2c/2cbf55fd.jpg
abo-B085LQDGH2	4	https://amazon-berkeley-objects.s3.amazonaws.com/images/original/60/60551fbc.jpg
abo-B085LQK93C	1	https://amazon-berkeley-objects.s3.amazonaws.com/images/original/93/932f9f90.jpg
abo-B085LQK93C	2	https://amazon-berkeley-objects.s3.amazonaws.com/images/original/af/afc22fac.jpg
abo-B085LQK93C	3	https://amazon-berkeley-objects.s3.amazonaws.com/images/original/8a/8ae984b6.jpg
abo-B085LQK93C	4	https://amazon-berkeley-objects.s3.amazonaws.com/images/original/30/3014f775.jpg
abo-B085LQKW2Y	1	https://amazon-berkeley-objects.s3.amazonaws.com/images/original/80/80248500.jpg
abo-B085LQKW2Y	2	https://amazon-berkeley-objects.s3.amazonaws.com/images/original/ae/ae959e9b.jpg
abo-B085LQKW2Y	3	https://amazon-berkeley-objects.s3.amazonaws.com/images/original/8b/8b221f53.jpg
abo-B085LQKW2Y	4	https://amazon-berkeley-objects.s3.amazonaws.com/images/original/2c/2cbf55fd.jpg
abo-B085LQMTJJ	1	https://amazon-berkeley-objects.s3.amazonaws.com/images/original/c4/c429850d.jpg
abo-B085LQMTJJ	2	https://amazon-berkeley-objects.s3.amazonaws.com/images/original/1a/1a145814.jpg
abo-B085LQMTJJ	3	https://amazon-berkeley-objects.s3.amazonaws.com/images/original/ce/cea899b0.jpg
abo-B085LQMTJJ	4	https://amazon-berkeley-objects.s3.amazonaws.com/images/original/44/44a763b6.jpg
abo-B085LQYPL8	1	https://amazon-berkeley-objects.s3.amazonaws.com/images/original/d1/d14a3d97.jpg
abo-B085LQYPL8	2	https://amazon-berkeley-objects.s3.amazonaws.com/images/original/7c/7cd31a69.jpg
abo-B085LQYPL8	3	https://amazon-berkeley-objects.s3.amazonaws.com/images/original/48/48b2ce84.jpg
abo-B085LQYPL8	4	https://amazon-berkeley-objects.s3.amazonaws.com/images/original/23/23b0096b.jpg
abo-B085LR37FS	1	https://amazon-berkeley-objects.s3.amazonaws.com/images/original/c9/c90ee93c.jpg
abo-B085LR37FS	2	https://amazon-berkeley-objects.s3.amazonaws.com/images/original/a4/a42261a0.jpg
abo-B085LR37FS	3	https://amazon-berkeley-objects.s3.amazonaws.com/images/original/d5/d51bb14d.jpg
abo-B085LR37FS	4	https://amazon-berkeley-objects.s3.amazonaws.com/images/original/f4/f4a3ed04.jpg
abo-B085LRCY26	1	https://amazon-berkeley-objects.s3.amazonaws.com/images/original/82/8201abfd.jpg
abo-B085LRCY26	2	https://amazon-berkeley-objects.s3.amazonaws.com/images/original/0e/0efdf31c.jpg
abo-B085LRCY26	3	https://amazon-berkeley-objects.s3.amazonaws.com/images/original/ee/eec2d22a.jpg
abo-B085LRCY26	4	https://amazon-berkeley-objects.s3.amazonaws.com/images/original/2f/2f20592b.jpg
abo-B085M3SWK1	1	https://amazon-berkeley-objects.s3.amazonaws.com/images/original/e4/e4bf5ed8.jpg
abo-B085M3SWK1	2	https://amazon-berkeley-objects.s3.amazonaws.com/images/original/a2/a2a0b1a4.jpg
abo-B085M3SWK1	3	https://amazon-berkeley-objects.s3.amazonaws.com/images/original/c7/c7e5c3f0.jpg
abo-B085M3SWK1	4	https://amazon-berkeley-objects.s3.amazonaws.com/images/original/00/0095bdc5.jpg
abo-B085S74CGX	1	https://amazon-berkeley-objects.s3.amazonaws.com/images/original/cd/cd45674b.jpg
abo-B085S74CGX	2	https://amazon-berkeley-objects.s3.amazonaws.com/images/original/47/47184ba7.jpg
abo-B085S74CGX	3	https://amazon-berkeley-objects.s3.amazonaws.com/images/original/29/293445f8.jpg
abo-B085S74CGX	4	https://amazon-berkeley-objects.s3.amazonaws.com/images/original/ed/ed0c2848.jpg
abo-B0861Q29RP	1	https://amazon-berkeley-objects.s3.amazonaws.com/images/original/8c/8cf1d605.jpg
abo-B0861Q29RP	2	https://amazon-berkeley-objects.s3.amazonaws.com/images/original/b9/b9a0de92.jpg
abo-B0861Q29RP	3	https://amazon-berkeley-objects.s3.amazonaws.com/images/original/58/586c2248.jpg
abo-B0861Q29RP	4	https://amazon-berkeley-objects.s3.amazonaws.com/images/original/9c/9c86ce64.jpg
abo-B0861Q29RP	5	https://amazon-berkeley-objects.s3.amazonaws.com/images/original/1d/1d17dee7.jpg
abo-B0861Q29RP	6	https://amazon-berkeley-objects.s3.amazonaws.com/images/original/fd/fd3dc2c2.jpg
abo-B0861Q29RP	7	https://amazon-berkeley-objects.s3.amazonaws.com/images/original/aa/aa81d3f1.jpg
abo-B0861Q29RP	8	https://amazon-berkeley-objects.s3.amazonaws.com/images/original/f5/f56432c6.jpg
abo-B0861VLH28	1	https://amazon-berkeley-objects.s3.amazonaws.com/images/original/74/743b8942.jpg
abo-B0861VLH28	2	https://amazon-berkeley-objects.s3.amazonaws.com/images/original/1a/1a04f52c.jpg
abo-B0861VLH28	3	https://amazon-berkeley-objects.s3.amazonaws.com/images/original/7c/7ceedb96.jpg
abo-B0861VLH28	4	https://amazon-berkeley-objects.s3.amazonaws.com/images/original/cb/cb2bce46.jpg
abo-B08638T247	1	https://amazon-berkeley-objects.s3.amazonaws.com/images/original/3a/3adbecc4.jpg
abo-B08638T247	2	https://amazon-berkeley-objects.s3.amazonaws.com/images/original/66/66a5f8ab.jpg
abo-B08638T247	3	https://amazon-berkeley-objects.s3.amazonaws.com/images/original/73/73224a9f.jpg
abo-B08638T247	4	https://amazon-berkeley-objects.s3.amazonaws.com/images/original/06/064bf9ef.jpg
abo-B0867QYVXT	1	https://amazon-berkeley-objects.s3.amazonaws.com/images/original/8d/8d4160a0.jpg
abo-B0867QYVXT	2	https://amazon-berkeley-objects.s3.amazonaws.com/images/original/81/814ef03f.jpg
abo-B0867QYVXT	3	https://amazon-berkeley-objects.s3.amazonaws.com/images/original/8b/8bd96e6f.jpg
abo-B0867QYVXT	4	https://amazon-berkeley-objects.s3.amazonaws.com/images/original/26/2609ad3f.jpg
abo-B086F5LJK4	1	https://amazon-berkeley-objects.s3.amazonaws.com/images/original/80/800e6a9a.jpg
abo-B086F5LJK4	2	https://amazon-berkeley-objects.s3.amazonaws.com/images/original/81/81cda75c.jpg
abo-B086F5LJK4	3	https://amazon-berkeley-objects.s3.amazonaws.com/images/original/c7/c79b1984.jpg
abo-B086F5LJK4	4	https://amazon-berkeley-objects.s3.amazonaws.com/images/original/44/440683d5.jpg
abo-B086KQ5KWC	1	https://amazon-berkeley-objects.s3.amazonaws.com/images/original/25/25dce5f9.jpg
abo-B086KQ5KWC	2	https://amazon-berkeley-objects.s3.amazonaws.com/images/original/72/72e251b6.jpg
abo-B086KQ5KWC	3	https://amazon-berkeley-objects.s3.amazonaws.com/images/original/40/40393fd6.jpg
abo-B086KQ5KWC	4	https://amazon-berkeley-objects.s3.amazonaws.com/images/original/c4/c48b149d.jpg
abo-B086KSDN5G	1	https://amazon-berkeley-objects.s3.amazonaws.com/images/original/d3/d39ec3d8.jpg
abo-B086KSDN5G	2	https://amazon-berkeley-objects.s3.amazonaws.com/images/original/26/269fad4c.jpg
abo-B086KSDN5G	3	https://amazon-berkeley-objects.s3.amazonaws.com/images/original/a6/a6a395cb.jpg
abo-B086KSDN5G	4	https://amazon-berkeley-objects.s3.amazonaws.com/images/original/e3/e30b5741.jpg
abo-B086KSFF9B	1	https://amazon-berkeley-objects.s3.amazonaws.com/images/original/01/01ee1655.jpg
abo-B086KSFF9B	2	https://amazon-berkeley-objects.s3.amazonaws.com/images/original/43/431f2c6f.jpg
abo-B086KSFF9B	3	https://amazon-berkeley-objects.s3.amazonaws.com/images/original/16/169e4907.jpg
abo-B086KSFF9B	4	https://amazon-berkeley-objects.s3.amazonaws.com/images/original/b5/b506283c.jpg
abo-B086KV2F59	1	https://amazon-berkeley-objects.s3.amazonaws.com/images/original/2e/2e4cefcf.jpg
abo-B086KV2F59	2	https://amazon-berkeley-objects.s3.amazonaws.com/images/original/0f/0f18b75d.jpg
abo-B086KV2F59	3	https://amazon-berkeley-objects.s3.amazonaws.com/images/original/f5/f5344b26.jpg
abo-B086KV2F59	4	https://amazon-berkeley-objects.s3.amazonaws.com/images/original/25/25a55ff2.jpg
abo-B086KV43BP	1	https://amazon-berkeley-objects.s3.amazonaws.com/images/original/14/148365a4.jpg
abo-B086KV43BP	2	https://amazon-berkeley-objects.s3.amazonaws.com/images/original/1d/1dbcec45.jpg
abo-B086KV43BP	3	https://amazon-berkeley-objects.s3.amazonaws.com/images/original/2e/2e4ea043.jpg
abo-B086KV43BP	4	https://amazon-berkeley-objects.s3.amazonaws.com/images/original/4e/4eb0e355.jpg
abo-B086KXLPSX	1	https://amazon-berkeley-objects.s3.amazonaws.com/images/original/08/08c4b2d5.jpg
abo-B086KXLPSX	2	https://amazon-berkeley-objects.s3.amazonaws.com/images/original/50/5022586f.jpg
abo-B086KXLPSX	3	https://amazon-berkeley-objects.s3.amazonaws.com/images/original/2a/2ab531a2.jpg
abo-B086KXLPSX	4	https://amazon-berkeley-objects.s3.amazonaws.com/images/original/f1/f11214db.jpg
abo-B086KXLPT9	1	https://amazon-berkeley-objects.s3.amazonaws.com/images/original/a1/a15bff75.jpg
abo-B086KXLPT9	2	https://amazon-berkeley-objects.s3.amazonaws.com/images/original/1b/1bf77436.jpg
abo-B086KXLPT9	3	https://amazon-berkeley-objects.s3.amazonaws.com/images/original/f5/f5e263a7.jpg
abo-B086KXLPT9	4	https://amazon-berkeley-objects.s3.amazonaws.com/images/original/17/171b415f.jpg
abo-B086QCHPCS	1	https://amazon-berkeley-objects.s3.amazonaws.com/images/original/41/41c97430.jpg
abo-B086QCHPCS	2	https://amazon-berkeley-objects.s3.amazonaws.com/images/original/1a/1ad643b7.jpg
abo-B086QCHPCS	3	https://amazon-berkeley-objects.s3.amazonaws.com/images/original/00/00839949.jpg
abo-B086QCHPCS	4	https://amazon-berkeley-objects.s3.amazonaws.com/images/original/3a/3a046ff4.jpg
abo-B086RD6JFP	1	https://amazon-berkeley-objects.s3.amazonaws.com/images/original/cc/cce9bef7.jpg
abo-B086RD6JFP	2	https://amazon-berkeley-objects.s3.amazonaws.com/images/original/ac/ac081251.jpg
abo-B086RD6JFP	3	https://amazon-berkeley-objects.s3.amazonaws.com/images/original/77/777f37a0.jpg
abo-B086RD6JFP	4	https://amazon-berkeley-objects.s3.amazonaws.com/images/original/d2/d2fdf3ce.jpg
abo-B086RDK354	1	https://amazon-berkeley-objects.s3.amazonaws.com/images/original/f2/f279865f.jpg
abo-B086RDK354	2	https://amazon-berkeley-objects.s3.amazonaws.com/images/original/a4/a46c9fe7.jpg
abo-B086RDK354	3	https://amazon-berkeley-objects.s3.amazonaws.com/images/original/16/16806dcc.jpg
abo-B086RDK354	4	https://amazon-berkeley-objects.s3.amazonaws.com/images/original/27/27b7c0fe.jpg
abo-B086RFBDD9	1	https://amazon-berkeley-objects.s3.amazonaws.com/images/original/6f/6ff2c226.jpg
abo-B086RFBDD9	2	https://amazon-berkeley-objects.s3.amazonaws.com/images/original/77/77703c01.jpg
abo-B086RFBDD9	3	https://amazon-berkeley-objects.s3.amazonaws.com/images/original/e0/e003dd78.jpg
abo-B086RFBDD9	4	https://amazon-berkeley-objects.s3.amazonaws.com/images/original/cd/cdb98d2d.jpg
abo-B086RFMMCX	1	https://amazon-berkeley-objects.s3.amazonaws.com/images/original/07/07b54b2f.jpg
abo-B086RFMMCX	2	https://amazon-berkeley-objects.s3.amazonaws.com/images/original/97/97a99892.jpg
abo-B086RFMMCX	3	https://amazon-berkeley-objects.s3.amazonaws.com/images/original/7d/7d09e1e3.jpg
abo-B086RFMMCX	4	https://amazon-berkeley-objects.s3.amazonaws.com/images/original/d7/d77873ab.jpg
abo-B086RFVL2W	1	https://amazon-berkeley-objects.s3.amazonaws.com/images/original/04/0471836c.jpg
abo-B086RFVL2W	2	https://amazon-berkeley-objects.s3.amazonaws.com/images/original/35/352ac1ba.jpg
abo-B086RFVL2W	3	https://amazon-berkeley-objects.s3.amazonaws.com/images/original/21/219d381a.jpg
abo-B086RFVL2W	4	https://amazon-berkeley-objects.s3.amazonaws.com/images/original/57/578d00cc.jpg
abo-B086WPZ3TW	1	https://amazon-berkeley-objects.s3.amazonaws.com/images/original/94/9459d269.jpg
abo-B086WPZ3TW	2	https://amazon-berkeley-objects.s3.amazonaws.com/images/original/8f/8fda20ca.jpg
abo-B086WPZ3TW	3	https://amazon-berkeley-objects.s3.amazonaws.com/images/original/c0/c0fd66e4.jpg
abo-B086WPZ3TW	4	https://amazon-berkeley-objects.s3.amazonaws.com/images/original/66/66f31c03.jpg
abo-B086WQ1NRC	1	https://amazon-berkeley-objects.s3.amazonaws.com/images/original/b7/b78ae4fc.jpg
abo-B086WQ1NRC	2	https://amazon-berkeley-objects.s3.amazonaws.com/images/original/6f/6f3bbe8e.jpg
abo-B086WQ1NRC	3	https://amazon-berkeley-objects.s3.amazonaws.com/images/original/06/06714f8f.jpg
abo-B086WQ1NRC	4	https://amazon-berkeley-objects.s3.amazonaws.com/images/original/7b/7b8dd24c.jpg
abo-B086WQFQNR	1	https://amazon-berkeley-objects.s3.amazonaws.com/images/original/f6/f6d91587.jpg
abo-B086WQFQNR	2	https://amazon-berkeley-objects.s3.amazonaws.com/images/original/47/47678bcf.jpg
abo-B086WQFQNR	3	https://amazon-berkeley-objects.s3.amazonaws.com/images/original/47/47bd6469.jpg
abo-B086WQFQNR	4	https://amazon-berkeley-objects.s3.amazonaws.com/images/original/d4/d45b67f4.jpg
abo-B086WRRYDS	1	https://amazon-berkeley-objects.s3.amazonaws.com/images/original/94/9459d269.jpg
abo-B086WRRYDS	2	https://amazon-berkeley-objects.s3.amazonaws.com/images/original/8f/8fda20ca.jpg
abo-B086WRRYDS	3	https://amazon-berkeley-objects.s3.amazonaws.com/images/original/c0/c0fd66e4.jpg
abo-B086WRRYDS	4	https://amazon-berkeley-objects.s3.amazonaws.com/images/original/d4/d45b67f4.jpg
abo-B086Z1RDQN	1	https://amazon-berkeley-objects.s3.amazonaws.com/images/original/50/5056fb43.jpg
abo-B086Z1RDQN	2	https://amazon-berkeley-objects.s3.amazonaws.com/images/original/e7/e7e4b50c.jpg
abo-B086Z1RDQN	3	https://amazon-berkeley-objects.s3.amazonaws.com/images/original/95/95680e30.jpg
abo-B086Z1RDQN	4	https://amazon-berkeley-objects.s3.amazonaws.com/images/original/bd/bd2c8d43.jpg
abo-B0872PR9RP	1	https://amazon-berkeley-objects.s3.amazonaws.com/images/original/c8/c85fa7ab.jpg
abo-B0872PR9RP	2	https://amazon-berkeley-objects.s3.amazonaws.com/images/original/aa/aadbb322.jpg
abo-B0872PR9RP	3	https://amazon-berkeley-objects.s3.amazonaws.com/images/original/3c/3c9fc57c.jpg
abo-B0872PR9RP	4	https://amazon-berkeley-objects.s3.amazonaws.com/images/original/95/9564b2a1.jpg
abo-B08774HZ2P	1	https://amazon-berkeley-objects.s3.amazonaws.com/images/original/6b/6b73e634.jpg
abo-B08774HZ2P	2	https://amazon-berkeley-objects.s3.amazonaws.com/images/original/84/843b8f2d.jpg
abo-B08774HZ2P	3	https://amazon-berkeley-objects.s3.amazonaws.com/images/original/1d/1d5890dc.jpg
abo-B08774HZ2P	4	https://amazon-berkeley-objects.s3.amazonaws.com/images/original/80/801647ba.jpg
abo-B08774J9HS	1	https://amazon-berkeley-objects.s3.amazonaws.com/images/original/a8/a89b9eae.jpg
abo-B08774J9HS	2	https://amazon-berkeley-objects.s3.amazonaws.com/images/original/11/118b557e.jpg
abo-B08774J9HS	3	https://amazon-berkeley-objects.s3.amazonaws.com/images/original/8d/8d0fd6c9.jpg
abo-B08774J9HS	4	https://amazon-berkeley-objects.s3.amazonaws.com/images/original/45/453b4ff3.jpg
abo-B08777K9FD	1	https://amazon-berkeley-objects.s3.amazonaws.com/images/original/ef/ef3214b3.jpg
abo-B08777K9FD	2	https://amazon-berkeley-objects.s3.amazonaws.com/images/original/a3/a3c10d01.jpg
abo-B08777K9FD	3	https://amazon-berkeley-objects.s3.amazonaws.com/images/original/49/49961d0e.jpg
abo-B08777K9FD	4	https://amazon-berkeley-objects.s3.amazonaws.com/images/original/6d/6d4accbb.jpg
abo-B08777NWFJ	1	https://amazon-berkeley-objects.s3.amazonaws.com/images/original/d9/d9f171d3.jpg
abo-B08777NWFJ	2	https://amazon-berkeley-objects.s3.amazonaws.com/images/original/16/16c64f7d.jpg
abo-B08777NWFJ	3	https://amazon-berkeley-objects.s3.amazonaws.com/images/original/d6/d6e49b58.jpg
abo-B08777NWFJ	4	https://amazon-berkeley-objects.s3.amazonaws.com/images/original/b3/b34c0a6a.jpg
abo-B087789H7V	1	https://amazon-berkeley-objects.s3.amazonaws.com/images/original/81/81693ab9.jpg
abo-B087789H7V	2	https://amazon-berkeley-objects.s3.amazonaws.com/images/original/be/befdf9d7.jpg
abo-B087789H7V	3	https://amazon-berkeley-objects.s3.amazonaws.com/images/original/05/0544839a.jpg
abo-B087789H7V	4	https://amazon-berkeley-objects.s3.amazonaws.com/images/original/45/452fa124.jpg
abo-B087N2C86F	1	https://amazon-berkeley-objects.s3.amazonaws.com/images/original/d9/d97c422a.jpg
abo-B087N2C86F	2	https://amazon-berkeley-objects.s3.amazonaws.com/images/original/55/556907a8.jpg
abo-B087N2C86F	3	https://amazon-berkeley-objects.s3.amazonaws.com/images/original/06/06fdd4f4.jpg
abo-B087N2C86F	4	https://amazon-berkeley-objects.s3.amazonaws.com/images/original/22/22e7c7e6.jpg
abo-B087RL54N9	1	https://amazon-berkeley-objects.s3.amazonaws.com/images/original/25/25c38145.jpg
abo-B087RL54N9	2	https://amazon-berkeley-objects.s3.amazonaws.com/images/original/71/71661270.jpg
abo-B087RL54N9	3	https://amazon-berkeley-objects.s3.amazonaws.com/images/original/b7/b7d4b724.jpg
abo-B087RL54N9	4	https://amazon-berkeley-objects.s3.amazonaws.com/images/original/8f/8f131f54.jpg
abo-B087TZG6P8	1	https://amazon-berkeley-objects.s3.amazonaws.com/images/original/38/3821a87b.jpg
abo-B087TZG6P8	2	https://amazon-berkeley-objects.s3.amazonaws.com/images/original/0c/0cd7b43c.jpg
abo-B087TZG6P8	3	https://amazon-berkeley-objects.s3.amazonaws.com/images/original/a7/a74ce57e.jpg
abo-B087TZG6P8	4	https://amazon-berkeley-objects.s3.amazonaws.com/images/original/93/936239e6.jpg
abo-B087ZH18GL	1	https://amazon-berkeley-objects.s3.amazonaws.com/images/original/65/651f1aca.jpg
abo-B087ZH18GL	2	https://amazon-berkeley-objects.s3.amazonaws.com/images/original/25/250e9bbb.jpg
abo-B087ZH18GL	3	https://amazon-berkeley-objects.s3.amazonaws.com/images/original/ff/ff9ebb9b.jpg
abo-B087ZH18GL	4	https://amazon-berkeley-objects.s3.amazonaws.com/images/original/28/28aa3138.jpg
abo-B0883B8GL5	1	https://amazon-berkeley-objects.s3.amazonaws.com/images/original/db/db2bc3a5.jpg
abo-B0883B8GL5	2	https://amazon-berkeley-objects.s3.amazonaws.com/images/original/c4/c4e77d78.jpg
abo-B0883B8GL5	3	https://amazon-berkeley-objects.s3.amazonaws.com/images/original/18/180d20d0.jpg
abo-B0883B8GL5	4	https://amazon-berkeley-objects.s3.amazonaws.com/images/original/ef/ef621dea.jpg
abo-B0886JVFV1	1	https://amazon-berkeley-objects.s3.amazonaws.com/images/original/41/416498df.jpg
abo-B0886JVFV1	2	https://amazon-berkeley-objects.s3.amazonaws.com/images/original/d4/d4160b24.jpg
abo-B0886JVFV1	3	https://amazon-berkeley-objects.s3.amazonaws.com/images/original/c3/c3f04f36.jpg
abo-B0886JVFV1	4	https://amazon-berkeley-objects.s3.amazonaws.com/images/original/0b/0b6cc6dd.jpg
abo-B088871TJZ	1	https://amazon-berkeley-objects.s3.amazonaws.com/images/original/65/65beb386.jpg
abo-B088871TJZ	2	https://amazon-berkeley-objects.s3.amazonaws.com/images/original/8b/8bfe2d91.jpg
abo-B088871TJZ	3	https://amazon-berkeley-objects.s3.amazonaws.com/images/original/b0/b0f0aa42.jpg
abo-B088871TJZ	4	https://amazon-berkeley-objects.s3.amazonaws.com/images/original/60/605b2bc7.jpg
abo-B088MFD6L9	1	https://amazon-berkeley-objects.s3.amazonaws.com/images/original/a7/a75f0939.jpg
abo-B088MFD6L9	2	https://amazon-berkeley-objects.s3.amazonaws.com/images/original/2e/2e47b0e8.jpg
abo-B088MFD6L9	3	https://amazon-berkeley-objects.s3.amazonaws.com/images/original/89/89a73090.jpg
abo-B088MFD6L9	4	https://amazon-berkeley-objects.s3.amazonaws.com/images/original/34/3421e692.jpg
abo-B088P6NJHC	1	https://amazon-berkeley-objects.s3.amazonaws.com/images/original/d6/d6356fed.jpg
abo-B088P6NJHC	2	https://amazon-berkeley-objects.s3.amazonaws.com/images/original/97/973a744b.jpg
abo-B088P6NJHC	3	https://amazon-berkeley-objects.s3.amazonaws.com/images/original/85/85963fdb.jpg
abo-B088P6NJHC	4	https://amazon-berkeley-objects.s3.amazonaws.com/images/original/c2/c26a4f9b.jpg
abo-B088XD68ST	1	https://amazon-berkeley-objects.s3.amazonaws.com/images/original/94/945b38cd.jpg
abo-B088XD68ST	2	https://amazon-berkeley-objects.s3.amazonaws.com/images/original/92/92ce6bd6.jpg
abo-B088XD68ST	3	https://amazon-berkeley-objects.s3.amazonaws.com/images/original/61/617cfeb2.jpg
abo-B088XD68ST	4	https://amazon-berkeley-objects.s3.amazonaws.com/images/original/ef/ef1c0fed.jpg
abo-B088XT5F9F	1	https://amazon-berkeley-objects.s3.amazonaws.com/images/original/7a/7a3911e8.jpg
abo-B088XT5F9F	2	https://amazon-berkeley-objects.s3.amazonaws.com/images/original/42/424d69a6.jpg
abo-B088XT5F9F	3	https://amazon-berkeley-objects.s3.amazonaws.com/images/original/25/25ea04a3.jpg
abo-B088XT5F9F	4	https://amazon-berkeley-objects.s3.amazonaws.com/images/original/f4/f4a4973b.jpg
abo-B088XVQCQB	1	https://amazon-berkeley-objects.s3.amazonaws.com/images/original/39/397b212f.jpg
abo-B088XVQCQB	2	https://amazon-berkeley-objects.s3.amazonaws.com/images/original/22/2259a9ce.jpg
abo-B088XVQCQB	3	https://amazon-berkeley-objects.s3.amazonaws.com/images/original/e4/e430a9c4.jpg
abo-B088XVQCQB	4	https://amazon-berkeley-objects.s3.amazonaws.com/images/original/e1/e1020cfe.jpg
abo-B088XWZ961	1	https://amazon-berkeley-objects.s3.amazonaws.com/images/original/45/45333203.jpg
abo-B088XWZ961	2	https://amazon-berkeley-objects.s3.amazonaws.com/images/original/e8/e8817269.jpg
abo-B088XWZ961	3	https://amazon-berkeley-objects.s3.amazonaws.com/images/original/70/70ca7a17.jpg
abo-B088XWZ961	4	https://amazon-berkeley-objects.s3.amazonaws.com/images/original/50/50b42aa4.jpg
abo-B088XZRWRV	1	https://amazon-berkeley-objects.s3.amazonaws.com/images/original/e1/e10c1247.jpg
abo-B088XZRWRV	2	https://amazon-berkeley-objects.s3.amazonaws.com/images/original/17/174d5b71.jpg
abo-B088XZRWRV	3	https://amazon-berkeley-objects.s3.amazonaws.com/images/original/06/06a7b514.jpg
abo-B088XZRWRV	4	https://amazon-berkeley-objects.s3.amazonaws.com/images/original/7d/7d3970e8.jpg
abo-B088XZRWSG	1	https://amazon-berkeley-objects.s3.amazonaws.com/images/original/85/85702176.jpg
abo-B088XZRWSG	2	https://amazon-berkeley-objects.s3.amazonaws.com/images/original/ff/ff6c1edd.jpg
abo-B088XZRWSG	3	https://amazon-berkeley-objects.s3.amazonaws.com/images/original/10/102ff3fa.jpg
abo-B088XZRWSG	4	https://amazon-berkeley-objects.s3.amazonaws.com/images/original/43/4323cfbb.jpg
abo-B088Y6WPMG	1	https://amazon-berkeley-objects.s3.amazonaws.com/images/original/e7/e77b21ee.jpg
abo-B088Y6WPMG	2	https://amazon-berkeley-objects.s3.amazonaws.com/images/original/d1/d1e75d62.jpg
abo-B088Y6WPMG	3	https://amazon-berkeley-objects.s3.amazonaws.com/images/original/6c/6c951a60.jpg
abo-B088Y6WPMG	4	https://amazon-berkeley-objects.s3.amazonaws.com/images/original/4e/4e15e7b2.jpg
abo-B089DNQD48	1	https://amazon-berkeley-objects.s3.amazonaws.com/images/original/1f/1f182a60.jpg
abo-B089DNQD48	2	https://amazon-berkeley-objects.s3.amazonaws.com/images/original/e3/e35393c4.jpg
abo-B089DNQD48	3	https://amazon-berkeley-objects.s3.amazonaws.com/images/original/44/447c38f3.jpg
abo-B089DNQD48	4	https://amazon-berkeley-objects.s3.amazonaws.com/images/original/47/4771ce04.jpg
abo-B089JT7PHL	1	https://amazon-berkeley-objects.s3.amazonaws.com/images/original/0c/0cb0b882.jpg
abo-B089JT7PHL	2	https://amazon-berkeley-objects.s3.amazonaws.com/images/original/18/18293cb1.jpg
abo-B089JT7PHL	3	https://amazon-berkeley-objects.s3.amazonaws.com/images/original/5b/5b256a15.jpg
abo-B089JT7PHL	4	https://amazon-berkeley-objects.s3.amazonaws.com/images/original/25/258ba465.jpg
abo-B089KB1PLL	1	https://amazon-berkeley-objects.s3.amazonaws.com/images/original/db/dbd9e145.jpg
abo-B089KB1PLL	2	https://amazon-berkeley-objects.s3.amazonaws.com/images/original/25/255fc0f9.jpg
abo-B089KB1PLL	3	https://amazon-berkeley-objects.s3.amazonaws.com/images/original/65/659dd4cf.jpg
abo-B089KB1PLL	4	https://amazon-berkeley-objects.s3.amazonaws.com/images/original/85/85963fdb.jpg
abo-B089KXS631	1	https://amazon-berkeley-objects.s3.amazonaws.com/images/original/15/15b0dce9.jpg
abo-B089KXS631	2	https://amazon-berkeley-objects.s3.amazonaws.com/images/original/df/df187e53.jpg
abo-B089KXS631	3	https://amazon-berkeley-objects.s3.amazonaws.com/images/original/a0/a0745a4e.jpg
abo-B089KXS631	4	https://amazon-berkeley-objects.s3.amazonaws.com/images/original/64/64b38b08.jpg
abo-B089QR4WR1	1	https://amazon-berkeley-objects.s3.amazonaws.com/images/original/f1/f1490b78.jpg
abo-B089QR4WR1	2	https://amazon-berkeley-objects.s3.amazonaws.com/images/original/0d/0dafdeaa.jpg
abo-B089QR4WR1	3	https://amazon-berkeley-objects.s3.amazonaws.com/images/original/76/76b51e03.jpg
abo-B089QR4WR1	4	https://amazon-berkeley-objects.s3.amazonaws.com/images/original/59/59d281d9.jpg
abo-B089XC9B6N	1	https://amazon-berkeley-objects.s3.amazonaws.com/images/original/06/06b9609a.jpg
abo-B089XC9B6N	2	https://amazon-berkeley-objects.s3.amazonaws.com/images/original/3d/3d6a8af2.jpg
abo-B089XC9B6N	3	https://amazon-berkeley-objects.s3.amazonaws.com/images/original/42/427bc15f.jpg
abo-B089XC9B6N	4	https://amazon-berkeley-objects.s3.amazonaws.com/images/original/e6/e67325c8.jpg
abo-B08B4W61S9	1	https://amazon-berkeley-objects.s3.amazonaws.com/images/original/55/55c58f4a.jpg
abo-B08B4W61S9	2	https://amazon-berkeley-objects.s3.amazonaws.com/images/original/89/895cb45b.jpg
abo-B08B4W61S9	3	https://amazon-berkeley-objects.s3.amazonaws.com/images/original/e6/e65c68ad.jpg
abo-B08B4W61S9	4	https://amazon-berkeley-objects.s3.amazonaws.com/images/original/46/46e1ab44.jpg
abo-B08BJC67V5	1	https://amazon-berkeley-objects.s3.amazonaws.com/images/original/c5/c53e1c65.jpg
abo-B08BJC67V5	2	https://amazon-berkeley-objects.s3.amazonaws.com/images/original/82/829afa27.jpg
abo-B08BJC67V5	3	https://amazon-berkeley-objects.s3.amazonaws.com/images/original/6c/6c2b283b.jpg
abo-B08BJC67V5	4	https://amazon-berkeley-objects.s3.amazonaws.com/images/original/83/8382fd80.jpg
abo-B08BYSK483	1	https://amazon-berkeley-objects.s3.amazonaws.com/images/original/32/32535a9a.jpg
abo-B08BYSK483	2	https://amazon-berkeley-objects.s3.amazonaws.com/images/original/96/960e62b4.jpg
abo-B08BYSK483	3	https://amazon-berkeley-objects.s3.amazonaws.com/images/original/d9/d9eabf56.jpg
abo-B08BYSK483	4	https://amazon-berkeley-objects.s3.amazonaws.com/images/original/79/7978303c.jpg
abo-B08C8139SQ	1	https://amazon-berkeley-objects.s3.amazonaws.com/images/original/46/46441c4c.jpg
abo-B08C8139SQ	2	https://amazon-berkeley-objects.s3.amazonaws.com/images/original/15/15bef386.jpg
abo-B08C8139SQ	3	https://amazon-berkeley-objects.s3.amazonaws.com/images/original/e0/e0d712e9.jpg
abo-B08C8139SQ	4	https://amazon-berkeley-objects.s3.amazonaws.com/images/original/6e/6e29039b.jpg
abo-B08CDCFHKK	1	https://amazon-berkeley-objects.s3.amazonaws.com/images/original/d9/d9c0431c.jpg
abo-B08CDCFHKK	2	https://amazon-berkeley-objects.s3.amazonaws.com/images/original/d3/d3140edf.jpg
abo-B08CDCFHKK	3	https://amazon-berkeley-objects.s3.amazonaws.com/images/original/ee/ee634e8a.jpg
abo-B08CDCFHKK	4	https://amazon-berkeley-objects.s3.amazonaws.com/images/original/78/78a56c64.jpg
abo-B08CK49MN3	1	https://amazon-berkeley-objects.s3.amazonaws.com/images/original/e5/e5334d59.jpg
abo-B08CK49MN3	2	https://amazon-berkeley-objects.s3.amazonaws.com/images/original/66/66e86671.jpg
abo-B08CK49MN3	3	https://amazon-berkeley-objects.s3.amazonaws.com/images/original/33/3353c247.jpg
abo-B08CK49MN3	4	https://amazon-berkeley-objects.s3.amazonaws.com/images/original/eb/eb733cfa.jpg
abo-B08CK61CKG	1	https://amazon-berkeley-objects.s3.amazonaws.com/images/original/0d/0dab90a5.jpg
abo-B08CK61CKG	2	https://amazon-berkeley-objects.s3.amazonaws.com/images/original/a9/a991f5e0.jpg
abo-B08CK61CKG	3	https://amazon-berkeley-objects.s3.amazonaws.com/images/original/87/87a13ec2.jpg
abo-B08CK61CKG	4	https://amazon-berkeley-objects.s3.amazonaws.com/images/original/ef/efb2466e.jpg
abo-B08CL2ST6P	1	https://amazon-berkeley-objects.s3.amazonaws.com/images/original/9c/9cd5672b.jpg
abo-B08CL2ST6P	2	https://amazon-berkeley-objects.s3.amazonaws.com/images/original/9c/9c9531f5.jpg
abo-B08CL2ST6P	3	https://amazon-berkeley-objects.s3.amazonaws.com/images/original/df/df36df2c.jpg
abo-B08CL2ST6P	4	https://amazon-berkeley-objects.s3.amazonaws.com/images/original/96/960832f3.jpg
abo-B08CTJDJ65	1	https://amazon-berkeley-objects.s3.amazonaws.com/images/original/26/26bc7243.jpg
abo-B08CTJDJ65	2	https://amazon-berkeley-objects.s3.amazonaws.com/images/original/fc/fcb119e9.jpg
abo-B08CTJDJ65	3	https://amazon-berkeley-objects.s3.amazonaws.com/images/original/72/72b7a66e.jpg
abo-B08CTJDJ65	4	https://amazon-berkeley-objects.s3.amazonaws.com/images/original/21/21ffe4bd.jpg
abo-B08D8L57V3	1	https://amazon-berkeley-objects.s3.amazonaws.com/images/original/ed/ed5bb40d.jpg
abo-B08D8L57V3	2	https://amazon-berkeley-objects.s3.amazonaws.com/images/original/ff/ffd10ba4.jpg
abo-B08D8L57V3	3	https://amazon-berkeley-objects.s3.amazonaws.com/images/original/0c/0cc001a6.jpg
abo-B08D8L57V3	4	https://amazon-berkeley-objects.s3.amazonaws.com/images/original/46/46264339.jpg
abo-B08DK7N2BF	1	https://amazon-berkeley-objects.s3.amazonaws.com/images/original/7c/7c383763.jpg
abo-B08DK7N2BF	2	https://amazon-berkeley-objects.s3.amazonaws.com/images/original/bc/bcb24ada.jpg
abo-B08DK7N2BF	3	https://amazon-berkeley-objects.s3.amazonaws.com/images/original/f2/f2cdb713.jpg
abo-B08DK7N2BF	4	https://amazon-berkeley-objects.s3.amazonaws.com/images/original/41/411998a4.jpg
abo-B08DK7N2BF	5	https://amazon-berkeley-objects.s3.amazonaws.com/images/original/4f/4f6d757e.jpg
abo-B08DK7N2BF	6	https://amazon-berkeley-objects.s3.amazonaws.com/images/original/7e/7e5f4dba.jpg
abo-B08DK7N2BF	7	https://amazon-berkeley-objects.s3.amazonaws.com/images/original/2f/2fcb4f14.jpg
abo-B08DK8LTH1	1	https://amazon-berkeley-objects.s3.amazonaws.com/images/original/78/786aa8fd.jpg
abo-B08DK8LTH1	2	https://amazon-berkeley-objects.s3.amazonaws.com/images/original/0f/0f11b8a3.jpg
abo-B08DK8LTH1	3	https://amazon-berkeley-objects.s3.amazonaws.com/images/original/0a/0a3ec8e2.jpg
abo-B08DK8LTH1	4	https://amazon-berkeley-objects.s3.amazonaws.com/images/original/be/be5dabd2.jpg
abo-B08DK8LTH1	5	https://amazon-berkeley-objects.s3.amazonaws.com/images/original/73/73c3fd00.jpg
abo-B08DK8LTH1	6	https://amazon-berkeley-objects.s3.amazonaws.com/images/original/32/32a5205c.jpg
abo-B08DK8LTH1	7	https://amazon-berkeley-objects.s3.amazonaws.com/images/original/94/943fb971.jpg
abo-B08DKDN4KG	1	https://amazon-berkeley-objects.s3.amazonaws.com/images/original/ef/efcab2ee.jpg
abo-B08DKDN4KG	2	https://amazon-berkeley-objects.s3.amazonaws.com/images/original/6a/6a8aa06f.jpg
abo-B08DKDN4KG	3	https://amazon-berkeley-objects.s3.amazonaws.com/images/original/dd/dd31e4a1.jpg
abo-B08DKDN4KG	4	https://amazon-berkeley-objects.s3.amazonaws.com/images/original/f9/f93a050a.jpg
abo-B08DKDN4KG	5	https://amazon-berkeley-objects.s3.amazonaws.com/images/original/dd/dd2c7c5a.jpg
abo-B08DKDN4KG	6	https://amazon-berkeley-objects.s3.amazonaws.com/images/original/ef/efb1dc7e.jpg
abo-B08DKDN4KG	7	https://amazon-berkeley-objects.s3.amazonaws.com/images/original/b0/b0c9c584.jpg
abo-B08DRNVG5Z	1	https://amazon-berkeley-objects.s3.amazonaws.com/images/original/e6/e69a44ec.jpg
abo-B08DRNVG5Z	2	https://amazon-berkeley-objects.s3.amazonaws.com/images/original/3c/3c378ef6.jpg
abo-B08DRNVG5Z	3	https://amazon-berkeley-objects.s3.amazonaws.com/images/original/85/85f4d092.jpg
abo-B08DRNVG5Z	4	https://amazon-berkeley-objects.s3.amazonaws.com/images/original/05/05795f50.jpg
abo-B08DRNXDX8	1	https://amazon-berkeley-objects.s3.amazonaws.com/images/original/d1/d1d743cf.jpg
abo-B08DRNXDX8	2	https://amazon-berkeley-objects.s3.amazonaws.com/images/original/c7/c72d7627.jpg
abo-B08DRNXDX8	3	https://amazon-berkeley-objects.s3.amazonaws.com/images/original/a9/a99f583c.jpg
abo-B08DRNXDX8	4	https://amazon-berkeley-objects.s3.amazonaws.com/images/original/13/1352ff96.jpg
abo-B08F1YCBZP	1	https://amazon-berkeley-objects.s3.amazonaws.com/images/original/f8/f8d41427.jpg
abo-B08F1YCBZP	2	https://amazon-berkeley-objects.s3.amazonaws.com/images/original/a8/a8a7e37c.jpg
abo-B08F1YCBZP	3	https://amazon-berkeley-objects.s3.amazonaws.com/images/original/af/af1483a6.jpg
abo-B08F1YCBZP	4	https://amazon-berkeley-objects.s3.amazonaws.com/images/original/c1/c1cf94c4.jpg
abo-B08F219CVV	1	https://amazon-berkeley-objects.s3.amazonaws.com/images/original/75/75ed1fe8.jpg
abo-B08F219CVV	2	https://amazon-berkeley-objects.s3.amazonaws.com/images/original/02/02094b2a.jpg
abo-B08F219CVV	3	https://amazon-berkeley-objects.s3.amazonaws.com/images/original/c4/c4bdb454.jpg
abo-B08F219CVV	4	https://amazon-berkeley-objects.s3.amazonaws.com/images/original/e8/e82e26cb.jpg
abo-B08F272K8X	1	https://amazon-berkeley-objects.s3.amazonaws.com/images/original/82/825d8dc7.jpg
abo-B08F272K8X	2	https://amazon-berkeley-objects.s3.amazonaws.com/images/original/b7/b7ed7814.jpg
abo-B08F272K8X	3	https://amazon-berkeley-objects.s3.amazonaws.com/images/original/f3/f36c873a.jpg
abo-B08F272K8X	4	https://amazon-berkeley-objects.s3.amazonaws.com/images/original/38/3898955c.jpg
abo-B08FFZYNH4	1	https://amazon-berkeley-objects.s3.amazonaws.com/images/original/0d/0d3cb931.jpg
abo-B08FFZYNH4	2	https://amazon-berkeley-objects.s3.amazonaws.com/images/original/46/4636185b.jpg
abo-B08FFZYNH4	3	https://amazon-berkeley-objects.s3.amazonaws.com/images/original/7d/7daabea2.jpg
abo-B08FFZYNH4	4	https://amazon-berkeley-objects.s3.amazonaws.com/images/original/36/3683a9a7.jpg
abo-B08G9ZL8DY	1	https://amazon-berkeley-objects.s3.amazonaws.com/images/original/1d/1dae46d8.jpg
abo-B08G9ZL8DY	2	https://amazon-berkeley-objects.s3.amazonaws.com/images/original/1c/1c7a22d8.jpg
abo-B08G9ZL8DY	3	https://amazon-berkeley-objects.s3.amazonaws.com/images/original/c3/c3d3c441.jpg
abo-B08G9ZL8DY	4	https://amazon-berkeley-objects.s3.amazonaws.com/images/original/a6/a6c0a318.jpg
abo-B08GQCJYLB	1	https://amazon-berkeley-objects.s3.amazonaws.com/images/original/37/37f98b4a.jpg
abo-B08GQCJYLB	2	https://amazon-berkeley-objects.s3.amazonaws.com/images/original/c9/c9898d79.jpg
abo-B08GQCJYLB	3	https://amazon-berkeley-objects.s3.amazonaws.com/images/original/2c/2cc87002.jpg
abo-B08GQCJYLB	4	https://amazon-berkeley-objects.s3.amazonaws.com/images/original/89/89422d91.jpg
abo-B08HBFCPQL	1	https://amazon-berkeley-objects.s3.amazonaws.com/images/original/e7/e702724f.jpg
abo-B08HBFCPQL	2	https://amazon-berkeley-objects.s3.amazonaws.com/images/original/fd/fd8ec38d.jpg
abo-B08HBFCPQL	3	https://amazon-berkeley-objects.s3.amazonaws.com/images/original/fb/fb7c9534.jpg
abo-B08HBFCPQL	4	https://amazon-berkeley-objects.s3.amazonaws.com/images/original/f2/f2a937b8.jpg
abo-B08HJ383G7	1	https://amazon-berkeley-objects.s3.amazonaws.com/images/original/d0/d06ca149.jpg
abo-B08HJ383G7	2	https://amazon-berkeley-objects.s3.amazonaws.com/images/original/b4/b46e5fbe.jpg
abo-B08HJ383G7	3	https://amazon-berkeley-objects.s3.amazonaws.com/images/original/3e/3e93834b.jpg
abo-B08HJ383G7	4	https://amazon-berkeley-objects.s3.amazonaws.com/images/original/ba/ba6fb2b2.jpg
abo-B08HK32WKQ	1	https://amazon-berkeley-objects.s3.amazonaws.com/images/original/32/32a168cd.jpg
abo-B08HK32WKQ	2	https://amazon-berkeley-objects.s3.amazonaws.com/images/original/c9/c992692f.jpg
abo-B08HK32WKQ	3	https://amazon-berkeley-objects.s3.amazonaws.com/images/original/f5/f5d3a4df.jpg
abo-B08HK32WKQ	4	https://amazon-berkeley-objects.s3.amazonaws.com/images/original/5f/5fde5534.jpg
abo-B08HKD1459	1	https://amazon-berkeley-objects.s3.amazonaws.com/images/original/d3/d383b0a2.jpg
abo-B08HKD1459	2	https://amazon-berkeley-objects.s3.amazonaws.com/images/original/66/66891312.jpg
abo-B08HKD1459	3	https://amazon-berkeley-objects.s3.amazonaws.com/images/original/3b/3b32d054.jpg
abo-B08HKD1459	4	https://amazon-berkeley-objects.s3.amazonaws.com/images/original/b9/b95b079b.jpg
abo-B08HL3RWLC	1	https://amazon-berkeley-objects.s3.amazonaws.com/images/original/67/67411145.jpg
abo-B08HL3RWLC	2	https://amazon-berkeley-objects.s3.amazonaws.com/images/original/25/25e6cfa3.jpg
abo-B08HL3RWLC	3	https://amazon-berkeley-objects.s3.amazonaws.com/images/original/9f/9f320825.jpg
abo-B08HL3RWLC	4	https://amazon-berkeley-objects.s3.amazonaws.com/images/original/92/927db790.jpg
abo-B08HMB3N5L	1	https://amazon-berkeley-objects.s3.amazonaws.com/images/original/ba/ba4662bb.jpg
abo-B08HMB3N5L	2	https://amazon-berkeley-objects.s3.amazonaws.com/images/original/49/492d8466.jpg
abo-B08HMB3N5L	3	https://amazon-berkeley-objects.s3.amazonaws.com/images/original/ae/ae8149b4.jpg
abo-B08HMB3N5L	4	https://amazon-berkeley-objects.s3.amazonaws.com/images/original/cf/cf766b5e.jpg
esci-B00004XOH8	1	https://m.media-amazon.com/images/I/91Dm2lyuxwL._AC_UY445_.jpg
esci-B00004Z4CP	1	https://m.media-amazon.com/images/I/71+3y2QVEbL._AC_SX679_.jpg
esci-B00004Z4DU	1	https://m.media-amazon.com/images/I/511xvLascFL._SX522_.jpg
esci-B00006IFIL	1	https://m.media-amazon.com/images/I/91KJIVswHRL._AC_SX425_.jpg
esci-B0000CBJE2	1	https://m.media-amazon.com/images/I/613Ggq05PdS._AC_SY450_.jpg
esci-B0001Q2VPU	1	https://m.media-amazon.com/images/I/712ZYsbglJL._AC_SY450_.jpg
esci-B0001VNZDM	1	https://m.media-amazon.com/images/I/61tNsccz0dL._AC_SX522_.jpg
esci-B0002SRM3I	1	https://m.media-amazon.com/images/I/51X+jRRyVJL._AC_SX679_.jpg
esci-B0002XJ1QO	1	https://m.media-amazon.com/images/I/71N6pkyGc0L._SX385_.jpg
esci-B0002YKBV2	1	https://m.media-amazon.com/images/I/81Bwr-z66uL._AC_UX342_.jpg
esci-B0002YPZKY	1	https://m.media-amazon.com/images/I/71P2jXDxBML._AC_SX569_.jpg
esci-B0002YPZLI	1	https://m.media-amazon.com/images/I/71P2jXDxBML._AC_SX385_.jpg
esci-B0002Z3NA2	1	https://m.media-amazon.com/images/I/51IsTeUnS5L._AC_SX679_.jpg
esci-B0007Z6D86	1	https://m.media-amazon.com/images/I/51oJUPsVnrL._AC_SX355_.jpg
esci-B0009XB48U	1	https://m.media-amazon.com/images/I/71Hf5ugaUFL._AC_SY450_.jpg
esci-B0009XCKBA	1	https://m.media-amazon.com/images/I/81Fsjs6TBsL._AC_SY450_.jpg
esci-B000BPRK0C	1	https://m.media-amazon.com/images/I/81gfJRleeXL._SX522_.jpg
esci-B000CED236	1	https://m.media-amazon.com/images/I/7145t0H7U9L._AC_SX679_PIbundle-6,TopRight,0,0_SH20_.jpg
esci-B000EDPT9K	1	https://m.media-amazon.com/images/I/51QL1nz4u2L._AC_SY450_.jpg
esci-B000HBF5LQ	1	https://m.media-amazon.com/images/I/51y4IMy4YhL._AC_SX425_.jpg
esci-B000HXT2N6	1	https://m.media-amazon.com/images/I/81pjYJ9LxIL._AC_SX425_.jpg
esci-B000J09OLM	1	https://m.media-amazon.com/images/I/91Acv7VM3dL._AC_SX425_.jpg
esci-B000KSOOLI	1	https://m.media-amazon.com/images/I/81nqSybIxSL._SX385_.jpg
esci-B000MK2PZ6	1	https://m.media-amazon.com/images/I/810bqSGhh7L._AC_SX425_.jpg
esci-B000O5RO1Y	1	https://m.media-amazon.com/images/I/61TUMj8XYNL._AC_SX679_.jpg
esci-B000P8Q3UI	1	https://m.media-amazon.com/images/I/61AQGYj61+L._AC_SX679_.jpg
esci-B000REJM3K	1	https://m.media-amazon.com/images/I/41cNjymf+cL._SX385_.jpg
esci-B000TG8OM6	1	https://m.media-amazon.com/images/I/61ZCgThR2lL._AC_SX679_.jpg
esci-B000TG8ONA	1	https://m.media-amazon.com/images/I/61H1Qj7euyL._AC_SX679_.jpg
esci-B000TG8OTY	1	https://m.media-amazon.com/images/I/612CpGkZHmL._AC_SX679_.jpg
esci-B000TGAMC6	1	https://m.media-amazon.com/images/I/61KXFiEcitL._AC_SX679_.jpg
esci-B000TGF4K6	1	https://m.media-amazon.com/images/I/5163wUcCoAL._AC_SX679_.jpg
esci-B000TGF8YI	1	https://m.media-amazon.com/images/I/51NSHfdgh6L._AC_SX679_.jpg
esci-B000V4FFZ0	1	https://m.media-amazon.com/images/I/710-X-0OULL._AC_SX425_PIbundle-2,TopRight,0,0_SH20_.jpg
esci-B000W9KWF2	1	https://m.media-amazon.com/images/I/51SZtYyj9TL._AC_SX679_.jpg
esci-B000WS5J60	1	https://m.media-amazon.com/images/I/61w9-cwlguL._AC_SX679_.jpg
esci-B000WYVBR0	1	https://m.media-amazon.com/images/I/81QMdbmpSwL._AC_SX425_.jpg
esci-B0010DHFTK	1	https://m.media-amazon.com/images/I/61jTaOLrtqL._AC_SX679_.jpg
esci-B0010P63NC	1	https://m.media-amazon.com/images/I/51Uav1f2-ZL._AC_SX425_.jpg
esci-B0013EOWCE	1	https://m.media-amazon.com/images/I/71iY0VnCVQL._AC_SX679_.jpg
esci-B00142BRF0	1	https://m.media-amazon.com/images/I/81QfK3OtoLL._AC_SY450_.jpg
esci-B0015SBILG	1	https://m.media-amazon.com/images/I/51x97TPxN5L._AC_SX425_.jpg
esci-B00167XE90	1	https://m.media-amazon.com/images/I/51n+1LIGK+L._AC_SX679_.jpg
esci-B0016H2KLS	1	https://m.media-amazon.com/images/I/61JjqS9wjRL._AC_SX679_.jpg
esci-B0019IA18S	1	https://m.media-amazon.com/images/I/A1p90k7X3pL._AC_SX569_.jpg
esci-B0019K1YD2	1	https://m.media-amazon.com/images/I/71HmFRzFukL._AC_SX679_.jpg
esci-B001CWX26Y	1	https://m.media-amazon.com/images/I/81ShByvliKL._AC_SX425_.jpg
esci-B001D5MU86	1	https://m.media-amazon.com/images/I/61OzRlkN1AL._AC_SX679_.jpg
esci-B001F0KO2S	1	https://m.media-amazon.com/images/I/610z7SvZPaL._AC_SX425_.jpg
esci-B001HA4RBK	1	https://m.media-amazon.com/images/I/71Ko4UP5UvL._AC_SX679_.jpg
esci-B001RIDT84	1	https://m.media-amazon.com/images/I/619En2gShOL._AC_SX679_.jpg
esci-B001VB6BMI	1	https://m.media-amazon.com/images/I/51iYROaLSOL._AC_SX679_.jpg
esci-B001WHOV64	1	https://m.media-amazon.com/images/I/51cKI+msrdL._AC_SX679_.jpg
esci-B001YJHEDW	1	https://m.media-amazon.com/images/I/81bwzwll-vL._AC_SX425_.jpg
esci-B0026SR0FW	1	https://m.media-amazon.com/images/I/71JYJyIIfpS._AC_SX425_.jpg
esci-B0026SSW8G	1	https://m.media-amazon.com/images/I/71nORMTKxjS._AC_SX425_.jpg
esci-B00275F5O2	1	https://m.media-amazon.com/images/I/61+4TbrH9kL._AC_SX425_.jpg
esci-B002GWCBAM	1	https://m.media-amazon.com/images/I/61-VSU+KxKL._AC_SX425_.jpg
esci-B002Q819AO	1	https://m.media-amazon.com/images/I/414xtiJhzyL._AC_SY879_.jpg
esci-B002QCPQ4U	1	https://m.media-amazon.com/images/I/71KMyqKRH3L._AC_SX425_.jpg
esci-B002WKKENO	1	https://m.media-amazon.com/images/I/61yhqhDzieL._AC_SX679_.jpg
esci-B002X6VXL4	1	https://m.media-amazon.com/images/I/81jtu+TigfS._AC_SY450_.jpg
esci-B0035XZ5R2	1	https://m.media-amazon.com/images/I/51GJGhttpkS._AC_SX679_.jpg
esci-B003BEE2LU	1	https://m.media-amazon.com/images/I/81sXfQXN9pS._AC_SX522_.jpg
esci-B003CJSQ4S	1	https://m.media-amazon.com/images/I/51KQMgrHkwL._SX385_.jpg
esci-B003F63WI8	1	https://m.media-amazon.com/images/I/51G301O5scL._AC_SX679_PIbundle-5,TopRight,0,0_SH20_.jpg
esci-B003H6LRDS	1	https://m.media-amazon.com/images/I/811b67nm0WL._AC_SX679_.jpg
esci-B003VYBJE8	1	https://m.media-amazon.com/images/I/811NcTq2PML._AC_SX679_.jpg
esci-B00403UMGA	1	https://m.media-amazon.com/images/I/51E2ayUdLvL._AC_SX679_.jpg
esci-B004323NNC	1	https://m.media-amazon.com/images/I/81xU30SGNVL._AC_SX450_.jpg
esci-B0049X2JP8	1	https://m.media-amazon.com/images/I/51CqUquQLNL._AC_SX679_.jpg
esci-B004GIO0F8	1	https://m.media-amazon.com/images/I/71DBUDepXQL._AC_SX425_.jpg
esci-B004PCMGAQ	1	https://m.media-amazon.com/images/I/41zlbL4RM5L._AC_SX450_.jpg
esci-B004RPY3FM	1	https://m.media-amazon.com/images/I/6168jnr6X5L._AC_SX425_.jpg
esci-B004U4S7S4	1	https://m.media-amazon.com/images/I/612La7PLClL._AC_SX425_.jpg
esci-B004UOG4KM	1	https://m.media-amazon.com/images/I/61X6KVHMy7L._AC_SX425_.jpg
esci-B004VDBQ6O	1	https://m.media-amazon.com/images/I/21eFYzAJYcL._AC_.jpg
esci-B004Z2090U	1	https://m.media-amazon.com/images/I/61KCp-aFnzL._AC_SX425_.jpg
esci-B0052MIL4S	1	https://m.media-amazon.com/images/I/612ioDxVW9L._AC_SX425_.jpg
esci-B00540JS7C	1	https://m.media-amazon.com/images/I/61Mvahd6XFL._AC_SX425_.jpg
esci-B0055215GG	1	https://m.media-amazon.com/images/I/81fqoE25NPL._SY445_.jpg
esci-B005DI0XM4	1	https://m.media-amazon.com/images/I/71rL3PDIFWL._AC_SX425_.jpg
esci-B005DI2QTC	1	https://m.media-amazon.com/images/I/61dZL+XmHaL._AC_SX425_.jpg
esci-B005FD0V9W	1	https://m.media-amazon.com/images/I/41WyNCEWkdL._AC_.jpg
esci-B005FKYRTU	1	https://m.media-amazon.com/images/I/71O7IHJ51AL._AC_SX679_.jpg
esci-B005FPN7GE	1	https://m.media-amazon.com/images/I/91MUO+rBfZL._AC_SX679_.jpg
esci-B005I19IUY	1	https://m.media-amazon.com/images/I/61Z0Ww-jJ-L._AC_SY450_.jpg
esci-B005NNF0YU	1	https://m.media-amazon.com/images/I/711YGwfl9rS._AC_SX425_.jpg
esci-B005T8TZF4	1	https://m.media-amazon.com/images/I/41Jc+xbrkRL._AC_.jpg
esci-B005W16YJS	1	https://m.media-amazon.com/images/I/6113IO-PNcL._AC_SX425_.jpg
esci-B005WH3Z12	1	https://m.media-amazon.com/images/I/61JvgrEK7zL._AC_SX679_.jpg
esci-B0066N7C74	1	https://m.media-amazon.com/images/I/71kcT9mdjzL._AC_SX425_.jpg
esci-B00670WBRC	1	https://m.media-amazon.com/images/I/21vBSMdxB1L._AC_.jpg
esci-B006ARJVZM	1	https://m.media-amazon.com/images/I/81Yk7Oy9TXL._AC_SX425_PIbundle-6,TopRight,0,0_SH20_.jpg
esci-B006EHMLIW	1	https://m.media-amazon.com/images/I/914UmgOYw4L._AC_SX522_.jpg
esci-B006JF5K5U	1	https://m.media-amazon.com/images/I/41CWZVvQbzL._AC_.jpg
esci-B006SJIKNG	1	https://m.media-amazon.com/images/I/51O858cMyhL._AC_SX425_.jpg
esci-B006V6YAPI	1	https://m.media-amazon.com/images/I/61AWJsyXdqL._AC_SX425_.jpg
esci-B006YU5O38	1	https://m.media-amazon.com/images/I/513hLYjBzOL._AC_SX679_.jpg
esci-B0070YI0JM	1	https://m.media-amazon.com/images/I/51eGKmISBaL._AC_SX679_.jpg
esci-B0071MX9BM	1	https://m.media-amazon.com/images/I/71yeZWytWJL._AC_SX425_.jpg
esci-B0078R3F0A	1	https://m.media-amazon.com/images/I/21Lq0Mao5KL.jpg
esci-B0079IRIG0	1	https://m.media-amazon.com/images/I/71aSbJxgddL._AC_SX425_.jpg
esci-B007B5PGA6	1	https://m.media-amazon.com/images/I/616+Rp4fQGL._AC_SX425_.jpg
esci-B007B5QPJW	1	https://m.media-amazon.com/images/I/615cEohQFYL._AC_SX425_.jpg
esci-B007BEHSDU	1	https://m.media-amazon.com/images/I/61Y1vaiHjzL._SY450_.jpg
esci-B007JZ1NIM	1	https://m.media-amazon.com/images/I/71Jno2eQ6KL._SX385_.jpg
esci-B007ML7EVI	1	https://m.media-amazon.com/images/I/91ed7ez5woL._AC_SX679_.jpg
esci-B007NVSQEQ	1	https://m.media-amazon.com/images/I/61WTt6VFLrL._AC_SX679_.jpg
esci-B007P20KCY	1	https://m.media-amazon.com/images/I/71KiCZjaXZL._AC_SX425_.jpg
esci-B007WQQ90A	1	https://m.media-amazon.com/images/I/81MWSV8VoFL._AC_SX425_.jpg
esci-B0083CK9N0	1	https://m.media-amazon.com/images/I/61L-xrIWXWL._SX385_.jpg
esci-B008JAJSBK	1	https://m.media-amazon.com/images/I/61Y4qAQgj4S._AC_SX425_.jpg
esci-B008MCUS28	1	https://m.media-amazon.com/images/I/81iof1hqOuL._SX385_.jpg
esci-B008MCUT86	1	https://m.media-amazon.com/images/I/81iof1hqOuL._SX522_.jpg
esci-B008MCUULW	1	https://m.media-amazon.com/images/I/81iof1hqOuL._SX385_.jpg
esci-B008MCUZZS	1	https://m.media-amazon.com/images/I/818R6PxlBrL._SX385_.jpg
esci-B00901LMSE	1	https://m.media-amazon.com/images/I/61TvY2KCSoL._AC_.jpg
esci-B0094B9BHE	1	https://m.media-amazon.com/images/I/616+39QjxQL._AC_SX679_.jpg
esci-B0099S9ZXW	1	https://m.media-amazon.com/images/I/613CgjVzdCL._AC_SX425_.jpg
esci-B009ELXH1K	1	https://m.media-amazon.com/images/I/71BqNPRj0GL._AC_SX679_.jpg
esci-B009IA3578	1	https://m.media-amazon.com/images/I/71ZLfQgjkLL._AC_SY879_.jpg
esci-B009KRF234	1	https://m.media-amazon.com/images/I/51-JZ03svmL._AC_SX679_.jpg
esci-B009L336D0	1	https://m.media-amazon.com/images/I/51jIEDJAr3L._AC_SX425_.jpg
esci-B009POIVWG	1	https://m.media-amazon.com/images/I/71RHjF3+8FL._SX385_.jpg
esci-B009V5C58U	1	https://m.media-amazon.com/images/I/61xh4s+2u1S._AC_SX425_.jpg
esci-B009V5C5QC	1	https://m.media-amazon.com/images/I/51WcfH0hD-S._AC_SX425_.jpg
esci-B009VL4VOA	1	https://m.media-amazon.com/images/I/61d4m12p8nL._SX425_.jpg
esci-B00A01BBCA	1	https://m.media-amazon.com/images/I/61p7xib2eHS._AC_SX425_.jpg
esci-B00A7WAHTU	1	https://m.media-amazon.com/images/I/41YpVJgXvrL.__AC_SY300_SX300_QL70_FMwebp_.jpg
esci-B00AEVZI84	1	https://m.media-amazon.com/images/I/61ILZ3rbyxL._AC_SX425_.jpg
esci-B00AYXA1GQ	1	https://m.media-amazon.com/images/I/71P6iNRuf9L._AC_SX679_.jpg
esci-B00BITIMIO	1	https://m.media-amazon.com/images/I/71cddOcuwAL._AC_SX466_.jpg
esci-B00BITINEW	1	https://m.media-amazon.com/images/I/71E7uCzqEjL._AC_SX466_.jpg
esci-B00BMHZ5GY	1	https://m.media-amazon.com/images/I/81dAAUBshsL._AC_SX679_.jpg
esci-B00BMPFTHQ	1	https://m.media-amazon.com/images/I/81IK-pEs1YL._AC_SX679_.jpg
esci-B00BWFIKJA	1	https://m.media-amazon.com/images/I/61L9iJLYfuL._AC_SX425_.jpg
esci-B00CD2WB3C	1	https://m.media-amazon.com/images/I/71nocgv3tGL._AC_SX425_.jpg
esci-B00CHN6L74	1	https://m.media-amazon.com/images/I/61NDiSjMnWL._AC_SX425_.jpg
esci-B00CPGMUXW	1	https://m.media-amazon.com/images/I/81D0eR8I-EL._AC_SX425_.jpg
esci-B00CPU0NXC	1	https://m.media-amazon.com/images/I/515xbgHoZNL._AC_SX679_.jpg
esci-B00D5VNYXQ	1	https://m.media-amazon.com/images/I/61wsQ6te+aL._AC_SY679_.jpg
esci-B00DP6TZ66	1	https://m.media-amazon.com/images/I/81a1xgknppL._AC_SX425_.jpg
esci-B00E3DNHLO	1	https://m.media-amazon.com/images/I/71Ly82rekGL._AC_SX425_.jpg
esci-B00E55DL4I	1	https://m.media-amazon.com/images/I/61cn1y5K0qL._AC_SX679_.jpg
esci-B00E668MHM	1	https://m.media-amazon.com/images/I/310Y5Wi2vrL._SX385_.jpg
esci-B00EIO0WGG	1	https://m.media-amazon.com/images/I/81Y0+ZhTz3L._AC_SX679_.jpg
esci-B00ESL5D90	1	https://m.media-amazon.com/images/I/71uSc6GYoCL._AC_SX679_.jpg
esci-B00ET5VMTU	1	https://m.media-amazon.com/images/I/71n1TZHn6BS._AC_SX425_.jpg
esci-B00F2CGXGG	1	https://m.media-amazon.com/images/I/71-eQlnEoKS._AC_SX425_.jpg
esci-B00FB0JCM6	1	https://m.media-amazon.com/images/I/6150w2WeIbS._AC_SX425_.jpg
esci-B00FBP4QT0	1	https://m.media-amazon.com/images/I/71oM6BN38jL._AC_SX425_.jpg
esci-B00FC4A14O	1	https://m.media-amazon.com/images/I/61CvwTvKXbL._AC_SX679_.jpg
esci-B00FFZQ12G	1	https://m.media-amazon.com/images/I/6134562cdiL._AC_SX425_.jpg
esci-B00FTNMS4Y	1	https://m.media-amazon.com/images/I/91DGVH99kXL._AC_SX679_.jpg
esci-B00FWUTTRS	1	https://m.media-amazon.com/images/I/41nCAE3oNtL._AC_PIbundle-12,TopRight,0,0_SH20_.jpg
esci-B00GB8FJDS	1	https://m.media-amazon.com/images/I/81xRLGkmcTL._AC_SX679_.jpg
esci-B00GK8ULY6	1	https://m.media-amazon.com/images/I/817Db+dWEIL._AC_SX425_.jpg
esci-B00GMR51XG	1	https://m.media-amazon.com/images/I/61ghJMmdpJL._AC_SX425_.jpg
esci-B00GMSXS30	1	https://m.media-amazon.com/images/I/61upvLZwceL._AC_SX425_.jpg
esci-B00GMXFK3G	1	https://m.media-amazon.com/images/I/71WoK0vc-OL._AC_SX425_.jpg
esci-B00GUU34DO	1	https://m.media-amazon.com/images/I/81ND2iPIMZL._AC_SX679_.jpg
esci-B00HE7SLF8	1	https://m.media-amazon.com/images/I/81wNDUb5IBL._AC_SX679_.jpg
esci-B00HQONFVE	1	https://m.media-amazon.com/images/I/71I7zIuK-TL._AC_SY450_.jpg
esci-B00HQONFY6	1	https://m.media-amazon.com/images/I/81eqh-58SDL._AC_SX679_.jpg
esci-B00I548C9Y	1	https://m.media-amazon.com/images/I/61G92p64d6L._AC_SX425_.jpg
esci-B00I5TH074	1	https://m.media-amazon.com/images/I/81cTC+mIU6L._AC_SX522_.jpg
esci-B00I5THF4W	1	https://m.media-amazon.com/images/I/710FIbyFfEL._AC_SX522_.jpg
esci-B00I7XI2X4	1	https://m.media-amazon.com/images/I/81FAGyjGk-L._AC_SX679_.jpg
esci-B00I9JYCBM	1	https://m.media-amazon.com/images/I/51wWkxqu+7L._AC_SX679_.jpg
esci-B00IF7RBS4	1	https://m.media-amazon.com/images/I/71pX8SY+a1L._SX385_.jpg
esci-B00IG46NL2	1	https://m.media-amazon.com/images/I/31cdMFS7dcL._SX522_.jpg
esci-B00IJ0ALYS	1	https://m.media-amazon.com/images/I/81mMDZtYP4L._AC_SX425_.jpg
esci-B00IJPKFXA	1	https://m.media-amazon.com/images/I/81eb14C2qlL._AC_SX679_.jpg
esci-B00IJQER06	1	https://m.media-amazon.com/images/I/81eb14C2qlL._AC_SX679_.jpg
esci-B00IKPHL5Y	1	https://m.media-amazon.com/images/I/41sTPnueddL._AC_.jpg
esci-B00IKPTC4W	1	https://m.media-amazon.com/images/I/41BrkT1Y+EL._AC_SX466_.jpg
esci-B00IMNAYOY	1	https://m.media-amazon.com/images/I/61NocjF7QBL._AC_SY395_.jpg
esci-B00IP27DFA	1	https://m.media-amazon.com/images/I/610IEp8ErpL._AC_SX425_.jpg
esci-B00IY4LOEA	1	https://m.media-amazon.com/images/I/51kKSDIhBmL._AC_SX425_.jpg
esci-B00J4FHOB0	1	https://m.media-amazon.com/images/I/61AGuPbSxDL._AC_SX425_.jpg
esci-B00J5S6944	1	https://m.media-amazon.com/images/I/51tU-3o4R8L._AC_SX425_.jpg
esci-B00J9S1BCU	1	https://m.media-amazon.com/images/I/81QUv0jBbqL._AC_SY450_.jpg
esci-B00JJ3QY9A	1	https://m.media-amazon.com/images/I/61AlGxg3DdL._AC_SX425_.jpg
esci-B00JUZTG4M	1	https://m.media-amazon.com/images/I/81r9TGFr5tL._AC_SX425_.jpg
esci-B00JV19TDI	1	https://m.media-amazon.com/images/I/71lGGXapyXS._AC_SX679_.jpg
esci-B00JV9NY54	1	https://m.media-amazon.com/images/I/71NJt5bgSfL._AC_SX425_.jpg
esci-B00K1IP420	1	https://m.media-amazon.com/images/I/61g538dZxUS._AC_SX425_.jpg
esci-B00KB461HQ	1	https://m.media-amazon.com/images/I/31Rh3u3ljOL._AC_.jpg
esci-B00KCGPL56	1	https://m.media-amazon.com/images/I/51UMdzbp9hL._AC_SX425_.jpg
esci-B00KOOF5W0	1	https://m.media-amazon.com/images/I/618LtG-8t5L._SY445_.jpg
esci-B00KPEFL2I	1	https://m.media-amazon.com/images/I/51-KFe6-aKL._AC_SX425_.jpg
esci-B00KQ6PDLY	1	https://m.media-amazon.com/images/I/51vLyTZjFVL._AC_SX466_.jpg
esci-B00KSW5Q8Q	1	https://m.media-amazon.com/images/I/618in1dmIDL._AC_SX679_.jpg
esci-B00KT1BH1Q	1	https://m.media-amazon.com/images/I/71tj41Jb7RL._AC_SX425_PIbundle-10,TopRight,0,0_SH20_.jpg
esci-B00KVZ0IOC	1	https://m.media-amazon.com/images/I/41aEfQw4g5L._AC_.jpg
esci-B00KXX2OYY	1	https://m.media-amazon.com/images/I/81UwPPAWBlL._AC_SX425_.jpg
esci-B00L2RY2W2	1	https://m.media-amazon.com/images/I/61GeYZeb6eL._AC_SX679_.jpg
esci-B00L42M4VQ	1	https://m.media-amazon.com/images/I/61rFjlOzPQL._AC_SX679_.jpg
esci-B00LB46F5I	1	https://m.media-amazon.com/images/I/91O1qJQDlQL._AC_SX522_.jpg
esci-B00LFATHKS	1	https://m.media-amazon.com/images/I/612gV-frTlL._AC_SX425_.jpg
esci-B00LHFIAK4	1	https://m.media-amazon.com/images/I/517GyXGVOwL._AC_.jpg
esci-B00LJ3OY1S	1	https://m.media-amazon.com/images/I/71MoGSROlWL._AC_SX466_.jpg
esci-B00LMNYFHI	1	https://m.media-amazon.com/images/I/81o07iVKOuL._AC_SX522_.jpg
esci-B00LN15QZO	1	https://m.media-amazon.com/images/I/71K4SDhyazL._AC_SY879_.jpg
esci-B00LTZANGG	1	https://m.media-amazon.com/images/I/71VttVZ7siL._AC_SX679_.jpg
esci-B00MB8Z36A	1	https://m.media-amazon.com/images/I/71bWvYQrVyL._AC_SX679_.jpg
esci-B00MBFOHEW	1	https://m.media-amazon.com/images/I/51ft8Mp1j2L._AC_SX425_.jpg
esci-B00MI0DOW6	1	https://m.media-amazon.com/images/I/71QQdPNyLZL._AC_SX425_.jpg
esci-B00N3M391O	1	https://m.media-amazon.com/images/I/61Ljlu+KEXL._AC_SX679_.jpg
esci-B00NB69B0A	1	https://m.media-amazon.com/images/I/61lh467+S6L._SX385_.jpg
esci-B00NH28ZAK	1	https://m.media-amazon.com/images/I/519wfMst64L._AC_SX679_.jpg
esci-B00NHX6UWY	1	https://m.media-amazon.com/images/I/61hrjGIp9qL._AC_SX425_.jpg
esci-B00NHYV4QK	1	https://m.media-amazon.com/images/I/914ZmYsbQhL._AC_SX425_.jpg
esci-B00NLY7ZB4	1	https://m.media-amazon.com/images/I/41-eoK1XbVL._AC_SX679_.jpg
esci-B00NOACJWK	1	https://m.media-amazon.com/images/I/41QryWTGWdL._AC_.jpg
esci-B00NOI80XE	1	https://m.media-amazon.com/images/I/61EP7GPmw9S._AC_SX425_.jpg
esci-B00NOZ08BY	1	https://m.media-amazon.com/images/I/71GKEL4H8mL._AC_SX425_.jpg
esci-B00OABMSFK	1	https://m.media-amazon.com/images/I/61LlmwQIy9L._SX522_.jpg
esci-B00OHD15E6	1	https://m.media-amazon.com/images/I/71s6iO6AGmL._AC_SX425_.jpg
esci-B00OJ72LHU	1	https://m.media-amazon.com/images/I/61in04SNPwS._AC_SX425_.jpg
esci-B00P10U47I	1	https://m.media-amazon.com/images/I/71v+KDJGw9L._AC_SX679_.jpg
esci-B00PBGQ32C	1	https://m.media-amazon.com/images/I/612AU0UQVrL._AC_SX425_.jpg
esci-B00PK4XY90	1	https://m.media-amazon.com/images/I/61MOl8jXFUL._AC_SX569_.jpg
esci-B00PQ4PJYC	1	https://m.media-amazon.com/images/I/71SkaCojiiL._AC_SX425_.jpg
esci-B00PTPLNV6	1	https://m.media-amazon.com/images/I/61fsf4X29ZS._AC_SX679_.jpg
esci-B00PVE19SW	1	https://m.media-amazon.com/images/I/61zBB-rlsLL._AC_SX425_.jpg
esci-B00Q5G9XMY	1	https://m.media-amazon.com/images/I/6172x9gU-iL._AC_SX466_.jpg
esci-B00QZDX7QA	1	https://m.media-amazon.com/images/I/51-ROTIVodL._AC_SX679_.jpg
esci-B00R6S0MEI	1	https://m.media-amazon.com/images/I/813LXrT7T9L._AC_SX679_.jpg
esci-B00R7JVFCE	1	https://m.media-amazon.com/images/I/71Mne+8ZWjL._AC_SY450_.jpg
esci-B00RF9J8DY	1	https://m.media-amazon.com/images/I/91KVv8ryepL._AC_SX425_.jpg
esci-B00RFCDN6O	1	https://m.media-amazon.com/images/I/714rlvg0uYL._AC_SX679_.jpg
esci-B00RUP3IPC	1	https://m.media-amazon.com/images/I/A1TbxJIwyzL._AC_SX679_.jpg
esci-B00RVZ7DNO	1	https://m.media-amazon.com/images/I/51eahVbzdSL._AC_SX679_.jpg
esci-B00RW00VE6	1	https://m.media-amazon.com/images/I/81ycZf+41cL._AC_SX679_.jpg
esci-B00RZXVQSU	1	https://m.media-amazon.com/images/I/91lFEH+9rLL._AC_SY450_.jpg
esci-B00S5SRIO0	1	https://m.media-amazon.com/images/I/51PmgQvPXBL._AC_SX425_.jpg
esci-B00S9KDMP8	1	https://m.media-amazon.com/images/I/91Z1Pc3f73L._AC_SX425_.jpg
esci-B00SBPIH1U	1	https://m.media-amazon.com/images/I/51ONJlmouTL._AC_SY879_.jpg
esci-B00SCSBPQA	1	https://m.media-amazon.com/images/I/61InQpNQaEL._AC_SX679_.jpg
esci-B00SKNFZXQ	1	https://m.media-amazon.com/images/I/61bwQv9PJjL._AC_SX679_.jpg
esci-B00T492QB4	1	https://m.media-amazon.com/images/I/61WeYYLDG1L._AC_SX425_.jpg
esci-B00T4ANIH4	1	https://m.media-amazon.com/images/I/71c8IWnXarL._AC_SX425_.jpg
esci-B00T5HQKTE	1	https://m.media-amazon.com/images/I/81tVNWSk3aL._AC_SX425_.jpg
esci-B00TDNKBMC	1	https://m.media-amazon.com/images/I/71Q0sTqsfPL._AC_SX679_.jpg
esci-B00U0P0GHM	1	https://m.media-amazon.com/images/I/61JYjHAZ-xL._AC_SX425_.jpg
esci-B00UB2XDN8	1	https://m.media-amazon.com/images/I/41hS5TQ55vL._AC_.jpg
esci-B00UFFA68G	1	https://m.media-amazon.com/images/I/515mCQ03AAL._AC_SX679_.jpg
esci-B00UHNM1R0	1	https://m.media-amazon.com/images/I/71bGWX-TsmS._AC_SX679_.jpg
esci-B00UHNM60C	1	https://m.media-amazon.com/images/I/71BoWvOXlFL._AC_SX450_.jpg
esci-B00UM7CUO0	1	https://m.media-amazon.com/images/I/51DJey1JV9L._AC_SX679_.jpg
esci-B00VWIQVUW	1	https://m.media-amazon.com/images/I/51OrDAwOHDL._AC_SX425_.jpg
esci-B00VWIR0A2	1	https://m.media-amazon.com/images/I/51fZ4bXgk1L._AC_SX425_.jpg
esci-B00VWJPSPK	1	https://m.media-amazon.com/images/I/61kPC5RWNCL._AC_SX425_.jpg
esci-B00WJA1J68	1	https://m.media-amazon.com/images/I/81VleP-UipL._AC_SY450_.jpg
esci-B00WM1VPKE	1	https://m.media-amazon.com/images/I/91PWq0++3jL._AC_SX425_.jpg
esci-B00WTQW7JA	1	https://m.media-amazon.com/images/I/71ibP5DN+4L._AC_SX425_.jpg
esci-B00WZNWEA4	1	https://m.media-amazon.com/images/I/91376B5vllL._AC_SY879_.jpg
esci-B00X52TWA4	1	https://m.media-amazon.com/images/I/61kLNib51gL._AC_SX425_.jpg
esci-B00XBCJOMO	1	https://m.media-amazon.com/images/I/61bsqJpG6HL._AC_SX425_.jpg
esci-B00XBZFWJA	1	https://m.media-amazon.com/images/I/61BqMETKvzL._AC_SX425_.jpg
esci-B00XOUK8J6	1	https://m.media-amazon.com/images/I/71YYPbrV5pL._AC_SX425_.jpg
esci-B00YDZI9BA	1	https://m.media-amazon.com/images/I/81HxsPCDLEL._AC_SX425_.jpg
esci-B00YHFKHPC	1	https://m.media-amazon.com/images/I/71oXe0q0wHL._AC_SX466_.jpg
esci-B00YUYHPM8	1	https://m.media-amazon.com/images/I/615et5eE2eL._AC_SX679_.jpg
esci-B00YWLOC0W	1	https://m.media-amazon.com/images/I/51pEF2geITL._AC_SX679_.jpg
esci-B00Z5OAHEK	1	https://m.media-amazon.com/images/I/61Map8ZvcML._AC_SX679_.jpg
esci-B00Z7VWPG4	1	https://m.media-amazon.com/images/I/41hS+tQGMoL._AC_SX679_.jpg
esci-B00ZVL9CHU	1	https://m.media-amazon.com/images/I/71ooqE5XgzL._AC_SX679_.jpg
esci-B00ZWNGZFO	1	https://m.media-amazon.com/images/I/71Z1rAqYj5L._AC_SX425_.jpg
esci-B010GJF8N8	1	https://m.media-amazon.com/images/I/61pa22Tk1DL._AC_SX425_.jpg
esci-B010GY2QWO	1	https://m.media-amazon.com/images/I/51d5u5bP97L._AC_SX425_.jpg
esci-B010P0JXUC	1	https://m.media-amazon.com/images/I/517WNZ8W9YL._AC_SX679_.jpg
esci-B010UVA4OU	1	https://m.media-amazon.com/images/I/51AI1Bk1iqL.jpg
esci-B0111N8L7I	1	https://m.media-amazon.com/images/I/61vJaKuqa6L._AC_SX425_.jpg
esci-B0111N8O6G	1	https://m.media-amazon.com/images/I/71kGjf-6lHL._AC_SY450_.jpg
esci-B0113M94RS	1	https://m.media-amazon.com/images/I/51mkx-lEKIL._AC_SX425_.jpg
esci-B011L3DVVO	1	https://m.media-amazon.com/images/I/61ICuowa2QL._AC_SX425_.jpg
esci-B0122W4YJQ	1	https://m.media-amazon.com/images/I/71fT7dpocxL._AC_SX679_.jpg
esci-B012D8N4I6	1	https://m.media-amazon.com/images/I/51D4iapoSjS._SX385_.jpg
esci-B012ZOI44C	1	https://m.media-amazon.com/images/I/51WFPPk8niL._AC_SX679_.jpg
esci-B01382VOYM	1	https://m.media-amazon.com/images/I/61tM2DDQRbL._AC_SX425_.jpg
esci-B013DKZXAA	1	https://m.media-amazon.com/images/I/71TcAa8SLvL._AC_SX679_.jpg
esci-B013HIF66O	1	https://m.media-amazon.com/images/I/71u-bPu62WL._AC_SX385_.jpg
esci-B013XUDAJQ	1	https://m.media-amazon.com/images/I/51wYB068onL._AC_SX679_.jpg
esci-B013Y0KJQM	1	https://m.media-amazon.com/images/I/61u7OAWzdsL._AC_SX679_.jpg
esci-B01435LTUW	1	https://m.media-amazon.com/images/I/61uK0NIePuL._AC_SX679_.jpg
esci-B014MYEAXM	1	https://m.media-amazon.com/images/I/41MYmX-2ItL._AC_.jpg
esci-B014SWZG5O	1	https://m.media-amazon.com/images/I/71B1UrZZYKL._AC_SX425_.jpg
esci-B014V4LJWS	1	https://m.media-amazon.com/images/I/810d6KQxmzL._AC_SX425_.jpg
esci-B0153T1J8Y	1	https://m.media-amazon.com/images/I/714rxQw5EnL._AC_SX425_.jpg
esci-B0153T1LSM	1	https://m.media-amazon.com/images/I/717N8kZW0qL._AC_SX425_.jpg
esci-B0156FHJ7A	1	https://m.media-amazon.com/images/I/41B2zmfy7nL._AC_.jpg
esci-B015IHZC8O	1	https://m.media-amazon.com/images/I/41-T7KNBshL._AC_SX679_.jpg
esci-B015MMA1Q8	1	https://m.media-amazon.com/images/I/81KUDJzXEML._AC_SX425_.jpg
esci-B015N8AV02	1	https://m.media-amazon.com/images/I/91X3h8Ae7yL._AC_SX425_.jpg
esci-B015R9AVMA	1	https://m.media-amazon.com/images/I/61bHyuZ7d5L._AC_SX425_.jpg
esci-B0163YDAIU	1	https://m.media-amazon.com/images/I/51AUpHPwkCL._AC_SY450_.jpg
esci-B0169SR0X6	1	https://m.media-amazon.com/images/I/71mIwFzCHXL._AC_SY450_.jpg
esci-B016F0F0Q2	1	https://m.media-amazon.com/images/I/61fy-N8FqwL._AC_SX425_.jpg
esci-B016OOUUWS	1	https://m.media-amazon.com/images/I/81zQ64l+-aS._AC_SX466_PIbundle-4,TopRight,0,0_SH20_.jpg
esci-B016QFL8OY	1	https://m.media-amazon.com/images/I/61PEQlT1rkL._AC_SX679_.jpg
esci-B016QR4NIA	1	https://m.media-amazon.com/images/I/91+WGScX8BL._AC_SX425_.jpg
esci-B016T9KDBG	1	https://m.media-amazon.com/images/I/61tHIXncPlL._AC_SX425_.jpg
esci-B016TQIYM4	1	https://m.media-amazon.com/images/I/61RTCyssvaS._AC_SX679_.jpg
esci-B0171155ZU	1	https://m.media-amazon.com/images/I/71pCtGDeIiL._AC_SX679_.jpg
esci-B01711ZXI4	1	https://m.media-amazon.com/images/I/81u+AzfcK7L._AC_SX679_.jpg
esci-B0174NP7JE	1	https://m.media-amazon.com/images/I/41af97O+RWL._AC_.jpg
esci-B0176UDL84	1	https://m.media-amazon.com/images/I/61D9TWKNu8L._AC_SX679_.jpg
esci-B0178GSAOQ	1	https://m.media-amazon.com/images/I/61XjPSJAALL._AC_SX679_.jpg
esci-B017GAGHMQ	1	https://m.media-amazon.com/images/I/71FdgGo+mnL._SX385_.jpg
esci-B017GI9KSG	1	https://m.media-amazon.com/images/I/311zubkh7EL._AC_.jpg
esci-B017T7HY78	1	https://m.media-amazon.com/images/I/414AWVglhZL._AC_SX425_.jpg
esci-B017VIWB6Y	1	https://m.media-amazon.com/images/I/61zPAc4EpFL._AC_SX679_.jpg
esci-B017WNJS3M	1	https://m.media-amazon.com/images/I/61N0fzUs7QL._AC_SX425_.jpg
esci-B0181DMEJC	1	https://m.media-amazon.com/images/I/61GmfDZs4vL._AC_SX425_.jpg
esci-B0183RLVSQ	1	https://m.media-amazon.com/images/I/81jUpxvLwXL._AC_SX425_.jpg
esci-B0183RLW8A	1	https://m.media-amazon.com/images/I/81CibB60iLS._AC_SX425_.jpg
esci-B0183RLWIK	1	https://m.media-amazon.com/images/I/61QibBD0p1L._AC_SX679_.jpg
esci-B0185F07GS	1	https://m.media-amazon.com/images/I/61khpcarVFL._AC_SX425_.jpg
esci-B0188XBTLY	1	https://m.media-amazon.com/images/I/71nYWZXbxSL._AC_SX425_.jpg
esci-B018CD5IJO	1	https://m.media-amazon.com/images/I/71bwSECtsTL._AC_SX385_.jpg
esci-B018DA6KS4	1	https://m.media-amazon.com/images/I/41u5FPZBoUL._AC_SX679_.jpg
esci-B018TM1Q80	1	https://m.media-amazon.com/images/I/812BAymjTIL._AC_SX679_.jpg
esci-B018VEKSIK	1	https://m.media-amazon.com/images/I/41mmGnoOggL._AC_SX425_.jpg
esci-B0194R5BSA	1	https://m.media-amazon.com/images/I/61TOkI4j4GL._AC_SX425_.jpg
esci-B0197QRYDS	1	https://m.media-amazon.com/images/I/61u-LkY5pmL._AC_SX679_.jpg
esci-B019C23JLI	1	https://m.media-amazon.com/images/I/81rYImNHc7L._AC_SX425_PIbundle-4,TopRight,0,0_SH20_.jpg
esci-B019C821PC	1	https://m.media-amazon.com/images/I/61lQKR9RGnL._AC_SX679_.jpg
esci-B019MGPT9O	1	https://m.media-amazon.com/images/I/715D4OD1F4L._AC_SX425_.jpg
esci-B019NCXIKE	1	https://m.media-amazon.com/images/I/819xRfSSNNL._AC_SX425_.jpg
esci-B019WA7146	1	https://m.media-amazon.com/images/I/71uJWQoYxxL._AC_SX425_.jpg
esci-B01A08YKV6	1	https://m.media-amazon.com/images/I/61JoFH+iQiL._AC_SX425_.jpg
esci-B01A0QZ30U	1	https://m.media-amazon.com/images/I/41QPdfcWzML._AC_SX425_.jpg
esci-B01A4Z3FOS	1	https://m.media-amazon.com/images/I/81B7PIO10hL._AC_SX679_PIbundle-10,TopRight,0,0_SH20_.jpg
esci-B01A80Z5ZQ	1	https://m.media-amazon.com/images/I/61WZy1KjS-L._AC_SY450_.jpg
esci-B01A9GHXGS	1	https://m.media-amazon.com/images/I/61wZTW3qGnL._AC_SX425_.jpg
esci-B01A9ZKRGW	1	https://m.media-amazon.com/images/I/71xc1xgWaYL._AC_SX569_.jpg
esci-B01ACBWCPC	1	https://m.media-amazon.com/images/I/71VudWDGiHL._AC_SY450_.jpg
esci-B01AGY1G7U	1	https://m.media-amazon.com/images/I/61LpVogoFCL._AC_SX679_.jpg
esci-B01ANHX95C	1	https://m.media-amazon.com/images/I/61xAvrBTZEL._AC_SX679_.jpg
esci-B01AOB5L7G	1	https://m.media-amazon.com/images/I/71akLfpNMpL._AC_SX425_.jpg
esci-B01ASZEEI0	1	https://m.media-amazon.com/images/I/71Cqj5ik00L._AC_SX679_.jpg
esci-B01ATNWOQ0	1	https://m.media-amazon.com/images/I/61o1Zkyd+kL._AC_SY879_.jpg
esci-B01AWQMR52	1	https://m.media-amazon.com/images/I/61ppQLQW8dL._AC_SY450_.jpg
esci-B01AX2M78C	1	https://m.media-amazon.com/images/I/61mkWXeUUML._AC_SX385_PIbundle-4,TopRight,0,0_SH20_.jpg
esci-B01B1MXZB6	1	https://m.media-amazon.com/images/I/51HZx4Qq0QL._AC_SX522_.jpg
esci-B01BDTGFUK	1	https://m.media-amazon.com/images/I/71Al-cbTsJL._AC_SX425_.jpg
esci-B01BHJE0J4	1	https://m.media-amazon.com/images/I/81mI9Y+Q3XL._AC_SX425_.jpg
esci-B01C18IC6W	1	https://m.media-amazon.com/images/I/61wqZB6nuSL._SX385_.jpg
esci-B01C85DN3U	1	https://m.media-amazon.com/images/I/61zgWsL-tFL._AC_SX679_.jpg
esci-B01CDQAHO2	1	https://m.media-amazon.com/images/I/716FtpaaxnL._AC_SX425_.jpg
esci-B01CGZPOK2	1	https://m.media-amazon.com/images/I/71qvvqs5eCL._AC_SX425_.jpg
esci-B01CI28I38	1	https://m.media-amazon.com/images/I/41aswiZGPpL._SX679_.jpg
esci-B01CNNH47I	1	https://m.media-amazon.com/images/I/51xzgrc0BbL._AC_SX425_.jpg
esci-B01CNNH6LM	1	https://m.media-amazon.com/images/I/61XkR5TkIRL._AC_SX425_.jpg
esci-B01CS949OS	1	https://m.media-amazon.com/images/I/61zNRIcFdlL._AC_SX679_PIbundle-2,TopRight,0,0_SH20_.jpg
esci-B01CTX7BX4	1	https://m.media-amazon.com/images/I/81cFtahSCrL._AC_SX679_.jpg
esci-B01CZUJACQ	1	https://m.media-amazon.com/images/I/61OY5ZMlYxL._AC_SX679_.jpg
esci-B01D177WRC	1	https://m.media-amazon.com/images/I/71RNFh4RitL._AC_SX425_.jpg
esci-B01D61NSUS	1	https://m.media-amazon.com/images/I/51fFSeJUqVL._AC_SX425_.jpg
esci-B01D8B405I	1	https://m.media-amazon.com/images/I/61bsqJpG6HL._AC_SX425_.jpg
esci-B01DJ1BYI8	1	https://m.media-amazon.com/images/I/71qvHBeY8JL._AC_SX522_.jpg
esci-B01DKUYWT6	1	https://m.media-amazon.com/images/I/610Z-6TRKdL._SX522_.jpg
esci-B01DP8MJMK	1	https://m.media-amazon.com/images/I/61D-aR59FQL._AC_SX679_.jpg
esci-B01DQ19AP0	1	https://m.media-amazon.com/images/I/81vVKJZKLOL._AC_SX425_.jpg
esci-B01DQ19B1S	1	https://m.media-amazon.com/images/I/71VvzzxZYtL._AC_SX425_.jpg
esci-B01DR90L72	1	https://m.media-amazon.com/images/I/61nh1MW089L._AC_SX679_.jpg
esci-B01DR90MM6	1	https://m.media-amazon.com/images/I/71qG13eFwtL._AC_SX425_.jpg
esci-B01E2EYG6I	1	https://m.media-amazon.com/images/I/91BnXFqISjL._AC_SX425_.jpg
esci-B01E96P898	1	https://m.media-amazon.com/images/I/61irw4PlsIL._AC_SX425_.jpg
esci-B01E96TYM0	1	https://m.media-amazon.com/images/I/51Z1D7M9WUL._AC_SX425_.jpg
esci-B01E96U2YE	1	https://m.media-amazon.com/images/I/51zH5H1GOqL._AC_SX679_.jpg
esci-B01E96U43S	1	https://m.media-amazon.com/images/I/51lZ8UykNGL._AC_SX679_.jpg
esci-B01ENLEZF2	1	https://m.media-amazon.com/images/I/61RR3nhc4SL._SX385_.jpg
esci-B01EOY7LTA	1	https://m.media-amazon.com/images/I/31v0ZtokP0L._AC_SX425_.jpg
esci-B01ESCU5WS	1	https://m.media-amazon.com/images/I/71TPrh4okNL._AC_SX522_.jpg
esci-B01EV1Q7F0	1	https://m.media-amazon.com/images/I/51uk-YLqayL._AC_SX425_.jpg
esci-B01EV57OGM	1	https://m.media-amazon.com/images/I/61n2GO1KMIL._AC_SX425_.jpg
esci-B01EV57OXU	1	https://m.media-amazon.com/images/I/81o7qeeQBbL._AC_SX425_.jpg
esci-B01EVDRRJ8	1	https://m.media-amazon.com/images/I/51cIVFAgdhL._AC_SX425_.jpg
esci-B01EXGKCAO	1	https://m.media-amazon.com/images/I/71jUqplRGjL._SX385_.jpg
esci-B01EYZ248M	1	https://m.media-amazon.com/images/I/81znpYeobeL._AC_SX679_.jpg
esci-B01F2OTW98	1	https://m.media-amazon.com/images/I/61q+wOj7asL._AC_SY879_.jpg
esci-B01FAAKN7E	1	https://m.media-amazon.com/images/I/61RntEEGwtL._AC_SX425_.jpg
esci-B01FAP7T44	1	https://m.media-amazon.com/images/I/71pt6iXPslS._AC_SX425_.jpg
esci-B01FETT3FO	1	https://m.media-amazon.com/images/I/81Xwi6PSBRL._AC_SX425_.jpg
esci-B01FJ90O0W	1	https://m.media-amazon.com/images/I/61cDT67kozL._AC_SX425_.jpg
esci-B01FPWTJBI	1	https://m.media-amazon.com/images/I/61-WSqmolAL._AC_SX679_.jpg
esci-B01FUEXLGU	1	https://m.media-amazon.com/images/I/71p6myJ6GzL._AC_SX679_.jpg
esci-B01G0E4NTS	1	https://m.media-amazon.com/images/I/71wW5bkAAJL._SX522_.jpg
esci-B01G3LOLD6	1	https://m.media-amazon.com/images/I/71S2I7JgnqL._AC_SX425_.jpg
esci-B01G44EVNC	1	https://m.media-amazon.com/images/I/51HyttNbuJL._AC_.jpg
esci-B01G6VEE0S	1	https://m.media-amazon.com/images/I/91ckvlNE9AL._AC_SX679_.jpg
esci-B01G8SXNNS	1	https://m.media-amazon.com/images/I/61zW7ijNBbL._AC_SX425_.jpg
esci-B01G8SXNO2	1	https://m.media-amazon.com/images/I/71W-6GQmieL._AC_SX425_.jpg
esci-B01GJ7O4NQ	1	https://m.media-amazon.com/images/I/71KAYfHXPvS._SX385_.jpg
esci-B01GPM1686	1	https://m.media-amazon.com/images/I/61WVC9W0u7L._AC_SX466_PIbundle-13,TopRight,0,0_SH20_.jpg
esci-B01GQ8XVG4	1	https://m.media-amazon.com/images/I/61Qj7QFTMTL._AC_SX679_.jpg
esci-B01GV29LBO	1	https://m.media-amazon.com/images/I/71nzFXXGURL._AC_SX679_.jpg
esci-B01GY7TUTY	1	https://m.media-amazon.com/images/I/611yL4OCYkL._AC_SX679_.jpg
esci-B01GZEWJ9O	1	https://m.media-amazon.com/images/I/61R7V2cTbAL._AC_SX679_.jpg
esci-B01H1NV1RE	1	https://m.media-amazon.com/images/I/71BKvJmBRxL._AC_SX679_.jpg
esci-B01H3KZAPY	1	https://m.media-amazon.com/images/I/21RacLVyU-S._AC_.jpg
esci-B01H9BLJ4S	1	https://m.media-amazon.com/images/I/61nD9aatzcL._AC_SX679_.jpg
esci-B01HBT3BVM	1	https://m.media-amazon.com/images/I/61Avxv3zaYL._AC_SX679_PIbundle-6,TopRight,0,0_SH20_.jpg
esci-B01HBXHI44	1	https://m.media-amazon.com/images/I/612gAbzYKwL._AC_SX425_.jpg
esci-B01HG905NE	1	https://m.media-amazon.com/images/I/61gmWz82caL._AC_SX425_.jpg
esci-B01HGD5GKW	1	https://m.media-amazon.com/images/I/61fxm31fnhL._AC_SX679_.jpg
esci-B01HHRDXWK	1	https://m.media-amazon.com/images/I/71tYkZnH0PL._AC_SX425_.jpg
esci-B01HO15DGS	1	https://m.media-amazon.com/images/I/61rG0kJ2vxL._AC_SX425_.jpg
esci-B01HPKJBKC	1	https://m.media-amazon.com/images/I/8184ob+ZqHL._AC_SX569_.jpg
esci-B01HSHVH40	1	https://m.media-amazon.com/images/I/61eay4hA2ZL._AC_SY450_.jpg
esci-B01HTU9TLY	1	https://m.media-amazon.com/images/I/61Eu1L7rq1L._AC_SX385_.jpg
esci-B01HXI7ED2	1	https://m.media-amazon.com/images/I/619ULjJBAjL._AC_SX450_.jpg
esci-B01HXM5UAC	1	https://m.media-amazon.com/images/I/61rMYOLfsML._SX385_.jpg
esci-B01ICFW2C8	1	https://m.media-amazon.com/images/I/81xW1nxxm3L._AC_SX679_.jpg
esci-B01IHGRGN2	1	https://m.media-amazon.com/images/I/8120cFbQaDL._AC_UX385_.jpg
esci-B01IR1SUEG	1	https://m.media-amazon.com/images/I/719s1p4BBFS._AC_SX425_.jpg
esci-B01IR1SXVQ	1	https://m.media-amazon.com/images/I/81IvRsvB32S._AC_SX425_.jpg
esci-B01J0TP038	1	https://m.media-amazon.com/images/I/81n0jEPFy2L._AC_SX425_PIbundle-6,TopRight,0,0_SH20_.jpg
esci-B01J24CQBU	1	https://m.media-amazon.com/images/I/61V8trJx9fL._AC_SX425_.jpg
esci-B01J3O4RYS	1	https://m.media-amazon.com/images/I/518GSB4NpZL._AC_.jpg
esci-B01J4Z4NJU	1	https://m.media-amazon.com/images/I/71bNCp8n0cL._SY500_.jpg
esci-B01J7YVZ6W	1	https://m.media-amazon.com/images/I/71Qsf2JCSnL._AC_SX385_.jpg
esci-B01J9FXCS8	1	https://m.media-amazon.com/images/I/71WypX2ARQL._SX522_.jpg
esci-B01JA4PKJ2	1	https://m.media-amazon.com/images/I/61UIgZL+uOL._SX385_.jpg
esci-B01JB78BYO	1	https://m.media-amazon.com/images/I/71uIsb+uHlL._AC_SY879_.jpg
esci-B01JKB1IRS	1	https://m.media-amazon.com/images/I/71CilqwTevL._AC_SX679_.jpg
esci-B01JRNAQ2W	1	https://m.media-amazon.com/images/I/61WUB-FYIYL._AC_SX679_PIbundle-3,TopRight,0,0_SH20_.jpg
esci-B01JZFC9QS	1	https://m.media-amazon.com/images/I/71N9JNtg+iL._AC_SX425_.jpg
esci-B01KEYDNKK	1	https://m.media-amazon.com/images/I/61RdtQ7RGVL._SX385_.jpg
esci-B01KH2JP5G	1	https://m.media-amazon.com/images/I/7113yxOuyKL._AC_SX425_.jpg
esci-B01KKSJS5O	1	https://m.media-amazon.com/images/I/71WylKgWgwL._AC_SX425_.jpg
esci-B01KN0OPKC	1	https://m.media-amazon.com/images/I/71+7SdCBUTL._AC_SX679_.jpg
esci-B01KNW9NPM	1	https://m.media-amazon.com/images/I/514FcX1xCxL._AC_SX425_.jpg
esci-B01L1U9L5W	1	https://images-cn.ssl-images-amazon.cn/images/I/61ZO+rCoyXS._AC_SX425_.jpg
esci-B01L3OUT4I	1	https://m.media-amazon.com/images/I/71at0Uxrg6L._AC_SX679_.jpg
esci-B01L8Q3J5M	1	https://m.media-amazon.com/images/I/61RsCh7vAXL._SX385_.jpg
esci-B01L94ZOH4	1	https://m.media-amazon.com/images/I/61KnlXMZvJL._AC_SX425_.jpg
esci-B01L9WSTEG	1	https://m.media-amazon.com/images/I/81W+7QvYtLL._AC_SX425_.jpg
esci-B01LAHCOQ4	1	https://m.media-amazon.com/images/I/61mj1wB2BEL._AC_SX679_.jpg
esci-B01LB2TJBG	1	https://m.media-amazon.com/images/I/71sCYEBWD3L._AC_SY575_.jpg
esci-B01LBT3AZU	1	https://m.media-amazon.com/images/I/61wxsNtabJL._AC_SX425_.jpg
esci-B01LEMFUI4	1	https://m.media-amazon.com/images/I/81UIoVvgwQL._AC_SY575_.jpg
esci-B01LN4DUGW	1	https://m.media-amazon.com/images/I/51VCv6tHGYL._AC_SX425_.jpg
esci-B01LO33VJ8	1	https://m.media-amazon.com/images/I/91Pd8YUrtzL._AC_SX355_.jpg
esci-B01LWO1P2F	1	https://m.media-amazon.com/images/I/71TAtSGC6TL._SX522_.jpg
esci-B01LWTUMVB	1	https://m.media-amazon.com/images/I/51V-pa+hKpL._AC_SX569_.jpg
esci-B01LWU5456	1	https://m.media-amazon.com/images/I/814Z3Q8EOML._AC_SX679_.jpg
esci-B01LWYWH43	1	https://m.media-amazon.com/images/I/71u1SbsQ6xL._SX385_.jpg
esci-B01LXA0FAJ	1	https://m.media-amazon.com/images/I/51eD-+xr+fL._AC_SX425_.jpg
esci-B01LXAHXP0	1	https://m.media-amazon.com/images/I/61xVD1+VorL._AC_SX679_.jpg
esci-B01LXHLRHL	1	https://m.media-amazon.com/images/I/418ajMEesoL._AC_PIbundle-10,TopRight,0,0_SH20_.jpg
esci-B01LXTK37Y	1	https://m.media-amazon.com/images/I/81r3JGI8sML._SX385_.jpg
esci-B01LXTNH7N	1	https://m.media-amazon.com/images/I/81h3+ZX-kAL._AC_SX425_.jpg
esci-B01LXWLTL4	1	https://m.media-amazon.com/images/I/71tgqD++XwL._AC_SX679_.jpg
esci-B01LY30G48	1	https://m.media-amazon.com/images/I/91AsS8iPWpL._AC_SX679_.jpg
esci-B01LYEADSJ	1	https://m.media-amazon.com/images/I/81lN-xUd8oL._AC_SX425_.jpg
esci-B01LYH5KDN	1	https://m.media-amazon.com/images/I/81jwEOM7xPL._AC_SX679_.jpg
esci-B01LYQGF4M	1	https://m.media-amazon.com/images/I/719YdufA4lL._AC_SX425_.jpg
esci-B01LZ26HIA	1	https://m.media-amazon.com/images/I/51+qp8rc3SL._AC_SX679_PIbundle-2,TopRight,0,0_SH20_.jpg
esci-B01LZ2QE21	1	https://m.media-amazon.com/images/I/91JbF0J+5wL._AC_SX425_.jpg
esci-B01LZN2RXQ	1	https://m.media-amazon.com/images/I/61vzzgOJ0CL._AC_SX425_.jpg
esci-B01LZSL62P	1	https://m.media-amazon.com/images/I/612ZWZeKRJL._AC_SX466_.jpg
esci-B01LZVT9SS	1	https://m.media-amazon.com/images/I/91XK3VE5VLL._AC_SX679_.jpg
esci-B01M04B94F	1	https://m.media-amazon.com/images/I/51rBs+067VL._AC_.jpg
esci-B01M0N1VED	1	https://m.media-amazon.com/images/I/71-kgcmR+dS._AC_SX679_.jpg
esci-B01M1FC3WG	1	https://m.media-amazon.com/images/I/71YsUw4a6+L._AC_SX425_.jpg
esci-B01M1I3OFH	1	https://m.media-amazon.com/images/I/8123uy0z+5L._AC_SX425_.jpg
esci-B01M27QHE2	1	https://m.media-amazon.com/images/I/71CiD1W8mUL._AC_SX425_PIbundle-2,TopRight,0,0_SH20_.jpg
esci-B01M4Q8VPC	1	https://m.media-amazon.com/images/I/71Y9alyf8tL._AC_SX679_.jpg
esci-B01M5F5KAH	1	https://m.media-amazon.com/images/I/71ihZNIt0lL._AC_SY879_.jpg
esci-B01M5F9ZWW	1	https://m.media-amazon.com/images/I/715aQfwNSTL._AC_SX679_.jpg
esci-B01M63L28T	1	https://m.media-amazon.com/images/I/51WyXIUJiKL._AC_.jpg
esci-B01M677UXZ	1	https://m.media-amazon.com/images/I/81dFQadr01L._AC_SX679_.jpg
esci-B01M68EX5W	1	https://m.media-amazon.com/images/I/81C93qH14jL._AC_SX679_.jpg
esci-B01M69K91R	1	https://m.media-amazon.com/images/I/61dCgDv77QL._AC_SX425_.jpg
esci-B01M6WMUYI	1	https://m.media-amazon.com/images/I/61mBFlc9RSL._AC_SX679_.jpg
esci-B01M72M90W	1	https://m.media-amazon.com/images/I/71YLrHVgYdL._AC_SX425_.jpg
esci-B01M7PNH4L	1	https://m.media-amazon.com/images/I/61j4Dr95hBL._AC_SY450_.jpg
esci-B01M7VJK9D	1	https://m.media-amazon.com/images/I/81PYwS0LL2L._AC_SX679_.jpg
esci-B01M7YF9JS	1	https://m.media-amazon.com/images/I/61zkJ+68s+L._AC_SX679_.jpg
esci-B01M9JZ1QV	1	https://m.media-amazon.com/images/I/612Gmgha17L._AC_SX679_.jpg
esci-B01MDJKV0E	1	https://m.media-amazon.com/images/I/81RKlWPNVtL._AC_SX679_.jpg
esci-B01MDLT0MD	1	https://m.media-amazon.com/images/I/61G1di72t+L._AC_SX679_.jpg
esci-B01MDOLHU0	1	https://m.media-amazon.com/images/I/715H7LxIhWL._AC_SX679_.jpg
esci-B01MG5HEZX	1	https://m.media-amazon.com/images/I/61jSjyNt9NL._AC_SX425_.jpg
esci-B01MG94A3N	1	https://m.media-amazon.com/images/I/31jhQqpQIWL._AC_SX679_.jpg
esci-B01MSQW16O	1	https://m.media-amazon.com/images/I/81rl0gIYepL._AC_SX466_.jpg
esci-B01MTC1DJK	1	https://m.media-amazon.com/images/I/713VnfecBcL._AC_SX679_.jpg
esci-B01MU7EWLR	1	https://m.media-amazon.com/images/I/61GTyP3bQ3L._AC_SX679_PIbundle-2,TopRight,0,0_SH20_.jpg
esci-B01MXJD0Y7	1	https://m.media-amazon.com/images/I/81Dsvs8JIDL._AC_SX425_.jpg
esci-B01MXZGDFW	1	https://m.media-amazon.com/images/I/61m6hiVPbAL._AC_SX425_.jpg
esci-B01MZCUS6Q	1	https://m.media-amazon.com/images/I/519M51b34PL._AC_SX679_.jpg
esci-B01N06FC8R	1	https://m.media-amazon.com/images/I/61rBS88+U5L._AC_SX425_.jpg
esci-B01N0AO16F	1	https://m.media-amazon.com/images/I/41DoPr6ZboL._AC_SX425_.jpg
esci-B01N0XQ3X3	1	https://m.media-amazon.com/images/I/61hX-EmFmYL._AC_SX425_.jpg
esci-B01N1JX0HB	1	https://m.media-amazon.com/images/I/71aq5oLcTfL._AC_SX679_.jpg
esci-B01N36WK58	1	https://m.media-amazon.com/images/I/71wQzB3vl5L._AC_SX679_.jpg
esci-B01N3CEUDH	1	https://m.media-amazon.com/images/I/615f-CWrjsL._AC_SX569_.jpg
esci-B01N496FND	1	https://m.media-amazon.com/images/I/71nRzNwM39L._AC_SX679_.jpg
esci-B01N4G7AA8	1	https://m.media-amazon.com/images/I/61cysb-hCkL._AC_SX679_.jpg
esci-B01N4GUXTM	1	https://m.media-amazon.com/images/I/710tX5MC+tL._AC_SX679_.jpg
esci-B01N4R2TRF	1	https://m.media-amazon.com/images/I/610oi-O9fDL._AC_SX425_.jpg
esci-B01N4R5UJE	1	https://m.media-amazon.com/images/I/81TDqfrA3AL._AC_SY450_.jpg
esci-B01N5OH6TV	1	https://m.media-amazon.com/images/I/91X+8e6IXsL._AC_SX679_.jpg
esci-B01N6D0207	1	https://m.media-amazon.com/images/I/51V95WvTNnL._AC_SX425_.jpg
esci-B01N6LK2NR	1	https://m.media-amazon.com/images/I/61NWPlLCJdL._AC_SX679_.jpg
esci-B01N75TLKY	1	https://m.media-amazon.com/images/I/61T05tqYvcL._AC_SX679_.jpg
esci-B01N7ONJUA	1	https://m.media-amazon.com/images/I/611FviFlqfL._AC_SX679_.jpg
esci-B01N7OYM9T	1	https://m.media-amazon.com/images/I/51zJU9RdgkL._AC_SX425_.jpg
esci-B01N9B0BYI	1	https://m.media-amazon.com/images/I/61aI9T9K01L._AC_SX385_.jpg
esci-B01N9FB3TN	1	https://m.media-amazon.com/images/I/71unwbNGkBL._AC_SX425_PIbundle-5,TopRight,0,0_SH20_.jpg
esci-B01N9QQCJP	1	https://m.media-amazon.com/images/I/8152YEN8dHL._AC_SX425_.jpg
esci-B01N9WA4Y7	1	https://m.media-amazon.com/images/I/61LiR9Y-klL._AC_SX679_.jpg
esci-B01NAJ172G	1	https://m.media-amazon.com/images/I/81nPdpoe3mL._AC_SX385_.jpg
esci-B01NASZ0UM	1	https://m.media-amazon.com/images/I/51IMoTcsySL._SX385_.jpg
esci-B01NB1O9YE	1	https://m.media-amazon.com/images/I/61GHgxmAM9L._AC_SX425_.jpg
esci-B01NB1OB0I	1	https://m.media-amazon.com/images/I/61Rl-IZR--L._AC_SX522_.jpg
esci-B01NCJDYA3	1	https://m.media-amazon.com/images/I/71hypDj-YIL._AC_SX679_.jpg
esci-B01NGWLZQP	1	https://m.media-amazon.com/images/I/51TsLAQOfoL._AC_SX679_.jpg
esci-B06VTGDD33	1	https://m.media-amazon.com/images/I/61svd17yFpL._AC_SX425_PIbundle-4,TopRight,0,0_SH20_.jpg
esci-B06WD2XG9Z	1	https://m.media-amazon.com/images/I/61E7eiqifIL._AC_SX679_.jpg
esci-B06WD4K8N6	1	https://m.media-amazon.com/images/I/41UHCK+iYaL._AC_.jpg
esci-B06WRX47ZH	1	https://m.media-amazon.com/images/I/51xq55A6QcL._AC_SX679_.jpg
esci-B06WWB2MKK	1	https://m.media-amazon.com/images/I/81IbdMw4mbL._AC_SX679_.jpg
esci-B06X9X9SS2	1	https://m.media-amazon.com/images/I/7141o93XkeS._AC_SX679_.jpg
esci-B06XB6FYQX	1	https://m.media-amazon.com/images/I/81dNaJ9z4kL._AC_SX425_.jpg
esci-B06XCJ388P	1	https://m.media-amazon.com/images/I/71v8xFyWVXL._AC_SX385_PIbundle-6,TopRight,0,0_SH20_.jpg
esci-B06XCZ3TDG	1	https://m.media-amazon.com/images/I/7101hf7FOjL._AC_SX425_.jpg
esci-B06XD6XBCM	1	https://m.media-amazon.com/images/I/61FLt1EiBHL._AC_SX425_.jpg
esci-B06XFPLBGG	1	https://m.media-amazon.com/images/I/71cKRqwg0nL._AC_SX679_.jpg
esci-B06XFT1TPJ	1	https://m.media-amazon.com/images/I/71FpvahyEbL._AC_SX425_.jpg
esci-B06XH4ZXQP	1	https://m.media-amazon.com/images/I/31oUMR2NpaL._AC_SX355_.jpg
esci-B06XHV9BY1	1	https://m.media-amazon.com/images/I/81ntyuyKOcL._SX385_.jpg
esci-B06XP8FMM2	1	https://m.media-amazon.com/images/I/7121r3+E+7L._AC_SX425_.jpg
esci-B06XQ39PMF	1	https://m.media-amazon.com/images/I/615B-jDZPaL._AC_SX679_PIbundle-2,TopRight,0,0_SH20_.jpg
esci-B06XQKHWGV	1	https://m.media-amazon.com/images/I/51sWt-ezEuL._AC_SX425_.jpg
esci-B06XQY4HT2	1	https://m.media-amazon.com/images/I/51LxkliINpL._AC_SX425_.jpg
esci-B06XRYMR9L	1	https://m.media-amazon.com/images/I/614LWQwmFlL._AC_SX425_.jpg
esci-B06XRYV3N3	1	https://m.media-amazon.com/images/I/71IqAPROTrL._AC_SY450_.jpg
esci-B06XSNXFG7	1	https://m.media-amazon.com/images/I/71-pArA9BaS._AC_SX385_.jpg
esci-B06XX3K36V	1	https://m.media-amazon.com/images/I/611ByOs0jlL._AC_SX679_PIbundle-4,TopRight,0,0_SH20_.jpg
esci-B06XXZWR52	1	https://m.media-amazon.com/images/I/51BjQd1f0lL._AC_SX679_.jpg
esci-B06XY2HPQY	1	https://m.media-amazon.com/images/I/51hvU34dXaL._AC_SX425_.jpg
esci-B06XZ2HHZC	1	https://m.media-amazon.com/images/I/71KwSEX9WBL._SX522_.jpg
esci-B06Y1BJL4X	1	https://m.media-amazon.com/images/I/71jG2J64mqL._AC_SX679_.jpg
esci-B06Y656QMR	1	https://m.media-amazon.com/images/I/51CJbAG3C6L._AC_SX466_.jpg
esci-B06Y6DR5L6	1	https://m.media-amazon.com/images/I/71HhoNLWfrL._AC_SY879_.jpg
esci-B06ZXW88QS	1	https://m.media-amazon.com/images/I/71WpP75iHNL._AC_SX425_.jpg
esci-B06ZZY8KDL	1	https://m.media-amazon.com/images/I/61GQCdoNo9L._AC_SX679_.jpg
esci-B0714FP9LB	1	https://m.media-amazon.com/images/I/71L9Xd6Wo+L._AC_SX679_PIbundle-16,TopRight,0,0_SH20_.jpg
esci-B0714J69Y4	1	https://m.media-amazon.com/images/I/51hD23ApenL._AC_SX679_.jpg
esci-B0718W1M14	1	https://m.media-amazon.com/images/I/81KQIepZZ8L._AC_SX679_.jpg
esci-B0718ZM6R1	1	https://m.media-amazon.com/images/I/81PiVPjSAUL._AC_SX679_PIbundle-82,TopRight,0,0_SH20_.jpg
esci-B0719MS2LZ	1	https://m.media-amazon.com/images/I/71Il6K-Kz1L._AC_SX679_.jpg
esci-B071J9ZBBT	1	https://m.media-amazon.com/images/I/61sY+khgJYL._AC_SX679_.jpg
esci-B071JH68QM	1	https://m.media-amazon.com/images/I/71XATMhMTSL._AC_UX385_.jpg
esci-B071KJVQQ8	1	https://m.media-amazon.com/images/I/61Uia7KGdnL._AC_SX679_.jpg
esci-B071L2F2R7	1	https://m.media-amazon.com/images/I/71qAY+ILwlL._AC_SX679_.jpg
esci-B071L9MHJS	1	https://m.media-amazon.com/images/I/71EFBAgetZL._AC_SX679_.jpg
esci-B071NDQSPC	1	https://m.media-amazon.com/images/I/7184bf4-q2L._AC_SX679_.jpg
esci-B071NPJ2VN	1	https://m.media-amazon.com/images/I/4173G4-A-vL._AC_.jpg
esci-B071QX59NH	1	https://m.media-amazon.com/images/I/719VybRfSwL._AC_SX679_.jpg
esci-B071QY9KP8	1	https://m.media-amazon.com/images/I/71qf54Xhs7L._SX522_.jpg
esci-B071RSM598	1	https://m.media-amazon.com/images/I/81P3mc6ss4L._AC_SX425_.jpg
esci-B071RV3YRM	1	https://m.media-amazon.com/images/I/71BunXzSWzL._AC_SX679_PIbundle-4,TopRight,0,0_SH20_.jpg
esci-B071WQDDSV	1	https://m.media-amazon.com/images/I/41ThAqf5nqL._AC_PIbundle-3,TopRight,0,0_SH20_.jpg
esci-B071X3ZR2M	1	https://m.media-amazon.com/images/I/71mJ2i8Z8CL._SX522_.jpg
esci-B071XDP685	1	https://m.media-amazon.com/images/I/81PbviAAuZL._AC_SX679_.jpg
esci-B071XSJVH2	1	https://m.media-amazon.com/images/I/51mN2nm6VxL._AC_SX679_.jpg
esci-B071YP6M8M	1	https://m.media-amazon.com/images/I/51CaLYf9wmL._AC_SX679_.jpg
esci-B071Z2GNLW	1	https://m.media-amazon.com/images/I/61cC8iPNw5L._AC_SX679_.jpg
esci-B07216RSSL	1	https://images-cn.ssl-images-amazon.cn/images/I/61ZO+rCoyXS._AC_SX425_.jpg
esci-B0725185BM	1	https://m.media-amazon.com/images/I/81XAllwYGcL._AC_SX679_.jpg
esci-B07253G22T	1	https://m.media-amazon.com/images/I/41fz8aKxhtL._SY500_.jpg
esci-B072544BS5	1	https://m.media-amazon.com/images/I/51XNtkvo3iL._AC_.jpg
esci-B07255QCN4	1	https://m.media-amazon.com/images/I/71LeTXWExQS._AC_SX679_.jpg
esci-B0725GSH2S	1	https://m.media-amazon.com/images/I/61hk8tZSOZL._AC_PIbundle-150,TopRight,0,0_SH20_.jpg
esci-B0727QWPRJ	1	https://m.media-amazon.com/images/I/71eAmPf4KXL._AC_SX679_.jpg
esci-B0727WZM6R	1	https://m.media-amazon.com/images/I/51b3zY8D6WL._AC_SX425_.jpg
esci-B07285TFBS	1	https://m.media-amazon.com/images/I/61suYFopz1L._AC_SX679_.jpg
esci-B072DZSR4M	1	https://m.media-amazon.com/images/I/51TtQPeGIfL._AC_SX679_.jpg
esci-B072F6SL2T	1	https://m.media-amazon.com/images/I/71U+ibbz-XL._AC_SX679_.jpg
esci-B072FHKXLP	1	https://m.media-amazon.com/images/I/81NU2pzXNhL._AC_SX679_.jpg
esci-B072J8VGDD	1	https://m.media-amazon.com/images/I/61sb5lbf1YL._AC_SX679_.jpg
esci-B072KDDS51	1	https://m.media-amazon.com/images/I/51cDECTmX6L._AC_SX679_.jpg
esci-B072KMXDPQ	1	https://m.media-amazon.com/images/I/61axG9LmvWL._AC_SX425_.jpg
esci-B072LYZC8Q	1	https://m.media-amazon.com/images/I/3113SQvvehL._AC_.jpg
esci-B072M2R9QD	1	https://m.media-amazon.com/images/I/51f5WF2BN9L._AC_SX679_.jpg
esci-B072SVHZLC	1	https://m.media-amazon.com/images/I/51Fvl3GwWvL._SX522_.jpg
esci-B072V53RRN	1	https://m.media-amazon.com/images/I/61dHz7PIwGL._AC_SX522_.jpg
esci-B072V6SGFP	1	https://m.media-amazon.com/images/I/71aJu+jkUjL._AC_SX679_.jpg
esci-B072WHQFJ7	1	https://m.media-amazon.com/images/I/81FQCYRrv6L._AC_SX385_PIbundle-2,TopRight,0,0_SH20_.jpg
esci-B072WM881G	1	https://m.media-amazon.com/images/I/81nDaDlgiUL._SX522_.jpg
esci-B072X4S1ZY	1	https://m.media-amazon.com/images/I/61RbrWVtEmL._AC_SX679_.jpg
esci-B072X98BD8	1	https://m.media-amazon.com/images/I/61Jc8MIG6BL._AC_SX679_.jpg
esci-B072XYL38Y	1	https://m.media-amazon.com/images/I/51YBsMaqjEL._SX522_.jpg
esci-B0732HQL7X	1	https://m.media-amazon.com/images/I/51+q6wMJ6+L._AC_SX679_.jpg
esci-B0733RQDXL	1	https://m.media-amazon.com/images/I/91e6JtisBVL._AC_SX679_.jpg
esci-B0734WN4RW	1	https://m.media-amazon.com/images/I/81LmF8MfbEL._AC_SX679_.jpg
esci-B0739JWS69	1	https://m.media-amazon.com/images/I/617Fss-W2mL._AC_SX679_.jpg
esci-B073B2X3PX	1	https://m.media-amazon.com/images/I/71NMiPyTZSL._AC_SX679_.jpg
esci-B073DNLM9F	1	https://m.media-amazon.com/images/I/71UFozltphL._AC_SX425_.jpg
esci-B073FF8BGR	1	https://m.media-amazon.com/images/I/61CeXeUrCIL._AC_SX679_.jpg
esci-B073PGP96S	1	https://m.media-amazon.com/images/I/61hBqOie2OL._AC_SX425_.jpg
esci-B073Q81Q93	1	https://m.media-amazon.com/images/I/81fPqirjciL._AC_SX679_.jpg
esci-B073RTP58Q	1	https://m.media-amazon.com/images/I/51vwVBx0DHL._AC_SX679_.jpg
esci-B073SVVSKG	1	https://m.media-amazon.com/images/I/61gbcUvwgPL._SX679_.jpg
esci-B073TZNMMC	1	https://m.media-amazon.com/images/I/51Ssjvan5bS._AC_SX679_.jpg
esci-B073VJPM4Z	1	https://m.media-amazon.com/images/I/51h8Ie17tuL._AC_SX679_.jpg
esci-B073VJT3HT	1	https://m.media-amazon.com/images/I/51IUqEGh7tL._AC_SX679_.jpg
esci-B073W8NM1D	1	https://m.media-amazon.com/images/I/51oKBbu4VFL._AC_SX679_.jpg
esci-B073YNWC8P	1	https://m.media-amazon.com/images/I/61kjM2c2InL._AC_SX679_.jpg
esci-B0741DPFW9	1	https://m.media-amazon.com/images/I/41I6IShJKdL._AC_SX425_.jpg
esci-B07423DRDQ	1	https://m.media-amazon.com/images/I/91iTcM0WTOL._AC_SX679_PIbundle-8,TopRight,0,0_SH20_.jpg
esci-B07457BXJW	1	https://m.media-amazon.com/images/I/71J1Ra9mKPL._AC_SX425_.jpg
esci-B0745KHDXT	1	https://m.media-amazon.com/images/I/61ysytURQBL._AC_SX385_.jpg
esci-B0746SBGXS	1	https://m.media-amazon.com/images/I/71DU-iPgI9L._AC_SX425_.jpg
esci-B074759VVG	1	https://m.media-amazon.com/images/I/61JZJ46KGeL._AC_SX425_.jpg
esci-B0747ZQ8KN	1	https://m.media-amazon.com/images/I/91T1DVtKcnL._AC_SX425_.jpg
esci-B074841G79	1	https://m.media-amazon.com/images/I/91pbEMguPPL._AC_SX679_.jpg
esci-B074BHJQB3	1	https://m.media-amazon.com/images/I/81xYMoyHfiL._AC_SX679_.jpg
esci-B074C4Z2M4	1	https://m.media-amazon.com/images/I/71vgjgMsZqL._AC_SX679_.jpg
esci-B074CKPPT8	1	https://m.media-amazon.com/images/I/31cYImFFq5L._AC_.jpg
esci-B074CZPFT7	1	https://m.media-amazon.com/images/I/61taL1jCr+S._AC_SX679_.jpg
esci-B074GGTSQC	1	https://m.media-amazon.com/images/I/91yu16kwDgL._AC_SX679_.jpg
esci-B074GYFPL4	1	https://m.media-amazon.com/images/I/81FkjFLj3CL._AC_SX425_.jpg
esci-B074GYX6XG	1	https://m.media-amazon.com/images/I/91AeDZbf-rL._AC_SY450_.jpg
esci-B074J3BP6X	1	https://m.media-amazon.com/images/I/613BkJg1UsL._AC_SX679_.jpg
esci-B074MQG36R	1	https://m.media-amazon.com/images/I/61aITpPVDTL._AC_SX679_.jpg
esci-B074NCFBQK	1	https://m.media-amazon.com/images/I/51nJ1qofZGL._AC_SX425_.jpg
esci-B074NYSHBM	1	https://m.media-amazon.com/images/I/71R7p9GlrwL._AC_SX679_.jpg
esci-B074P2MQS6	1	https://m.media-amazon.com/images/I/81VAspXcMDL._AC_SX679_.jpg
esci-B074P5N3RG	1	https://m.media-amazon.com/images/I/71K0GtMg3+L._AC_SX679_.jpg
esci-B074PCPR3B	1	https://m.media-amazon.com/images/I/71NpKS-ea6L._AC_SX466_.jpg
esci-B074PR4FRT	1	https://m.media-amazon.com/images/I/81R2LXx7HNL._AC_SX425_.jpg
esci-B074Q23N9Q	1	https://m.media-amazon.com/images/I/61m5KlwMjxL.__AC_SX300_SY300_QL70_FMwebp_.jpg
esci-B074R2SXBM	1	https://m.media-amazon.com/images/I/819pAAIsBYL._AC_SX425_.jpg
esci-B074R4N2VS	1	https://m.media-amazon.com/images/I/71u314sVy8L._AC_SX679_.jpg
esci-B074SVKMNF	1	https://m.media-amazon.com/images/I/61fXzqUp0TL._AC_SX425_.jpg
esci-B074TZC91S	1	https://m.media-amazon.com/images/I/71l-4cdscYL._AC_SX425_.jpg
esci-B074V5YNXB	1	https://m.media-amazon.com/images/I/81QHtvtUA4L._AC_SX679_.jpg
esci-B074W56CQ4	1	https://m.media-amazon.com/images/I/61lF8Ffk2DL._AC_SX425_.jpg
esci-B074WBS7GG	1	https://m.media-amazon.com/images/I/71Z+SN1xcrL._AC_SX425_.jpg
esci-B074WMDLGP	1	https://m.media-amazon.com/images/I/71zmS5sAFrL._AC_SX425_.jpg
esci-B074X2P3WL	1	https://m.media-amazon.com/images/I/51BgNwcO-IL._AC_SX679_.jpg
esci-B074XX1DTC	1	https://m.media-amazon.com/images/I/71JSEDugpHL._AC_SX679_.jpg
esci-B074Z4CJ2V	1	https://m.media-amazon.com/images/I/61iFwCpxM9L._AC_SX679_.jpg
esci-B074Z5KNHK	1	https://m.media-amazon.com/images/I/81lbxHIjm-L._AC_SX679_.jpg
esci-B074Z69XCN	1	https://m.media-amazon.com/images/I/512gDg3bdFL._SX385_.jpg
esci-B074ZPF77H	1	https://m.media-amazon.com/images/I/61cRdd0JkQL._AC_SX679_.jpg
esci-B0751893Y2	1	https://m.media-amazon.com/images/I/61BYetjP0fL._SX522_.jpg
esci-B0751JRNLH	1	https://m.media-amazon.com/images/I/911LaadAEKL._AC_SX679_.jpg
esci-B0752JX883	1	https://m.media-amazon.com/images/I/51sHHfgpBTL._AC_SX385_PIbundle-2,TopRight,0,0_SH20_.jpg
esci-B0753H41HL	1	https://m.media-amazon.com/images/I/51CBWpRPqML._AC_SX425_.jpg
esci-B0753PWB8P	1	https://m.media-amazon.com/images/I/51Gwk85M+YL._AC_SX425_.jpg
esci-B0754L31M4	1	https://m.media-amazon.com/images/I/61hUPFbrw6L._AC_SX679_.jpg
esci-B0754MTTCL	1	https://m.media-amazon.com/images/I/516FvjJWHjL._AC_SX679_.jpg
esci-B07569SB87	1	https://m.media-amazon.com/images/I/71Q6sE9zBqL._SX522_.jpg
esci-B0756JQ1XB	1	https://m.media-amazon.com/images/I/71+RGUwLj3L._SX522_.jpg
esci-B0757FDCZC	1	https://m.media-amazon.com/images/I/315GRt6XwFL._AC_PIbundle-20,TopRight,0,0_SH20_.jpg
esci-B075BZGJJK	1	https://m.media-amazon.com/images/I/71LV-rzCZrL._AC_SX569_.jpg
esci-B075CDF5K7	1	https://m.media-amazon.com/images/I/51nfpjIKTbL._AC_SX679_.jpg
esci-B075F7KL3J	1	https://m.media-amazon.com/images/I/71nDbJ8vQnL._AC_SX522_.jpg
esci-B075FFMZJ5	1	https://m.media-amazon.com/images/I/61vuZwFpBVL._AC_SX425_.jpg
esci-B075GYSHPS	1	https://m.media-amazon.com/images/I/51vGBMTzj0L._SX522_.jpg
esci-B075J7LF4Z	1	https://m.media-amazon.com/images/I/81uD5ca1w2L._SX522_.jpg
esci-B075KQX66F	1	https://m.media-amazon.com/images/I/61jAHmJ4MgL._AC_SX425_.jpg
esci-B075L6FH6F	1	https://m.media-amazon.com/images/I/81c-XSYo9OL._AC_SY575_.jpg
esci-B075L8LCTG	1	https://m.media-amazon.com/images/I/71MiKJwgCKL._AC_SX425_.jpg
esci-B075MWQZK8	1	https://m.media-amazon.com/images/I/71oLhtoLOLL._AC_SX679_PIbundle-2,TopRight,0,0_SH20_.jpg
esci-B075MX6TDC	1	https://m.media-amazon.com/images/I/712Ty11OzxL._AC_SX679_PIbundle-6,TopRight,0,0_SH20_.jpg
esci-B075NZ6F5T	1	https://m.media-amazon.com/images/I/710WiHQiLQL._AC_SX425_.jpg
esci-B075Q4TTKX	1	https://m.media-amazon.com/images/I/61CDNWU-h3L._AC_SX679_.jpg
esci-B075QZV2J4	1	https://m.media-amazon.com/images/I/61b9sfIwwRL._AC_SX679_PIbundle-6,TopRight,0,0_SH20_.jpg
esci-B075SGLQDZ	1	https://m.media-amazon.com/images/I/61E5VMp-tLL._AC_SX425_.jpg
esci-B075SV2QQ6	1	https://m.media-amazon.com/images/I/61NoiXlqBJL._AC_SX425_.jpg
esci-B075VBP42M	1	https://m.media-amazon.com/images/I/51m0ya-vDZL._AC_SX679_.jpg
esci-B075VPYMV7	1	https://m.media-amazon.com/images/I/61COXtp1V9L._AC_SX679_.jpg
esci-B075ZLZHYG	1	https://m.media-amazon.com/images/I/51VIErVevAL._AC_SX425_.jpg
esci-B075ZM9Q7D	1	https://m.media-amazon.com/images/I/91H6EVwrt-L._SX522_.jpg
esci-B075ZZ47RH	1	https://m.media-amazon.com/images/I/81Sx6G0CwqL._AC_SX425_.jpg
esci-B0761PCL3T	1	https://m.media-amazon.com/images/I/71cqQC1rbAL._SX679_.jpg
esci-B0761PDBXC	1	https://m.media-amazon.com/images/I/61FWsOwKyqL._AC_SX679_.jpg
esci-B0762N1M6B	1	https://m.media-amazon.com/images/I/81oFjpDyYJL._AC_SX425_.jpg
esci-B07643QJWB	1	https://m.media-amazon.com/images/I/71xsip8XpkL._AC_SX679_.jpg
esci-B0765K4BWG	1	https://m.media-amazon.com/images/I/71NjDXOodeL._AC_SX425_.jpg
esci-B0767NGBP8	1	https://m.media-amazon.com/images/I/91RRLv1XF9L._AC_SX679_.jpg
esci-B0769T1KYS	1	https://m.media-amazon.com/images/I/51VehYRH1LL._AC_SX679_.jpg
esci-B076BSN5NH	1	https://m.media-amazon.com/images/I/71NyQEDHXRL._AC_SX569_.jpg
esci-B076CC8PZ5	1	https://m.media-amazon.com/images/I/71xPLSaXkpL._AC_SX679_PIbundle-8,TopRight,0,0_SH20_.jpg
esci-B076CN463G	1	https://m.media-amazon.com/images/I/51+mSjKolwL._AC_SX425_.jpg
esci-B076CRCKNT	1	https://m.media-amazon.com/images/I/81-uyPRjeLL._AC_SX425_PIbundle-5,TopRight,0,0_SH20_.jpg
esci-B076D7T4Y9	1	https://m.media-amazon.com/images/I/61kN+5PjZyL._AC_SX679_.jpg
esci-B076DRZ1LV	1	https://m.media-amazon.com/images/I/71gUWcoHaoL._AC_SX679_.jpg
esci-B076GX8VY3	1	https://m.media-amazon.com/images/I/61OzvlMjKDL._AC_SX679_.jpg
esci-B076HD6YC9	1	https://m.media-amazon.com/images/I/41pVircDjYL._AC_.jpg
esci-B076HPKK19	1	https://m.media-amazon.com/images/I/61cqeMDM5SS._AC_SX425_.jpg
esci-B076M5LYMW	1	https://m.media-amazon.com/images/I/51ia+XHNHhL._AC_SX425_.jpg
esci-B076M7XDJY	1	https://m.media-amazon.com/images/I/7149sOdzO1L._AC_SX425_.jpg
esci-B076S341ZH	1	https://m.media-amazon.com/images/I/51bc5RiEQWL._AC_SX679_.jpg
esci-B076TGWYDK	1	https://m.media-amazon.com/images/I/61uu8fZpmvL._AC_SX522_.jpg
esci-B076VVP2KR	1	https://m.media-amazon.com/images/I/61aTBQ0R7ZL._AC_SX679_.jpg
esci-B076ZJMHB1	1	https://m.media-amazon.com/images/I/61nry4TI5OL._AC_SX425_.jpg
esci-B0771XPSJ7	1	https://m.media-amazon.com/images/I/71FwJGGQomL._AC_SX385_.jpg
esci-B0773CS85H	1	https://m.media-amazon.com/images/I/81JzW0IAgoL._AC_SX425_.jpg
esci-B0773JQNPH	1	https://m.media-amazon.com/images/I/41JxDDiQDEL._AC_SX385_.jpg
esci-B0773YSZJR	1	https://m.media-amazon.com/images/I/5195TVUO7AL._AC_SX425_.jpg
esci-B0776KXY8G	1	https://m.media-amazon.com/images/I/61J6Jx7HqpL._SX522_.jpg
esci-B0776SP6VR	1	https://m.media-amazon.com/images/I/41S0q-mgTRL._AC_SX679_.jpg
esci-B0777RTWQ7	1	https://m.media-amazon.com/images/I/81W4-Mq5ZRL._AC_SX569_.jpg
esci-B0777TD9X2	1	https://m.media-amazon.com/images/I/414+Kn4DTrL._AC_SX679_.jpg
esci-B077C2ZTF7	1	https://m.media-amazon.com/images/I/A1Ad0OxOPkL._AC_SX522_.jpg
esci-B077D298R7	1	https://m.media-amazon.com/images/I/81ZgxjJITpL._AC_SX679_.jpg
esci-B077D5T1RJ	1	https://m.media-amazon.com/images/I/61jTDm-PYiL._AC_SX425_PIbundle-2,TopRight,0,0_SH20_.jpg
esci-B077DBY1P7	1	https://m.media-amazon.com/images/I/81j3mVAyuyS._AC_SX425_.jpg
esci-B077FXFHP4	1	https://m.media-amazon.com/images/I/61ErgxSvbDL._AC_SX425_.jpg
esci-B077H7JP1D	1	https://m.media-amazon.com/images/I/71tnuvXAN-L._AC_SY450_.jpg
esci-B077HTXVR1	1	https://m.media-amazon.com/images/I/71L89sGf26L._AC_SX425_.jpg
esci-B077HWZYS6	1	https://m.media-amazon.com/images/I/81CSl79Os-L._AC_SX679_.jpg
esci-B077L4DYGW	1	https://m.media-amazon.com/images/I/61rt-DF6+4L._AC_SX679_.jpg
esci-B077L4GTHH	1	https://m.media-amazon.com/images/I/61KY04BIXUL._AC_SX425_.jpg
esci-B077L6V4Q1	1	https://m.media-amazon.com/images/I/51pcN93BK4L._AC_SX425_.jpg
esci-B077MBB3GV	1	https://m.media-amazon.com/images/I/615+Mdzj2zL._AC_SX425_.jpg
esci-B077MHNC7H	1	https://m.media-amazon.com/images/I/71KxWCOc1sL._AC_SX679_.jpg
esci-B077MVJ572	1	https://m.media-amazon.com/images/I/612Hg+qIZJL._AC_SX679_.jpg
esci-B077N9PXV3	1	https://m.media-amazon.com/images/I/71SEMWAbDyL._AC_SX425_.jpg
esci-B077NPGJY1	1	https://m.media-amazon.com/images/I/61TBE-hbFUS._AC_SX425_.jpg
esci-B077P2W4JC	1	https://m.media-amazon.com/images/I/81ZIMiOibzL._SX385_.jpg
esci-B077PLRBC4	1	https://m.media-amazon.com/images/I/61jkNRb6sPL._AC_SX425_.jpg
esci-B077VDCLNP	1	https://m.media-amazon.com/images/I/71c6gvj29iL._AC_SX385_.jpg
esci-B077YJLNDJ	1	https://m.media-amazon.com/images/I/51ulcZc2E9L._AC_SX425_.jpg
esci-B077YJSKSY	1	https://m.media-amazon.com/images/I/91GgytMh+5L._AC_SX425_PIbundle-60,TopRight,0,0_SH20_.jpg
esci-B077YSX831	1	https://m.media-amazon.com/images/I/61pO+iM6HQL._AC_SX679_.jpg
esci-B077ZD6BQS	1	https://m.media-amazon.com/images/I/81d+unAjzCL._AC_SX425_.jpg
esci-B078162HNC	1	https://m.media-amazon.com/images/I/61ajpiSuPjL._AC_SX425_.jpg
esci-B0781XJDLF	1	https://m.media-amazon.com/images/I/61SdFCoe1jL._AC_SX425_.jpg
esci-B0782G2FZS	1	https://m.media-amazon.com/images/I/61SdFCoe1jL._AC_SX425_.jpg
esci-B07854SMSH	1	https://m.media-amazon.com/images/I/71XLrYvObXL._AC_SX679_.jpg
esci-B0785HWBVX	1	https://m.media-amazon.com/images/I/51zWdSQt-sL._AC_.jpg
esci-B0785JVT1S	1	https://m.media-amazon.com/images/I/81QaXgqRZNL._AC_SX425_.jpg
esci-B0786V91S8	1	https://m.media-amazon.com/images/I/81AtN1eqU8L._AC_SX425_.jpg
esci-B0787D33DC	1	https://m.media-amazon.com/images/I/811FbqCrj5L._AC_SX425_.jpg
esci-B0787DZDHT	1	https://m.media-amazon.com/images/I/81kOLlEYDTL._AC_SX425_.jpg
esci-B078D7CD77	1	https://m.media-amazon.com/images/I/81ks3xhmnAL._AC_SX425_.jpg
esci-B078GQFB22	1	https://m.media-amazon.com/images/I/61sb6iEhHTS.__AC_SY445_SX342_QL70_FMwebp_.jpg
esci-B078H8764J	1	https://m.media-amazon.com/images/I/71pJ8ZofjTL._AC_SX679_PIbundle-5,TopRight,0,0_SH20_.jpg
esci-B078JY8452	1	https://m.media-amazon.com/images/I/71W1DaqsQlL._SX522_.jpg
esci-B078M21NYH	1	https://m.media-amazon.com/images/I/61gpZB7JsyL._AC_SX679_.jpg
esci-B078M5N8CH	1	https://m.media-amazon.com/images/I/71WmgFNMriL._SX522_.jpg
esci-B078MMCV3G	1	https://m.media-amazon.com/images/I/81seJ46RFGL._AC_SX425_.jpg
esci-B078N2BXMQ	1	https://m.media-amazon.com/images/I/619cm3oOsWL._AC_SX342_.jpg
esci-B078N2HS5D	1	https://m.media-amazon.com/images/I/41T9UA6Sp1L._AC_SX679_.jpg
esci-B078NRJ815	1	https://m.media-amazon.com/images/I/71VaMRThfZL._AC_SX425_.jpg
esci-B078P7L1J7	1	https://m.media-amazon.com/images/I/61HPLdSg7UL._AC_SX425_.jpg
esci-B078PSS7CT	1	https://m.media-amazon.com/images/I/91tBwIipy9L._AC_SX569_.jpg
esci-B078QXYHYQ	1	https://m.media-amazon.com/images/I/51Mqrvhz--L._AC_.jpg
esci-B078RNM6Q8	1	https://m.media-amazon.com/images/I/61liJdst84L._AC_SX679_PIbundle-10,TopRight,0,0_SH20_.jpg
esci-B078SLTZWB	1	https://m.media-amazon.com/images/I/610GrgN54qL._AC_SX425_.jpg
esci-B078TV9XW2	1	https://m.media-amazon.com/images/I/91EYhcCoXbL._SX679_.jpg
esci-B078VPYDM4	1	https://m.media-amazon.com/images/I/71gFtyLYbIL._AC_SX679_.jpg
esci-B078W1L7GL	1	https://m.media-amazon.com/images/I/618rK7d+VoL._AC_SX425_.jpg
esci-B078W1M4B8	1	https://m.media-amazon.com/images/I/61cP66+YwGL._AC_SX425_.jpg
esci-B078WDTV2F	1	https://m.media-amazon.com/images/I/51yUeIrJJWL._AC_SX425_.jpg
esci-B078WKVS2F	1	https://m.media-amazon.com/images/I/71q00BmydFL._AC_SY879_.jpg
esci-B078WWKZFC	1	https://m.media-amazon.com/images/I/61nXJ8IrxCL._AC_SX679_.jpg
esci-B078X3F29Q	1	https://m.media-amazon.com/images/I/91IrZpy7XKL._SX522_.jpg
esci-B078XGMJWB	1	https://m.media-amazon.com/images/I/91pgG-5jAbL._AC_SX425_PIbundle-246,TopRight,0,0_SH20_.jpg
esci-B078XJ2DCJ	1	https://m.media-amazon.com/images/I/71xEnpfJqCS._AC_SX425_.jpg
esci-B078XK3KTV	1	https://m.media-amazon.com/images/I/71OKo59l4-S._AC_SX679_.jpg
esci-B078Y81WCN	1	https://m.media-amazon.com/images/I/71cwAciY35S._AC_SX425_.jpg
esci-B078Y95L1C	1	https://m.media-amazon.com/images/I/71bXbiZY+2S._AC_SX425_.jpg
esci-B078YKSNPH	1	https://m.media-amazon.com/images/I/61U7dKO5GwL._AC_SX679_.jpg
esci-B078Z7W933	1	https://m.media-amazon.com/images/I/71L16FQIavL._AC_SX679_.jpg
esci-B078Z842JT	1	https://m.media-amazon.com/images/I/61NRnriKwNS._AC_SX679_.jpg
esci-B0791NB4FM	1	https://m.media-amazon.com/images/I/81s1Bxl3-zL._AC_SX425_PIbundle-2,TopRight,0,0_SH20_.jpg
esci-B0791WDZTW	1	https://m.media-amazon.com/images/I/619MsL3ZN5L._AC_SX385_.jpg
esci-B07922DGPJ	1	https://m.media-amazon.com/images/I/31L00bUxZOL._AC_.jpg
esci-B079282L81	1	https://m.media-amazon.com/images/I/71xMj9J+d+L._AC_SX425_.jpg
esci-B0792QF73Q	1	https://m.media-amazon.com/images/I/71tQ7KZi1rL._AC_SX679_.jpg
esci-B0792QR5YT	1	https://m.media-amazon.com/images/I/61Tg5UjtaoL._AC_SX425_.jpg
esci-B0792VYF52	1	https://m.media-amazon.com/images/I/51Reg8bfG0L._AC_SX679_.jpg
esci-B07947MHG8	1	https://m.media-amazon.com/images/I/71ZJ4XyU5xL._AC_SX679_.jpg
esci-B0794ZLRC2	1	https://m.media-amazon.com/images/I/61F5OzJA0wL._SX522_.jpg
esci-B079833MJ7	1	https://m.media-amazon.com/images/I/61R3dBgTV5L._AC_SX679_.jpg
esci-B0798LCQSN	1	https://m.media-amazon.com/images/I/51ggBnFXWhL._AC_SY450_.jpg
esci-B0798LH1FN	1	https://m.media-amazon.com/images/I/51n2wOZCq4L._AC_SY450_.jpg
esci-B0798M639B	1	https://m.media-amazon.com/images/I/61iBJMOVPaL._AC_SX425_.jpg
esci-B07999WR3M	1	https://m.media-amazon.com/images/I/71DKjzNC0bL._AC_SX425_.jpg
esci-B079D7VQ2R	1	https://m.media-amazon.com/images/I/41RTSXKa9nL._AC_.jpg
esci-B079DMWG8K	1	https://m.media-amazon.com/images/I/51A1peOCv5S._AC_SX425_.jpg
esci-B079DWMBX9	1	https://m.media-amazon.com/images/I/51lUaQwpvoL._AC_SX425_.jpg
esci-B079L3WBDN	1	https://m.media-amazon.com/images/I/61eXny2XMpL._AC_SX425_PIbundle-10,TopRight,0,0_SH20_.jpg
esci-B079NBC7JN	1	https://m.media-amazon.com/images/I/618D513SfNL._AC_SX425_.jpg
esci-B079NJY784	1	https://m.media-amazon.com/images/I/611cMIAj36L._SX522_.jpg
esci-B079PB2BHT	1	https://m.media-amazon.com/images/I/618Ymz8BNCL._AC_SX679_.jpg
esci-B079QSJPBX	1	https://m.media-amazon.com/images/I/71PIzVK5zTL._AC_SY445_.jpg
esci-B079RG21KW	1	https://m.media-amazon.com/images/I/812G5Zq4IoL._SX522_.jpg
esci-B079SMB21D	1	https://m.media-amazon.com/images/I/51ntFM8ImAL._AC_SY450_.jpg
esci-B079TKW4W1	1	https://m.media-amazon.com/images/I/71KSUmz+QML._AC_SX679_.jpg
esci-B079XSMLXH	1	https://m.media-amazon.com/images/I/71gDqtaXHNL._AC_SX679_.jpg
esci-B07B2YQLBL	1	https://m.media-amazon.com/images/I/61rsvTRXE6L._AC_SX425_.jpg
esci-B07B635CM6	1	https://m.media-amazon.com/images/I/61mGA9I9Y5L._AC_SX679_.jpg
esci-B07B67P3SX	1	https://m.media-amazon.com/images/I/61r9-XBK+xL._AC_SX679_.jpg
esci-B07B6B7H32	1	https://m.media-amazon.com/images/I/61YMra1Y9AL._AC_SX679_.jpg
esci-B07B8L8BDS	1	https://m.media-amazon.com/images/I/71m+7BejPNL._AC_SX679_.jpg
esci-B07B8MZS5K	1	https://m.media-amazon.com/images/I/91Klkk-KKBL._AC_SX679_.jpg
esci-B07B948XJ3	1	https://m.media-amazon.com/images/I/41wz+XBnJlL._AC_.jpg
esci-B07B9LGLMB	1	https://m.media-amazon.com/images/I/71e5FNVbfqL._SX522_.jpg
esci-B07BF6TJN1	1	https://m.media-amazon.com/images/I/41IdvdBPMlL._AC_SX425_.jpg
esci-B07BF788FF	1	https://m.media-amazon.com/images/I/51UNRObyymL._AC_SX425_.jpg
esci-B07BF81CRR	1	https://m.media-amazon.com/images/I/71CJZaMBz8L._AC_SX679_.jpg
esci-B07BFC5Q7V	1	https://m.media-amazon.com/images/I/51NnnO5weEL._AC_SY879_.jpg
esci-B07BFSDJGM	1	https://m.media-amazon.com/images/I/51raucXxkHL._AC_SX425_.jpg
esci-B07BGYSRZQ	1	https://m.media-amazon.com/images/I/51ISb4RlFcL._AC_SX466_.jpg
esci-B07BHVKPC3	1	https://m.media-amazon.com/images/I/91giohknfqL._AC_SX425_.jpg
esci-B07BK2QBWQ	1	https://m.media-amazon.com/images/I/61JpcnadTQL._AC_SX679_.jpg
esci-B07BMMBKJR	1	https://m.media-amazon.com/images/I/61vgu7QfcAL._AC_SX679_.jpg
esci-B07BMZ52G8	1	https://m.media-amazon.com/images/I/81wIeFht3tL._AC_SX425_.jpg
esci-B07BN77BTS	1	https://m.media-amazon.com/images/I/61iICUbSjKL._AC_SX679_.jpg
esci-B07BNHLTWG	1	https://m.media-amazon.com/images/I/71+7su+HzxL._AC_SX679_.jpg
esci-B07BQV1CMY	1	https://m.media-amazon.com/images/I/61qfNDTEzCL._AC_SX385_.jpg
esci-B07BS93XJ7	1	https://m.media-amazon.com/images/I/61Ie6MaefdL._AC_SX679_.jpg
esci-B07BS9JZ4R	1	https://m.media-amazon.com/images/I/61ETPSzoF-L._AC_SX385_.jpg
esci-B07BT44C1D	1	https://m.media-amazon.com/images/I/51WNZdk0l3L._AC_SX425_.jpg
esci-B07BTBZ69B	1	https://m.media-amazon.com/images/I/41Acjm55s8L._AC_SX425_.jpg
esci-B07BTKDTH2	1	https://m.media-amazon.com/images/I/8101Jgu0wkL._AC_SX679_.jpg
esci-B07BVPSFP5	1	https://m.media-amazon.com/images/I/71m-XGM1ZVS._AC_SX425_.jpg
esci-B07BVZKZZQ	1	https://m.media-amazon.com/images/I/81eYoXogWQL._AC_SX425_.jpg
esci-B07BW9SM2V	1	https://m.media-amazon.com/images/I/511CkY5GSJL._AC_SX679_.jpg
esci-B07BWBRDJ5	1	https://m.media-amazon.com/images/I/61Z-jL4Z-9L._AC_SX679_.jpg
esci-B07BXDNGT1	1	https://m.media-amazon.com/images/I/51uyGQf6gyL._AC_SX679_.jpg
esci-B07BXZ11DT	1	https://m.media-amazon.com/images/I/81XpDUaJR1L._AC_SX679_.jpg
esci-B07BZVKF8M	1	https://m.media-amazon.com/images/I/81VkzsMIJ5L._AC_SX425_.jpg
esci-B07C1X5HZJ	1	https://m.media-amazon.com/images/I/71qcguxzdFL._AC_SX425_PIbundle-10,TopRight,0,0_SH20_.jpg
esci-B07C1Y5WD7	1	https://m.media-amazon.com/images/I/71LvNVxeBJL._AC_SX425_.jpg
esci-B07C21VL9J	1	https://m.media-amazon.com/images/I/61MOyIPJPmS._AC_SX425_.jpg
esci-B07C2D145V	1	https://m.media-amazon.com/images/I/81fjVPQ3n1L._AC_SX679_.jpg
esci-B07C2J6H2B	1	https://m.media-amazon.com/images/I/717-rFJ-uGL._AC_SX679_.jpg
esci-B07C3JMZP4	1	https://m.media-amazon.com/images/I/718JEoAhmVL._AC_SX385_PIbundle-5,TopRight,0,0_SH20_.jpg
esci-B07C44HF7N	1	https://m.media-amazon.com/images/I/61e5MO3SaTL._AC_SX385_.jpg
esci-B07C6KGGW2	1	https://m.media-amazon.com/images/I/616Xm1kFLjL._AC_SX425_.jpg
esci-B07C7BZRVZ	1	https://m.media-amazon.com/images/I/71k5PGfBgoL._AC_SX679_PIbundle-6,TopRight,0,0_SH20_.jpg
esci-B07C7MF5SS	1	https://m.media-amazon.com/images/I/71bS59xgFML._SX466_.jpg
esci-B07C8L5RGZ	1	https://m.media-amazon.com/images/I/51cafH7bd7L._AC_SX679_.jpg
esci-B07C9RZ8Q9	1	https://m.media-amazon.com/images/I/81rzVL429VL._AC_SX679_.jpg
esci-B07CC44TR3	1	https://m.media-amazon.com/images/I/61uuTt4+ydL._AC_SX385_.jpg
esci-B07CCGBB7M	1	https://m.media-amazon.com/images/I/61RSZvtyMyL._AC_SX425_.jpg
esci-B07CJ9MRV4	1	https://m.media-amazon.com/images/I/81DZHmvRP3L._AC_SX679_.jpg
esci-B07CK21NXR	1	https://m.media-amazon.com/images/I/61iVBeHJ8JL._AC_SX679_.jpg
esci-B07CK4Q716	1	https://m.media-amazon.com/images/I/81JymNW9PAL._SX466_.jpg
esci-B07CKFJ8GY	1	https://m.media-amazon.com/images/I/81IOx55u+6L._SX385_.jpg
esci-B07CLM7HC6	1	https://m.media-amazon.com/images/I/611TRO9+gCL._AC_SX679_.jpg
esci-B07CMTMHHT	1	https://m.media-amazon.com/images/I/71+4PYeGg3L._SX522_.jpg
esci-B07CNCLL14	1	https://m.media-amazon.com/images/I/21P+J98R04L._AC_SY450_.jpg
esci-B07CNQH21G	1	https://m.media-amazon.com/images/I/51-PAWFGIiL._AC_SX679_.jpg
esci-B07CNT8B49	1	https://m.media-amazon.com/images/I/61fclNAptlL._SX522_.jpg
esci-B07CP1KSBN	1	https://m.media-amazon.com/images/I/61mhj+X-38L._AC_SX679_.jpg
esci-B07CQK8DMH	1	https://m.media-amazon.com/images/I/51oMb+DxYCL._AC_SX679_.jpg
esci-B07CR1GPBQ	1	https://m.media-amazon.com/images/I/71NQl2pHZPL._AC_SX425_.jpg
esci-B07CRCRRLG	1	https://m.media-amazon.com/images/I/61-uIygQxuL._AC_SX679_.jpg
esci-B07CRJV5RM	1	https://m.media-amazon.com/images/I/619Hbljr99L._AC_SX679_.jpg
esci-B07CRN1JDF	1	https://m.media-amazon.com/images/I/81Rgtu4TPuL._AC_SX679_.jpg
esci-B07CTGM2LD	1	https://m.media-amazon.com/images/I/71FQPqHSZVL._AC_SX425_.jpg
esci-B07CV2DBZT	1	https://m.media-amazon.com/images/I/81nJBQQA5OL._AC_SX425_.jpg
esci-B07CVF7KBD	1	https://m.media-amazon.com/images/I/71bWG9U8NDL._AC_SX679_.jpg
esci-B07CWX8W8G	1	https://m.media-amazon.com/images/I/61Z5C-WSHZL._AC_SX679_.jpg
esci-B07CYF8DGB	1	https://m.media-amazon.com/images/I/81ENhkLaMWL._AC_SX679_.jpg
esci-B07CYKNDC2	1	https://m.media-amazon.com/images/I/61W0v9ktD-L._SX385_.jpg
esci-B07CYRS8KF	1	https://m.media-amazon.com/images/I/61Gj2HIk8eL._AC_SY879_.jpg
esci-B07CZ111YV	1	https://m.media-amazon.com/images/I/71MNXGAQT9L._AC_SX679_.jpg
esci-B07CZRDCQN	1	https://m.media-amazon.com/images/I/61R4RuynceL._AC_SX522_.jpg
esci-B07CZRYLQS	1	https://m.media-amazon.com/images/I/81Kzf-tpWqL._AC_SY450_.jpg
esci-B07CZWBYBK	1	https://m.media-amazon.com/images/I/714yQvT3P6L._AC_SX679_.jpg
esci-B07D17GN17	1	https://m.media-amazon.com/images/I/61R76DwRRML._AC_SX679_PIbundle-5,TopRight,0,0_SH20_.jpg
esci-B07D4C1989	1	https://m.media-amazon.com/images/I/711KV7c6GZL._AC_SX425_.jpg
esci-B07D4DZB1T	1	https://m.media-amazon.com/images/I/712yePb2jAL._AC_SX425_PIbundle-20,TopRight,0,0_SH20_.jpg
esci-B07D6HTKCG	1	https://m.media-amazon.com/images/I/71qNx2UjV4L._AC_SX679_.jpg
esci-B07D6LP1XH	1	https://m.media-amazon.com/images/I/61IKvOuJbGL._AC_SX679_.jpg
esci-B07D6N6QHC	1	https://m.media-amazon.com/images/I/71EutBbauCS._AC_SX425_.jpg
esci-B07D745XHD	1	https://m.media-amazon.com/images/I/71HW9XFnNiL._AC_SX679_.jpg
esci-B07D8QMLPR	1	https://m.media-amazon.com/images/I/6148AsqjjVL._AC_SX425_.jpg
esci-B07D8WWYDV	1	https://m.media-amazon.com/images/I/71aRHeyVHLL._AC_SX425_.jpg
esci-B07D9J6JLD	1	https://m.media-amazon.com/images/I/71RlRyKtZLL._SX385_.jpg
esci-B07D9SPW6C	1	https://m.media-amazon.com/images/I/71Zft6-9g6L._AC_SX679_.jpg
esci-B07DB4CYQR	1	https://m.media-amazon.com/images/I/71wpwEgQT8L._SX385_.jpg
esci-B07DBC24D9	1	https://m.media-amazon.com/images/I/61RUdhO+8CL._AC_SX300_SY300_.jpg
esci-B07DBNYXNG	1	https://m.media-amazon.com/images/I/71i7u64s41L._AC_SX679_.jpg
esci-B07DC5VPRC	1	https://m.media-amazon.com/images/I/61lTzYkNrgL._SX466_.jpg
esci-B07DCRVBYX	1	https://m.media-amazon.com/images/I/61mDUJXuSrL._SX385_.jpg
esci-B07DD4NMXQ	1	https://m.media-amazon.com/images/I/71Jdo3XU1lL._SX522_.jpg
esci-B07DDCYTRB	1	https://m.media-amazon.com/images/I/71XfeNLJC+L._AC_SX575_.jpg
esci-B07DF7143T	1	https://m.media-amazon.com/images/I/61NyT8F8xnL._AC_SX425_.jpg
esci-B07DFFYCXS	1	https://m.media-amazon.com/images/I/61nh86klkfL._SX385_.jpg
esci-B07DGDFLTW	1	https://m.media-amazon.com/images/I/61HPLdSg7UL._AC_SX425_.jpg
esci-B07DGL2FMC	1	https://m.media-amazon.com/images/I/619TP+wPptL._AC_SX679_PIbundle-3,TopRight,0,0_SH20_.jpg
esci-B07DH4B8JV	1	https://m.media-amazon.com/images/I/71LBiETc0tL._AC_SX425_.jpg
esci-B07DHZRRW7	1	https://m.media-amazon.com/images/I/81lcf1cbrLL._AC_SY450_.jpg
esci-B07DJ2NCRL	1	https://m.media-amazon.com/images/I/61jSVTVPtEL._AC_SX425_.jpg
esci-B07DJ2QQ9L	1	https://m.media-amazon.com/images/I/61ryOPsAs0L._AC_SX425_.jpg
esci-B07DJ39FS9	1	https://m.media-amazon.com/images/I/61dvhW1kGbL._AC_SX425_.jpg
esci-B07DJ5MZSV	1	https://m.media-amazon.com/images/I/61klYjY2uhL._AC_SX679_.jpg
esci-B07DJVWVF8	1	https://m.media-amazon.com/images/I/71HzBxVKlVS._AC_SX679_.jpg
esci-B07DL7ZP2K	1	https://m.media-amazon.com/images/I/41yA6cvVoTL._AC_SX425_.jpg
esci-B07DLCGNR8	1	https://m.media-amazon.com/images/I/71+4XNYaEvL._AC_SX679_.jpg
esci-B07DLSNNDS	1	https://m.media-amazon.com/images/I/613oRgqZiFL._AC_SX385_PIbundle-2,TopRight,0,0_SH20_.jpg
esci-B07DMSPWGS	1	https://m.media-amazon.com/images/I/31WhWSRwxhL._AC_.jpg
esci-B07DN4T7T6	1	https://m.media-amazon.com/images/I/61S74Zqe-cL._AC_SY450_.jpg
esci-B07DN87BCZ	1	https://m.media-amazon.com/images/I/5105pSdzmJL._AC_SX679_.jpg
esci-B07DN8NKMV	1	https://m.media-amazon.com/images/I/51JJhjsbInL._AC_SY450_.jpg
esci-B07DNHR6NB	1	https://m.media-amazon.com/images/I/41xCYsTRN1L._AC_.jpg
esci-B07DNJM91X	1	https://m.media-amazon.com/images/I/51JEOgUdhoL._AC_SX679_.jpg
esci-B07DNPL2VC	1	https://m.media-amazon.com/images/I/51p1Rc2CUwL._AC_SX385_PIbundle-8,TopRight,0,0_SH20_.jpg
esci-B07DPLCLK1	1	https://m.media-amazon.com/images/I/61jtegLMyTL._AC_SX466_.jpg
esci-B07DPSDQMD	1	https://m.media-amazon.com/images/I/61dT7MI5dgL._AC_SX679_PIbundle-4,TopRight,0,0_SH20_.jpg
esci-B07DQ4PFK1	1	https://m.media-amazon.com/images/I/91WPh8CxjAL._AC_SX679_.jpg
esci-B07DQCKD4H	1	https://m.media-amazon.com/images/I/614F+80eUqL._AC_SX385_PIbundle-4,TopRight,0,0_SH20_.jpg
esci-B07DQL66VF	1	https://m.media-amazon.com/images/I/61ePySTDP+L._SX385_.jpg
esci-B07DRCFF9P	1	https://m.media-amazon.com/images/I/71X62Fu5fFL._AC_SX425_.jpg
esci-B07DT7J28X	1	https://m.media-amazon.com/images/I/71CEeEOuwVL._AC_SX425_.jpg
esci-B07DT7J8LC	1	https://m.media-amazon.com/images/I/71d9uxayxJL._AC_SX425_.jpg
esci-B07DWSYYZR	1	https://m.media-amazon.com/images/I/61vI6mq76uL._AC_SX679_.jpg
esci-B07DXMF23S	1	https://m.media-amazon.com/images/I/61vXNo8n3mL._AC_SX425_PIbundle-2,TopRight,0,0_SH20_.jpg
esci-B07DXTP9M9	1	https://m.media-amazon.com/images/I/81d4CdLTfSL._AC_SX679_.jpg
esci-B07DY4J11S	1	https://m.media-amazon.com/images/I/91apviOAELL._AC_SX425_.jpg
esci-B07DYWL4KP	1	https://m.media-amazon.com/images/I/71PfPGbmPSL._AC_SX425_.jpg
esci-B07DZWBL7Q	1	https://m.media-amazon.com/images/I/61DHmBYtCfL._AC_SX679_.jpg
esci-B07F1258FR	1	https://m.media-amazon.com/images/I/51n7DAkArNL._AC_SX425_.jpg
esci-B07F13Y42Z	1	https://m.media-amazon.com/images/I/61DOeGGrfiL._AC_SY450_.jpg
esci-B07F14JR34	1	https://m.media-amazon.com/images/I/71k0FZjtD0L._AC_SX679_.jpg
esci-B07F15LYWJ	1	https://m.media-amazon.com/images/I/61RVitHZLqL._AC_SY450_.jpg
esci-B07F172257	1	https://m.media-amazon.com/images/I/61FRn1wfjlL._AC_SY450_.jpg
esci-B07F174F3Z	1	https://m.media-amazon.com/images/I/61TDxKP6-IL._AC_SY450_.jpg
esci-B07F18TQKC	1	https://m.media-amazon.com/images/I/61NYzJvM9kL._AC_SY450_.jpg
esci-B07F1G9FHL	1	https://m.media-amazon.com/images/I/61a89zYn5QL._AC_SY450_.jpg
esci-B07F1GD51P	1	https://m.media-amazon.com/images/I/91A44Sl1DgL._SX522_.jpg
esci-B07F2175BQ	1	https://m.media-amazon.com/images/I/912kFeq0p2L._AC_SX342_.jpg
esci-B07F232C3X	1	https://m.media-amazon.com/images/I/914nw52tflL._AC_SX425_.jpg
esci-B07F3BWKSH	1	https://m.media-amazon.com/images/I/81D1qyG2-2L._AC_SX425_PIbundle-2,TopRight,0,0_SH20_.jpg
esci-B07F3QD1GD	1	https://m.media-amazon.com/images/I/81xlJq+2WwL._AC_SX679_.jpg
esci-B07F3RBFXC	1	https://m.media-amazon.com/images/I/61-kxsS2UcL._AC_SX425_.jpg
esci-B07F3X9Y98	1	https://m.media-amazon.com/images/I/615Uy-NsK2L._AC_SX385_PIbundle-4,TopRight,0,0_SH20_.jpg
esci-B07F5HSP4M	1	https://m.media-amazon.com/images/I/61vB5B-2izL._AC_SX679_PIbundle-3,TopRight,0,0_SH20_.jpg
esci-B07F5SL6L5	1	https://m.media-amazon.com/images/I/51XIjsSbeiL._AC_SX679_.jpg
esci-B07F6C38QG	1	https://m.media-amazon.com/images/I/6156XbiTQcL._AC_SX679_.jpg
esci-B07F6RZM43	1	https://m.media-amazon.com/images/I/71m95Wdf7uL._AC_SY450_.jpg
esci-B07F8JY1P5	1	https://m.media-amazon.com/images/I/61sfKK9J43L._AC_SX679_.jpg
esci-B07F8RF1NV	1	https://m.media-amazon.com/images/I/712DsUXfk-L._AC_SX425_.jpg
esci-B07FB3NJRP	1	https://m.media-amazon.com/images/I/81687D1g7NL._AC_SX425_.jpg
esci-B07FD6LSDH	1	https://m.media-amazon.com/images/I/51THeLZkOtL._AC_SX425_.jpg
esci-B07FDHGM6D	1	https://m.media-amazon.com/images/I/715ByH72InL._AC_SX679_.jpg
esci-B07FDW42GQ	1	https://m.media-amazon.com/images/I/51utSgvtmGL._AC_SX425_.jpg
esci-B07FFKJVT1	1	https://m.media-amazon.com/images/I/71J6ql0XPML._AC_SX522_.jpg
esci-B07FFNTGZ6	1	https://m.media-amazon.com/images/I/611Nt04a1aL._AC_SX679_.jpg
esci-B07FFPYWHJ	1	https://m.media-amazon.com/images/I/71S4jpZLQOL._AC_SX385_PIbundle-12,TopRight,0,0_SH20_.jpg
esci-B07FFZRRB2	1	https://m.media-amazon.com/images/I/715Wg9TgtWL._AC_SX425_.jpg
esci-B07FJPGYNQ	1	https://m.media-amazon.com/images/I/91V+iW40CvL._AC_SX425_.jpg
esci-B07FK5SP9H	1	https://m.media-amazon.com/images/I/41mGa+-JDgL._SX385_.jpg
esci-B07FKFCMDN	1	https://m.media-amazon.com/images/I/61xxOBLZ19L._AC_SX425_.jpg
esci-B07FKGJC3G	1	https://m.media-amazon.com/images/I/61P+XE0Ie7L._AC_SX679_.jpg
esci-B07FKN9P34	1	https://m.media-amazon.com/images/I/71XhK2rFqRL._AC_SX679_.jpg
esci-B07FKQBXF2	1	https://m.media-amazon.com/images/I/61evsuG9zNL._AC_SX679_.jpg
esci-B07FKYHTWP	1	https://m.media-amazon.com/images/I/71lprXHznaL._AC_SY450_.jpg
esci-B07FL88SJ8	1	https://m.media-amazon.com/images/I/811f-W78X6L._AC_SX679_.jpg
esci-B07FMRLSWC	1	https://m.media-amazon.com/images/I/61HAN8NKXBL._SX522_.jpg
esci-B07FNRNC2B	1	https://m.media-amazon.com/images/I/71NJ-Xwbl4L._AC_SX385_.jpg
esci-B07FPFVD7K	1	https://m.media-amazon.com/images/I/71v14UuvUbL._AC_SX425_.jpg
esci-B07FPFZV28	1	https://m.media-amazon.com/images/I/810mimC7mLL._AC_SX679_.jpg
esci-B07FSBY9GV	1	https://m.media-amazon.com/images/I/710zbpnGpnL._AC_SX425_.jpg
esci-B07FTRGCXV	1	https://m.media-amazon.com/images/I/51NMloD3DdL._AC_.jpg
esci-B07FVH1BFX	1	https://m.media-amazon.com/images/I/712OkI7PBQL._AC_SX425_.jpg
esci-B07FVN82B2	1	https://m.media-amazon.com/images/I/71e+yR8sNAL._SX385_.jpg
esci-B07FVR5VY5	1	https://m.media-amazon.com/images/I/51NMloD3DdL._AC_SX355_.jpg
esci-B07FVYD9BG	1	https://m.media-amazon.com/images/I/615po8n5+7L._AC_SX425_.jpg
esci-B07FW83JCJ	1	https://m.media-amazon.com/images/I/810uMnPxSWL._AC_SX425_.jpg
esci-B07FXZB5PN	1	https://m.media-amazon.com/images/I/81zQvJBCMDL._AC_SX425_.jpg
esci-B07FY9391M	1	https://m.media-amazon.com/images/I/61HaS7ju2-L._AC_SX679_.jpg
esci-B07FY95YPS	1	https://m.media-amazon.com/images/I/71CqJBMjqNL._AC_SX425_.jpg
esci-B07FZC4YGJ	1	https://m.media-amazon.com/images/I/91ehqhwhTTL._AC_SX679_.jpg
esci-B07FZJVNH3	1	https://m.media-amazon.com/images/I/71MpF7rEUCL._AC_SX425_PIbundle-4,TopRight,0,0_SH20_.jpg
esci-B07G129BH2	1	https://m.media-amazon.com/images/I/811E4KQpo2S._SX385_.jpg
esci-B07G1T6VBZ	1	https://m.media-amazon.com/images/I/611u2adDvIL._AC_SX425_.jpg
esci-B07G27KSZ9	1	https://m.media-amazon.com/images/I/316dB1WL92L._AC_SX355_.jpg
esci-B07G2P2VDQ	1	https://m.media-amazon.com/images/I/71DV-mJq5-L.__AC_SX300_SY300_QL70_FMwebp_.jpg
esci-B07G2WX68Q	1	https://m.media-amazon.com/images/I/61S8y+JxNCL._AC_SX466_.jpg
esci-B07G346CM7	1	https://m.media-amazon.com/images/I/81pmpTqemwL._AC_SX679_.jpg
esci-B07G39FWKT	1	https://m.media-amazon.com/images/I/51dTIVT3g5L._AC_SX679_.jpg
esci-B07G453HF4	1	https://m.media-amazon.com/images/I/51f8uV3i+VL._AC_SY450_.jpg
esci-B07G5SRN1H	1	https://m.media-amazon.com/images/I/61SoVVz0sdL._AC_SX425_.jpg
esci-B07G729R8X	1	https://m.media-amazon.com/images/I/718eiE1dFWL._AC_SX679_.jpg
esci-B07G8XS1VV	1	https://m.media-amazon.com/images/I/81bTGa8264L._AC_SX425_.jpg
esci-B07G9X19G1	1	https://m.media-amazon.com/images/I/71UWebDFtJL._AC_SX425_.jpg
esci-B07GB4TWHW	1	https://m.media-amazon.com/images/I/71SMevQ4KbL._SX522_.jpg
esci-B07GB7K1BX	1	https://m.media-amazon.com/images/I/41wa9rLStoL._AC_SX425_.jpg
esci-B07GBN86VR	1	https://m.media-amazon.com/images/I/71wo3mBUrUL._AC_SX425_.jpg
esci-B07GBN9LXB	1	https://m.media-amazon.com/images/I/61MikQa1rwL._AC_SX425_.jpg
esci-B07GBQZ2FL	1	https://m.media-amazon.com/images/I/51dQSkRShtL._SX385_.jpg
esci-B07GBW6ZLB	1	https://m.media-amazon.com/images/I/51Q41oZTYIL.jpg
esci-B07GDM5FZJ	1	https://m.media-amazon.com/images/I/411Liuj2sJL._AC_SX679_.jpg
esci-B07GDQ5DQQ	1	https://m.media-amazon.com/images/I/513q4glz3aL._AC_SX450_.jpg
esci-B07GDXF2WS	1	https://m.media-amazon.com/images/I/8148FU1YnNL._AC_SX679_.jpg
esci-B07GGKM6BG	1	https://m.media-amazon.com/images/I/615a2xz9OJL._AC_SX679_.jpg
esci-B07GH6H95Z	1	https://m.media-amazon.com/images/I/61ebjNfboBL._AC_SX569_.jpg
esci-B07GKXXRLC	1	https://m.media-amazon.com/images/I/71vR0vII9wL._AC_SX425_PIbundle-10,TopRight,0,0_SH20_.jpg
esci-B07GLC3FDC	1	https://m.media-amazon.com/images/I/61uo-LP5+rL._SX342_.jpg
esci-B07GNC4T4R	1	https://m.media-amazon.com/images/I/51evNVUEs4L._AC_SX679_.jpg
esci-B07GNDRNKZ	1	https://m.media-amazon.com/images/I/612s4fNPDQL._AC_SX425_.jpg
esci-B07GP1MSLW	1	https://m.media-amazon.com/images/I/7113J2NnKNL._AC_SX679_.jpg
esci-B07GPTQNXV	1	https://m.media-amazon.com/images/I/51BOhrpZ5xL._AC_SX679_.jpg
esci-B07GQ3457N	1	https://m.media-amazon.com/images/I/81BOP2ylvIL._AC_SX679_PIbundle-4,TopRight,0,0_SH20_.jpg
esci-B07GRNGH5Y	1	https://m.media-amazon.com/images/I/71uAAvSpAiL._AC_SX425_.jpg
esci-B07GSJXQ8Y	1	https://m.media-amazon.com/images/I/81XdVtAsNIL._AC_SX355_.jpg
esci-B07GSKLNGZ	1	https://m.media-amazon.com/images/I/81IHKNGXyTL._AC_SX679_.jpg
esci-B07GSRV9NN	1	https://m.media-amazon.com/images/I/71OPiuYQnGL._AC_SX425_.jpg
esci-B07GSXH97K	1	https://m.media-amazon.com/images/I/51CS0V7RxmL._AC_SX679_.jpg
esci-B07GTGGLXN	1	https://m.media-amazon.com/images/I/91R5n9LpTpL._SX385_.jpg
esci-B07GVCP3QX	1	https://m.media-amazon.com/images/I/41rKEnLei3L._AC_PIbundle-4,TopRight,0,0_SH20_.jpg
esci-B07GVD4YSY	1	https://m.media-amazon.com/images/I/81NSjP43j5L._AC_SX679_PIbundle-4,TopRight,0,0_SH20_.jpg
esci-B07GW7LP2C	1	https://m.media-amazon.com/images/I/61uUO+cLbnL._AC_SX679_.jpg
esci-B07GWFPJ8G	1	https://m.media-amazon.com/images/I/71Zq7tNKeBL._AC_SX425_.jpg
esci-B07GWLWYBH	1	https://m.media-amazon.com/images/I/81J0Qa5VSEL._AC_SX679_.jpg
esci-B07GXCYWRQ	1	https://m.media-amazon.com/images/I/71h4YZKgS4L._SX425_.jpg
esci-B07GY2C5PB	1	https://m.media-amazon.com/images/I/71ELzCquztL._AC_SX679_.jpg
esci-B07GY462JK	1	https://m.media-amazon.com/images/I/71HZuIMtHDS._SX522_.jpg
esci-B07GYZ97PN	1	https://m.media-amazon.com/images/I/51Qh7Anb4-L._SX385_.jpg
esci-B07GZQ881J	1	https://m.media-amazon.com/images/I/71GTHooP8mL._AC_SX425_.jpg
esci-B07H26LKK2	1	https://m.media-amazon.com/images/I/71Adph6RQHL._AC_SX679_.jpg
esci-B07H2YHHCC	1	https://m.media-amazon.com/images/I/41JbNWuPViL._AC_SY450_.jpg
esci-B07H34M6XX	1	https://m.media-amazon.com/images/I/61EkbQ+nV-L._SX385_.jpg
esci-B07H3MZ41N	1	https://m.media-amazon.com/images/I/817D70uE0OL._AC_SX425_.jpg
esci-B07H4CMXFH	1	https://m.media-amazon.com/images/I/51J9qo7PXWL._AC_SX679_.jpg
esci-B07H4CPZM2	1	https://m.media-amazon.com/images/I/61rd5YA28DL._AC_SX466_.jpg
esci-B07H4NKQTD	1	https://m.media-amazon.com/images/I/51WNwMq3LzL._AC_SX679_.jpg
esci-B07H4SJD6S	1	https://m.media-amazon.com/images/I/71C6ABV+ELL._SX522_.jpg
esci-B07H6BCFPR	1	https://m.media-amazon.com/images/I/71IVi-LgNnL._AC_SX425_PIbundle-2,TopRight,0,0_SH20_.jpg
esci-B07H6X6PM2	1	https://m.media-amazon.com/images/I/71ZqA6hkMdL._AC_SX425_PIbundle-2,TopRight,0,0_SH20_.jpg
esci-B07H7CZHYB	1	https://m.media-amazon.com/images/I/616LNS4qlUL._AC_SX679_.jpg
esci-B07H8L5L1W	1	https://m.media-amazon.com/images/I/81ftYEeYWAS._AC_SX679_.jpg
esci-B07H8VGNSH	1	https://m.media-amazon.com/images/I/61dx20qHoaL._SX385_.jpg
esci-B07H8YLV4Z	1	https://m.media-amazon.com/images/I/61iHm8NpebL._AC_UY445_.jpg
esci-B07H95PDXN	1	https://images-cn.ssl-images-amazon.cn/images/I/615HSeDj8rL._AC_SX385_.jpg
esci-B07H97RRHZ	1	https://m.media-amazon.com/images/I/61xxOBLZ19L._AC_SX679_.jpg
esci-B07H9FQ49Y	1	https://m.media-amazon.com/images/I/6198M4Am3gS._AC_SY450_.jpg
esci-B07H9G1QN7	1	https://m.media-amazon.com/images/I/61QboVSsF+S._AC_SY879_.jpg
esci-B07H9LSHPP	1	https://m.media-amazon.com/images/I/61rnOZomNUL._AC_SX679_.jpg
esci-B07H9MCTGL	1	https://m.media-amazon.com/images/I/61bH4dGoRVL._AC_SX425_PIbundle-10,TopRight,0,0_SH20_.jpg
esci-B07H9Z1H4M	1	https://m.media-amazon.com/images/I/61IugIOq1FL._AC_SX569_.jpg
esci-B07HB5R614	1	https://m.media-amazon.com/images/I/71DMZnAbK8L._AC_SX679_.jpg
esci-B07HBSYXRJ	1	https://m.media-amazon.com/images/I/71rAybzH7rL._AC_SX679_.jpg
esci-B07HC898GM	1	https://m.media-amazon.com/images/I/81EYYAjslcL._AC_SX425_.jpg
esci-B07HCXTG95	1	https://m.media-amazon.com/images/I/71Dfjsr+NKL._AC_SX425_PIbundle-3,TopRight,0,0_SH20_.jpg
esci-B07HDVN3G7	1	https://m.media-amazon.com/images/I/91RSVpMbRRL._AC_SX425_.jpg
esci-B07HG5LYT3	1	https://m.media-amazon.com/images/I/61WC60iqHXL._AC_SX679_.jpg
esci-B07HGJ5ZGQ	1	https://m.media-amazon.com/images/I/41rsz8qlbIL._AC_.jpg
esci-B07HGQBYXV	1	https://m.media-amazon.com/images/I/61nTEmBp5bL._AC_SX425_.jpg
esci-B07HGW44RK	1	https://m.media-amazon.com/images/I/71lQq2KOZ7L._SX522_.jpg
esci-B07HGX479H	1	https://m.media-amazon.com/images/I/71lQq2KOZ7L._SX522_.jpg
esci-B07HGXSK4F	1	https://m.media-amazon.com/images/I/51zdodxlM9L._AC_SX679_.jpg
esci-B07HH18KQ3	1	https://m.media-amazon.com/images/I/71p5sPGdf+L._SX385_.jpg
esci-B07HKJ3PXW	1	https://m.media-amazon.com/images/I/61o-n292BfL._AC_SX679_.jpg
esci-B07HKM8KKL	1	https://m.media-amazon.com/images/I/71k0N-6hftL._AC_SX679_.jpg
esci-B07HLPGWL7	1	https://m.media-amazon.com/images/I/61Aeq6Ul3eL._AC_SX425_.jpg
esci-B07HLPNR9Z	1	https://m.media-amazon.com/images/I/61ryOPsAs0L._AC_SX425_.jpg
esci-B07HM8XCWD	1	https://m.media-amazon.com/images/I/41cAm1STvgL._SY445_SX342_QL70_FMwebp_.jpg
esci-B07HNWKS3S	1	https://m.media-amazon.com/images/I/61eoETlFgCL._AC_SX425_.jpg
esci-B07HNWRGLG	1	https://m.media-amazon.com/images/I/713k8TKNm5L._AC_SX425_.jpg
esci-B07HP8TZ6P	1	https://m.media-amazon.com/images/I/31Yok+jkeOL._AC_.jpg
esci-B07HQB1FSD	1	https://m.media-amazon.com/images/I/518AVkPX8PS._AC_SY879_.jpg
esci-B07HQKVDBZ	1	https://m.media-amazon.com/images/I/61RmSzVTR2L._AC_SY450_.jpg
esci-B07HQML4H9	1	https://m.media-amazon.com/images/I/61ChafhElrL._AC_SY450_.jpg
esci-B07HR8GT12	1	https://m.media-amazon.com/images/I/51-HOi5h+AL._AC_SX385_PIbundle-4,TopRight,0,0_SH20_.jpg
esci-B07HRD1GXP	1	https://m.media-amazon.com/images/I/51amFJQTD7L._SX342_.jpg
esci-B07HRG9WRC	1	https://m.media-amazon.com/images/I/61sodQNOc6L._SX342_.jpg
esci-B07HRSDVSD	1	https://m.media-amazon.com/images/I/713PbdtiULL._SX522_.jpg
esci-B07HSVHFX7	1	https://m.media-amazon.com/images/I/6198-aCaB6S._AC_SX679_.jpg
esci-B07HV6QTXC	1	https://m.media-amazon.com/images/I/612NKAcOuXL._AC_SY879_.jpg
esci-B07J1L6HP7	1	https://m.media-amazon.com/images/I/71A8B-lyP+L._AC_SX679_.jpg
esci-B07J1PQCLF	1	https://m.media-amazon.com/images/I/51CFG-F5uzL._AC_SX679_.jpg
esci-B07J4CGGL5	1	https://m.media-amazon.com/images/I/71Rc1NOWmoL._AC_SX385_.jpg
esci-B07J4RCBC1	1	https://m.media-amazon.com/images/I/71yd4Z1MUML._AC_SX679_.jpg
esci-B07J4RP31Z	1	https://m.media-amazon.com/images/I/61+23gm4YOL._AC_SX522_.jpg
esci-B07J9NCRC4	1	https://m.media-amazon.com/images/I/615snRiYW5L._AC_SX425_.jpg
esci-B07J9QRVDM	1	https://m.media-amazon.com/images/I/61XmVdyI+KL._SX385_.jpg
esci-B07JB48B6K	1	https://m.media-amazon.com/images/I/71-RGGb8MBL._AC_SX425_.jpg
esci-B07JCGR69N	1	https://m.media-amazon.com/images/I/51dKvJfwhpL._SX385_.jpg
esci-B07JFJD53J	1	https://m.media-amazon.com/images/I/61cNygEaerL._AC_SX679_.jpg
esci-B07JGCZ12G	1	https://m.media-amazon.com/images/I/81kpykO9UsL._AC_SX569_.jpg
esci-B07JGH7TVX	1	https://m.media-amazon.com/images/I/715w6S8cYhL._AC_SX425_.jpg
esci-B07JGPCZKG	1	https://m.media-amazon.com/images/I/613WfclG-XL._AC_SX679_.jpg
esci-B07JHJTMX1	1	https://m.media-amazon.com/images/I/51YozSpcuuL._AC_.jpg
esci-B07JHQ4L4F	1	https://m.media-amazon.com/images/I/61mTGSx804S._AC_SX425_.jpg
esci-B07JHY1PYF	1	https://m.media-amazon.com/images/I/61ALBpZaPZL._AC_SX679_.jpg
esci-B07JHZNJSB	1	https://m.media-amazon.com/images/I/51FszLd7XlS._AC_SX425_.jpg
esci-B07JK7W4GF	1	https://m.media-amazon.com/images/I/617IGufXLjL._AC_SX425_.jpg
esci-B07JKGGXNM	1	https://m.media-amazon.com/images/I/713zN34GDYL._AC_SX425_.jpg
esci-B07JKT5BZQ	1	https://m.media-amazon.com/images/I/61x2k6e3QZL._AC_SX679_.jpg
esci-B07JKTGJYT	1	https://m.media-amazon.com/images/I/810njE5O0BL._AC_SX425_.jpg
esci-B07JLMJ18T	1	https://m.media-amazon.com/images/I/71GkSYB7PDL._AC_SX679_.jpg
esci-B07JNBTS8V	1	https://m.media-amazon.com/images/I/81wFIaSX2wL._AC_SX679_.jpg
esci-B07JP3N612	1	https://m.media-amazon.com/images/I/51RkNcnAqlL._AC_SX679_.jpg
esci-B07JPFHQKG	1	https://m.media-amazon.com/images/I/61gnFEOfXrL._AC_SX425_.jpg
esci-B07JQB3BFZ	1	https://images-cn.ssl-images-amazon.cn/images/I/61LJ1Ng1pwL._AC_SX425_.jpg
esci-B07JQM7C28	1	https://m.media-amazon.com/images/I/71DVn9i8LDL._AC_SX425_.jpg
esci-B07JR8TFNB	1	https://m.media-amazon.com/images/I/61otln2kuXL._AC_SX466_.jpg
esci-B07JVK8M22	1	https://m.media-amazon.com/images/I/81vfrlQQbFL._AC_SX450_.jpg
esci-B07JYDHLDX	1	https://m.media-amazon.com/images/I/61pZ18gkTkL._AC_SX679_.jpg
esci-B07JYTXGLM	1	https://m.media-amazon.com/images/I/41zCFIndu3L._AC_SX679_.jpg
esci-B07JZ985LB	1	https://m.media-amazon.com/images/I/61Y1Yrg8CzL._AC_SX679_.jpg
esci-B07JZCHFN9	1	https://m.media-amazon.com/images/I/91DkzIwgbkL._AC_SX425_.jpg
esci-B07JZLM3BG	1	https://m.media-amazon.com/images/I/41acRxIaNSL._AC_SX679_.jpg
esci-B07K1HGJKD	1	https://m.media-amazon.com/images/I/61XAWEHCsDL._AC_SX679_.jpg
esci-B07K2VD63J	1	https://m.media-amazon.com/images/I/71ihYhg6G0L._AC_SX425_.jpg
esci-B07K3X2CW5	1	https://m.media-amazon.com/images/I/71dFNivkEUL._AC_SX425_.jpg
esci-B07K51C5SV	1	https://m.media-amazon.com/images/I/71SkjP0Vj0L._AC_SX425_.jpg
esci-B07K581RLL	1	https://m.media-amazon.com/images/I/71qJOkkL9hL._SX522_.jpg
esci-B07K5DHMWX	1	https://m.media-amazon.com/images/I/71pv2wFr3jL._AC_SX466_.jpg
esci-B07K8DPRH1	1	https://m.media-amazon.com/images/I/71-V9go1ToL._AC_SX679_.jpg
esci-B07K9H3Y4D	1	https://m.media-amazon.com/images/I/61XCBUdmfPL._AC_SX679_.jpg
esci-B07K9YHMCD	1	https://m.media-amazon.com/images/I/71y+U6ZT68L._AC_SX679_.jpg
esci-B07K9ZZ7KQ	1	https://m.media-amazon.com/images/I/811JTBiIGYL._AC_SX679_.jpg
esci-B07KC3M8P6	1	https://m.media-amazon.com/images/I/411lSsf-HDL._AC_.jpg
esci-B07KD1J4VY	1	https://m.media-amazon.com/images/I/71hH0QYgE9S._AC_SX679_.jpg
esci-B07KGBHPHY	1	https://m.media-amazon.com/images/I/81jmSEWQDtS._AC_SX679_.jpg
esci-B07KGL28PW	1	https://m.media-amazon.com/images/I/61lCTm+O-rS._AC_SX679_.jpg
esci-B07KHHDJGD	1	https://m.media-amazon.com/images/I/71uahf6BJcL._AC_SX425_.jpg
esci-B07KJZD3PC	1	https://m.media-amazon.com/images/I/51YkbAAiLyL._AC_SX466_.jpg
esci-B07KJZPYV3	1	https://m.media-amazon.com/images/I/51KnZSJOoWL._AC_SX679_PIbundle-2,TopRight,0,0_SH20_.jpg
esci-B07KK7DZ64	1	https://m.media-amazon.com/images/I/51IaG+MZ9pL._AC_SX425_.jpg
esci-B07KKB4RRX	1	https://m.media-amazon.com/images/I/71cffrHp7AS._AC_SX425_.jpg
esci-B07KKPQ6MC	1	https://m.media-amazon.com/images/I/51IKdxJ7xHL._AC_SX679_.jpg
esci-B07KLM7L9Q	1	https://m.media-amazon.com/images/I/81L8Lz377eL._AC_SX679_.jpg
esci-B07KNLBM7B	1	https://m.media-amazon.com/images/I/81IggFQe83L._SX425_.jpg
esci-B07KQB7GRH	1	https://m.media-amazon.com/images/I/6180wzSYQEL._AC_SX679_.jpg
esci-B07KRYNB4V	1	https://m.media-amazon.com/images/I/612RtvuJhuL._AC_SX679_.jpg
esci-B07KS245H6	1	https://m.media-amazon.com/images/I/61qt7fczSrL._AC_SX425_PIbundle-4,TopRight,0,0_SH20_.jpg
esci-B07KSKJVD5	1	https://m.media-amazon.com/images/I/41drJBhqaqL._AC_.jpg
esci-B07KSS2BGF	1	https://m.media-amazon.com/images/I/51Z7dzxF1VL._AC_SX425_.jpg
esci-B07KSVZQ2L	1	https://m.media-amazon.com/images/I/51mtFeUT3uL._AC_SX425_.jpg
esci-B07KWNY2CW	1	https://m.media-amazon.com/images/I/61L6gfGiAIL._AC_SX425_.jpg
esci-B07KWRJWRT	1	https://m.media-amazon.com/images/I/61NRvXJPGPL._AC_SX679_.jpg
esci-B07KX3TRYL	1	https://m.media-amazon.com/images/I/61+kP7T1opL._AC_SX425_.jpg
esci-B07KXCP2Y1	1	https://m.media-amazon.com/images/I/7181OZYzPeL._SX522_.jpg
esci-B07KYQZLSJ	1	https://m.media-amazon.com/images/I/51o15xHppGL._AC_SX466_.jpg
esci-B07KYW8NR3	1	https://m.media-amazon.com/images/I/71IyKpHuIDL._AC_SX425_.jpg
esci-B07KZVKTDG	1	https://m.media-amazon.com/images/I/915bxkA2j4L._AC_SY450_.jpg
esci-B07L1T8LVH	1	https://m.media-amazon.com/images/I/71h5MJp6dTL._AC_SX466_.jpg
esci-B07L2J1P7Y	1	https://m.media-amazon.com/images/I/31sJLMdpweL._AC_.jpg
esci-B07L2VFXD9	1	https://m.media-amazon.com/images/I/31mNEuAEZyS._AC_SX425_.jpg
esci-B07L2Y62G2	1	https://m.media-amazon.com/images/I/610TVg0PliL._AC_SX425_.jpg
esci-B07L3FLCB3	1	https://m.media-amazon.com/images/I/71htoF2rTKL._AC_SX425_.jpg
esci-B07L3LMJCM	1	https://m.media-amazon.com/images/I/71KUKZmpFpL._AC_SX679_.jpg
esci-B07L3NTVXR	1	https://m.media-amazon.com/images/I/61VMyG9MXuL._AC_SX679_.jpg
esci-B07L3RYJMT	1	https://m.media-amazon.com/images/I/71HwTBUYjJL._AC_SX425_.jpg
esci-B07L46TT39	1	https://m.media-amazon.com/images/I/61UPDUjeRXL._AC_SX425_.jpg
esci-B07L4CFXZ3	1	https://m.media-amazon.com/images/I/41qPwEN6JOL._AC_SX466_.jpg
esci-B07L4DN5R2	1	https://m.media-amazon.com/images/I/61BeXNBioTL._AC_SX425_.jpg
esci-B07L52MDDN	1	https://m.media-amazon.com/images/I/71JEzoTmuOS._AC_SX425_.jpg
esci-B07L5DMTK3	1	https://m.media-amazon.com/images/I/51n0T23ftQL._SX522_.jpg
esci-B07L679GVN	1	https://m.media-amazon.com/images/I/715vNQzxy5L._AC_SX425_.jpg
esci-B07LB6ZFY8	1	https://m.media-amazon.com/images/I/61vF1Ke4QnL._AC_SX679_.jpg
esci-B07LB9GR42	1	https://m.media-amazon.com/images/I/61I-4vk2XUL._AC_SX425_.jpg
esci-B07LBTKKQH	1	https://m.media-amazon.com/images/I/61Us5F1N8qL._SX522_.jpg
esci-B07LCM6Q4K	1	https://m.media-amazon.com/images/I/71Qey1iZVDL._AC_SX679_.jpg
esci-B07LDYMZZV	1	https://m.media-amazon.com/images/I/51ehRhYopwL._AC_SX679_.jpg
esci-B07LFB6X5D	1	https://m.media-amazon.com/images/I/61DTa-NS4lL._AC_SX679_.jpg
esci-B07LFTC5HV	1	https://m.media-amazon.com/images/I/51c8nUIqX0L._AC_SX425_PIbundle-5,TopRight,0,0_SH20_.jpg
esci-B07LFXHBKV	1	https://m.media-amazon.com/images/I/71BrZThKKKL._AC_SX679_.jpg
esci-B07LGPF1GB	1	https://m.media-amazon.com/images/I/51hKT0hadkL._AC_SX679_.jpg
esci-B07LHDC74K	1	https://m.media-amazon.com/images/I/51PZN185tNL._AC_SX450_.jpg
esci-B07M5NVJZ1	1	https://m.media-amazon.com/images/I/71-PvKBnfGS._AC_SX425_.jpg
esci-B07M5WKCYX	1	https://m.media-amazon.com/images/I/61WdxQTiw0L._AC_SX425_.jpg
esci-B07M62Z82T	1	https://m.media-amazon.com/images/I/51wD31wqYXL._AC_SX425_.jpg
esci-B07M6W554Y	1	https://m.media-amazon.com/images/I/61AtCFEvyuL._AC_SX425_.jpg
esci-B07M737XZQ	1	https://m.media-amazon.com/images/I/51sIVokFdPL._AC_SX679_.jpg
esci-B07M7CLTLT	1	https://m.media-amazon.com/images/I/81iKZlKSHUL._SX522_.jpg
esci-B07M8JG3YX	1	https://m.media-amazon.com/images/I/71iFOI8oReL._AC_SX450_.jpg
esci-B07M9CF6XD	1	https://m.media-amazon.com/images/I/61b9sfIwwRL._AC_SX679_PIbundle-6,TopRight,0,0_SH20_.jpg
esci-B07M9SWHY4	1	https://m.media-amazon.com/images/I/51OHxXWoGbL._AC_SX679_.jpg
esci-B07M9VCN22	1	https://m.media-amazon.com/images/I/7117RaydmpL._AC_SX679_.jpg
esci-B07MB2J487	1	https://m.media-amazon.com/images/I/712966KSiVL._AC_SX679_.jpg
esci-B07MB99RF8	1	https://m.media-amazon.com/images/I/61MjcK+QU6L._AC_SX425_.jpg
esci-B07MBYRX83	1	https://m.media-amazon.com/images/I/71B6EkwC4YL._AC_SX425_PIbundle-4,TopRight,0,0_SH20_.jpg
esci-B07MC3RD2R	1	https://m.media-amazon.com/images/I/71jRIJBVuUL._AC_SX679_.jpg
esci-B07MC621HB	1	https://m.media-amazon.com/images/I/71MdiTRT8fL._AC_SX679_.jpg
esci-B07MC9JG42	1	https://m.media-amazon.com/images/I/71oVrDolTgL._AC_SX425_.jpg
esci-B07MCGS3DV	1	https://m.media-amazon.com/images/I/715jCw+HARL._SX522_.jpg
esci-B07MCL5HB1	1	https://m.media-amazon.com/images/I/71cZtupDtYL._SX522_.jpg
esci-B07MCR7L6V	1	https://m.media-amazon.com/images/I/8140Pr4HEVL._AC_SY450_.jpg
esci-B07MDG7R2J	1	https://m.media-amazon.com/images/I/71tad-CwwmS._AC_SX425_.jpg
esci-B07MDLCLML	1	https://m.media-amazon.com/images/I/81bonuuZWaL._AC_SX425_PIbundle-32,TopRight,0,0_SH20_.jpg
esci-B07MDVBK3K	1	https://m.media-amazon.com/images/I/61akTu6JxZL._AC_SX679_.jpg
esci-B07MFK7181	1	https://m.media-amazon.com/images/I/51TMCwjr64L._AC_.jpg
esci-B07MFXCZVD	1	https://m.media-amazon.com/images/I/81XuVkgHVlL._AC_SX425_.jpg
esci-B07MFYNW4K	1	https://m.media-amazon.com/images/I/51hWptzXRJL._AC_SX425_.jpg
esci-B07MG83Z1B	1	https://m.media-amazon.com/images/I/61N97YiMIBL._AC_SX385_.jpg
esci-B07MH3MGGF	1	https://m.media-amazon.com/images/I/61Ss8ZVH3uL._AC_SX425_PIbundle-3,TopRight,0,0_SH20_.jpg
esci-B07MHGS1Q7	1	https://m.media-amazon.com/images/I/51E8rMRQhOL._AC_SX679_.jpg
esci-B07MHH9Q7B	1	https://m.media-amazon.com/images/I/415cU7T9vfL._AC_SX679_.jpg
esci-B07MJ4D8KV	1	https://m.media-amazon.com/images/I/6190ZWjiOiL._AC_SX679_.jpg
esci-B07MKVDYRX	1	https://m.media-amazon.com/images/I/71c1I1UIlZL._AC_SY445_PIbundle-2,TopRight,0,0_SH20_.jpg
esci-B07MLLNL2K	1	https://m.media-amazon.com/images/I/51wObkwOLrL._AC_SX679_.jpg
esci-B07MMJW9B6	1	https://m.media-amazon.com/images/I/610MaYzHJ5L._AC_SX679_.jpg
esci-B07MP5BS9X	1	https://m.media-amazon.com/images/I/81QOWH5EMCL._AC_SX425_.jpg
esci-B07MPN1K13	1	https://m.media-amazon.com/images/I/61j5hjxh7+L._AC_SX466_.jpg
esci-B07MR17LJQ	1	https://m.media-amazon.com/images/I/81-qZzfABCL._AC_SX425_.jpg
esci-B07MR7YWKS	1	https://m.media-amazon.com/images/I/71R8-4bDsGL._AC_SX679_.jpg
esci-B07MRJ12HX	1	https://m.media-amazon.com/images/I/61Xq4ecvPcL._AC_SX425_.jpg
esci-B07MS7G7RZ	1	https://m.media-amazon.com/images/I/61b3hqtk8AL._AC_SX425_.jpg
esci-B07MSGFCWN	1	https://m.media-amazon.com/images/I/61kGm4FyvCL._AC_SX679_.jpg
esci-B07MSHR6JJ	1	https://m.media-amazon.com/images/I/81jGssjViYL._AC_SX425_.jpg
esci-B07MT5VWQN	1	https://m.media-amazon.com/images/I/71TqSrxWyuL._AC_SX425_.jpg
esci-B07MT89MCW	1	https://m.media-amazon.com/images/I/61vysAVtFBL._SX342_.jpg
esci-B07MT8PY2F	1	https://m.media-amazon.com/images/I/71StXQMe2kL._AC_SY879_.jpg
esci-B07MTRF2PF	1	https://m.media-amazon.com/images/I/41jKxmSbQSL._AC_SX679_.jpg
esci-B07MVD2K2Z	1	https://m.media-amazon.com/images/I/61Lz9QmnM2L._AC_SX679_.jpg
esci-B07MVK22VT	1	https://m.media-amazon.com/images/I/51pyLnXvBGL._SX385_.jpg
esci-B07MVWY6XR	1	https://m.media-amazon.com/images/I/51tSAoLLVOL._AC_SX569_.jpg
esci-B07MW2JG61	1	https://m.media-amazon.com/images/I/61WrdVuhOwL._AC_SX522_.jpg
esci-B07MXH15ZN	1	https://m.media-amazon.com/images/I/71YtZn83U4L._AC_SX425_.jpg
esci-B07MXN639J	1	https://m.media-amazon.com/images/I/71pA54d6ACL._AC_SX679_.jpg
esci-B07MYQ7DKT	1	https://m.media-amazon.com/images/I/71vPNzePJLL._AC_SX425_.jpg
esci-B07MYSMQJL	1	https://m.media-amazon.com/images/I/71e+4FE9raL._AC_SX679_.jpg
esci-B07MZFD26C	1	https://m.media-amazon.com/images/I/61ng93x+ZtL._SX466_.jpg
esci-B07MZLLVXC	1	https://m.media-amazon.com/images/I/61vvXD1AeoS._AC_SX425_.jpg
esci-B07MZQMPMC	1	https://m.media-amazon.com/images/I/71YyLQiGN8L._SY500_.jpg
esci-B07MZRH1H4	1	https://m.media-amazon.com/images/I/71sny03ZtcS._AC_SX425_PIbundle-6,TopRight,0,0_SH20_.jpg
esci-B07N19QTVC	1	https://m.media-amazon.com/images/I/61NarXD2fAL._AC_SX425_.jpg
esci-B07N1KJBSW	1	https://m.media-amazon.com/images/I/712ePhkfRJL._AC_SX425_.jpg
esci-B07N2NHJWB	1	https://m.media-amazon.com/images/I/71m7RwecGVL._AC_SX385_PIbundle-6,TopRight,0,0_SH20_.jpg
esci-B07N5CYWS3	1	https://m.media-amazon.com/images/I/51a7A-gKfXL._AC_SX569_.jpg
esci-B07N691QNG	1	https://m.media-amazon.com/images/I/71wyyDrdG1L._AC_SX466_PIbundle-4,TopRight,0,0_SH20_.jpg
esci-B07N8JBNMQ	1	https://m.media-amazon.com/images/I/71GiaCxXIVL._AC_SX425_.jpg
esci-B07NBZGYSN	1	https://m.media-amazon.com/images/I/71RABfjdpRL._AC_SX569_.jpg
esci-B07ND42TDR	1	https://m.media-amazon.com/images/I/41OZrEhLD5L._AC_SX425_.jpg
esci-B07NJ4P99G	1	https://m.media-amazon.com/images/I/41N10+1hcuL.jpg
esci-B07NKPWNCH	1	https://m.media-amazon.com/images/I/71CbCICSl5L._AC_SX425_.jpg
esci-B07NKWLMN8	1	https://m.media-amazon.com/images/I/41aPCFCsCdL._AC_SX679_.jpg
esci-B07NM73V17	1	https://m.media-amazon.com/images/I/81suoA2kpBL._AC_SX385_.jpg
esci-B07NN5YH3D	1	https://m.media-amazon.com/images/I/81Z32VQ93RL._SX522_.jpg
esci-B07NNS1G8N	1	https://m.media-amazon.com/images/I/81F84AJQG2L._AC_SX679_.jpg
esci-B07NPRMSPJ	1	https://m.media-amazon.com/images/I/81bAVlUrVvL._SX522_.jpg
esci-B07NQDCDFV	1	https://m.media-amazon.com/images/I/71RNj-5-meL._AC_SX679_.jpg
esci-B07NRB5G3Q	1	https://m.media-amazon.com/images/I/51fv5dqSLoL._AC_SX425_.jpg
esci-B07NRJBVHT	1	https://m.media-amazon.com/images/I/61l-nHNMLWL._AC_SX679_.jpg
esci-B07NRPZ3Q2	1	https://m.media-amazon.com/images/I/510BK2hbN9L._AC_SX679_.jpg
esci-B07NV7DNQ1	1	https://m.media-amazon.com/images/I/41Pjjqx1XfL._AC_SX425_.jpg
esci-B07NVCDPBR	1	https://m.media-amazon.com/images/I/713Px81hDeL._AC_SX679_PIbundle-2,TopRight,0,0_SH20_.jpg
esci-B07NVD2G51	1	https://m.media-amazon.com/images/I/71M8-5rs-FL._AC_SX679_.jpg
esci-B07NVM4L1C	1	https://m.media-amazon.com/images/I/71JS5ASiPFL._AC_SX385_.jpg
esci-B07NVT36P9	1	https://m.media-amazon.com/images/I/61ejiEAsoWL._AC_SY450_.jpg
esci-B07NVWY95Y	1	https://m.media-amazon.com/images/I/91FfLr9If5L._AC_SX425_.jpg
esci-B07NWC52PP	1	https://m.media-amazon.com/images/I/71Zdg-doWtL._AC_SX425_.jpg
esci-B07NWFVMC7	1	https://m.media-amazon.com/images/I/61pGqFsiSWL._AC_SX425_.jpg
esci-B07NYGTNN3	1	https://m.media-amazon.com/images/I/51v9h4XHbnL._AC_SX679_.jpg
esci-B07NZ7DM1G	1	https://m.media-amazon.com/images/I/51QPV6hSjaL._AC_.jpg
esci-B07NZMKSRW	1	https://m.media-amazon.com/images/I/715FhYF5okL._AC_SX425_PIbundle-12,TopRight,0,0_SH20_.jpg
esci-B07P1R36HH	1	https://m.media-amazon.com/images/I/71qZcDLwwGL._AC_SX679_PIbundle-12,TopRight,0,0_SH20_.jpg
esci-B07P35P21Z	1	https://m.media-amazon.com/images/I/61VGC8lSxvL._AC_SX679_.jpg
esci-B07P3H3XR7	1	https://m.media-amazon.com/images/I/71TxSIdiR+L._AC_SX425_.jpg
esci-B07P4MY68W	1	https://m.media-amazon.com/images/I/51sE4EjpzSL._AC_SX679_.jpg
esci-B07P5M8DRJ	1	https://m.media-amazon.com/images/I/510Du10cVIL._AC_SX425_.jpg
esci-B07P6KPQHW	1	https://m.media-amazon.com/images/I/71eLpzVlvPL._AC_SX679_.jpg
esci-B07P7KLK5K	1	https://m.media-amazon.com/images/I/61PIjUeGsTL._AC_SX679_.jpg
esci-B07P7L7P87	1	https://m.media-amazon.com/images/I/71Ql5bD5ThL._AC_SX679_.jpg
esci-B07P7NFV1F	1	https://m.media-amazon.com/images/I/81nqX7jIPpL._AC_SX425_.jpg
esci-B07P8JZDXC	1	https://m.media-amazon.com/images/I/71wvnrO4LXL._AC_SX425_.jpg
esci-B07P8QTFRC	1	https://m.media-amazon.com/images/I/61tf8vTWdyL._AC_SX425_.jpg
esci-B07P9C1S98	1	https://m.media-amazon.com/images/I/51Kx0STSuxL._SX522_.jpg
esci-B07P9LVHTY	1	https://m.media-amazon.com/images/I/71w3sRBE4nL._AC_SX425_PIbundle-10,TopRight,0,0_SH20_.jpg
esci-B07PB9XFPW	1	https://m.media-amazon.com/images/I/71AF7GA4xYL._AC_SX425_.jpg
esci-B07PBN6MX2	1	https://m.media-amazon.com/images/I/71PfzjwJoPL._AC_SX425_.jpg
esci-B07PBV6SSJ	1	https://m.media-amazon.com/images/I/61cF5DbCNVS._AC_SX522_.jpg
esci-B07PF6XVXZ	1	https://m.media-amazon.com/images/I/71eZlcgpXrL._AC_SX679_.jpg
esci-B07PF7Q5GX	1	https://m.media-amazon.com/images/I/51K30u9+b9L._AC_SX425_.jpg
esci-B07PFNTJPV	1	https://m.media-amazon.com/images/I/71FiFiLLeCL._AC_SX425_.jpg
esci-B07PG84QXR	1	https://m.media-amazon.com/images/I/51x4Xvr69UL._AC_SX679_.jpg
esci-B07PGBS5PV	1	https://m.media-amazon.com/images/I/516vbpzJKhL._AC_SX679_.jpg
esci-B07PGGWQR3	1	https://m.media-amazon.com/images/I/61Y2hL5YggL._AC_SX679_.jpg
esci-B07PGJKCFC	1	https://m.media-amazon.com/images/I/61EYreM48vL._AC_SX679_.jpg
esci-B07PGJYDWS	1	https://m.media-amazon.com/images/I/51AalPnKKYS._SX342_.jpg
esci-B07PGNJ61P	1	https://m.media-amazon.com/images/I/71LboPVHk2L._AC_SX425_.jpg
esci-B07PJ11GG5	1	https://m.media-amazon.com/images/I/81VpmfhBEbL._AC_SX679_.jpg
esci-B07PKMRBCV	1	https://m.media-amazon.com/images/I/71L7KwtprTL._AC_SX679_PIbundle-4,TopRight,0,0_SH20_.jpg
esci-B07PLHXJZ2	1	https://m.media-amazon.com/images/I/61WslIkEVjL._AC_SX522_.jpg
esci-B07PLK5JQQ	1	https://m.media-amazon.com/images/I/61wcffYW5BL._AC_SX679_.jpg
esci-B07PLVVXDJ	1	https://m.media-amazon.com/images/I/71OJJ6NppuL._AC_SX679_.jpg
esci-B07PLX6WR3	1	https://m.media-amazon.com/images/I/81jFYII3s3L._AC_SX679_PIbundle-500,TopRight,0,0_SH20_.jpg
esci-B07PLYDVSM	1	https://m.media-amazon.com/images/I/71v0bbxIkwL._AC_SX425_.jpg
esci-B07PM96JQ7	1	https://m.media-amazon.com/images/I/61CkC2QDpRL._AC_SX679_.jpg
esci-B07PMSRBJX	1	https://m.media-amazon.com/images/I/81wWvaCYQrS._AC_SX425_.jpg
esci-B07PNPXWCR	1	https://m.media-amazon.com/images/I/61rju4Y+w4L._AC_SX679_.jpg
esci-B07PP1Y6KH	1	https://m.media-amazon.com/images/I/51YpviMELXL._AC_SX425_.jpg
esci-B07PQ7MXND	1	https://m.media-amazon.com/images/I/51dC8kP2grL._AC_SX425_.jpg
esci-B07PQGCB6J	1	https://m.media-amazon.com/images/I/71DVJYkEcHL._AC_SX425_.jpg
esci-B07PQSBVT7	1	https://m.media-amazon.com/images/I/71h4xeVZrqL._AC_SX679_.jpg
esci-B07PS6HYH2	1	https://m.media-amazon.com/images/I/71-nxtoCbbL._AC_SX679_.jpg
esci-B07PSLTRLC	1	https://m.media-amazon.com/images/I/61Pnoj4d+BL._AC_SX679_.jpg
esci-B07PT3M78R	1	https://m.media-amazon.com/images/I/71y94okM9BL._AC_SX425_.jpg
esci-B07PVFZC67	1	https://m.media-amazon.com/images/I/512RSBRMf+L._AC_SX679_.jpg
esci-B07PVKXBRW	1	https://m.media-amazon.com/images/I/81yApJK-Q2L._AC_SX679_.jpg
esci-B07PVMMFW1	1	https://m.media-amazon.com/images/I/71JNXLPZODL._AC_SX679_.jpg
esci-B07PW6T1PL	1	https://m.media-amazon.com/images/I/61SsYCQA9xL._AC_SX385_.jpg
esci-B07PWBQHCH	1	https://m.media-amazon.com/images/I/81SreCX5hvL._AC_SX425_PIbundle-108,TopRight,0,0_SH20_.jpg
esci-B07PWQ719N	1	https://m.media-amazon.com/images/I/51fACwAl8+S._AC_SX679_.jpg
esci-B07PX44JQM	1	https://m.media-amazon.com/images/I/718jaceugyL._AC_SY450_.jpg
esci-B07PXPX8XL	1	https://m.media-amazon.com/images/I/61lq2P1xx+L._AC_SX679_.jpg
esci-B07PY239X9	1	https://m.media-amazon.com/images/I/518ijSQuPnL._AC_SX679_.jpg
esci-B07PY75P5Z	1	https://m.media-amazon.com/images/I/61eidbX+IOL._AC_SX425_.jpg
esci-B07PY7B4Q8	1	https://m.media-amazon.com/images/I/91VQhvlkCEL._AC_SX679_.jpg
esci-B07PY7TMFZ	1	https://m.media-amazon.com/images/I/614p+ASBnZL._AC_SX679_.jpg
esci-B07PYSMMHT	1	https://m.media-amazon.com/images/I/51OaATJdZkL.jpg
esci-B07PZS448J	1	https://m.media-amazon.com/images/I/51N7trPEqrL._AC_SX679_.jpg
esci-B07PZSZG6W	1	https://m.media-amazon.com/images/I/81vcQL4PWEL._SX522_.jpg
esci-B07Q16M2ZM	1	https://m.media-amazon.com/images/I/81DivV8xs8L._AC_SX679_.jpg
esci-B07Q1BX38L	1	https://m.media-amazon.com/images/I/81-hDPxfaAL._AC_SX679_.jpg
esci-B07Q1C745Z	1	https://m.media-amazon.com/images/I/61eMWM1TBZL._AC_SX679_.jpg
esci-B07Q1CLM7P	1	https://m.media-amazon.com/images/I/61wr3qiY9hL._AC_SX679_.jpg
esci-B07Q1KNYTJ	1	https://m.media-amazon.com/images/I/81dTPlINQeL._SX522_.jpg
esci-B07Q21RPS2	1	https://m.media-amazon.com/images/I/61qfWCE3n1L._AC_SX679_.jpg
esci-B07Q25PQQ2	1	https://m.media-amazon.com/images/I/71NJXfvm46L._AC_SX679_PIbundle-8,TopRight,0,0_SH20_.jpg
esci-B07Q2B4ZY9	1	https://m.media-amazon.com/images/I/919d267uwWL._AC_SX425_PIbundle-26,TopRight,0,0_SH20_.jpg
esci-B07Q3LYTP3	1	https://m.media-amazon.com/images/I/81uq3ehOVJL._AC_SX679_PIbundle-2,TopRight,0,0_SH20_.jpg
esci-B07Q3W8N3F	1	https://m.media-amazon.com/images/I/717aEm2PXzL._AC_SX679_.jpg
esci-B07Q3WNNQT	1	https://m.media-amazon.com/images/I/71vcVuaG-6L._AC_SX425_.jpg
esci-B07Q42W5FB	1	https://m.media-amazon.com/images/I/81A+cnuT6vL._AC_SX569_.jpg
esci-B07Q453NF2	1	https://m.media-amazon.com/images/I/71RtXTKET3L._AC_SX425_.jpg
esci-B07Q4GNX7J	1	https://m.media-amazon.com/images/I/71VN9+hZjUL._AC_SX425_.jpg
esci-B07Q4T3V93	1	https://m.media-amazon.com/images/I/717aEm2PXzL._AC_SX679_.jpg
esci-B07Q5TFB74	1	https://m.media-amazon.com/images/I/611GWTQDRrL._SX522_.jpg
esci-B07Q61NR6D	1	https://m.media-amazon.com/images/I/61Zyvd3VQLL._AC_SX679_.jpg
esci-B07Q6NJT8N	1	https://m.media-amazon.com/images/I/71ejwhr5Q4L._SX385_.jpg
esci-B07Q6QQ583	1	https://m.media-amazon.com/images/I/619Mslm8BIL._AC_SX679_PIbundle-4,TopRight,0,0_SH20_.jpg
esci-B07Q6V1DFR	1	https://m.media-amazon.com/images/I/61KBTW7lbFL._AC_SY450_.jpg
esci-B07Q71L71J	1	https://m.media-amazon.com/images/I/61imxN-BYAL._AC_SX425_.jpg
esci-B07Q7GVZV6	1	https://m.media-amazon.com/images/I/61YSgwBO5ML._AC_SX425_.jpg
esci-B07Q7V81L4	1	https://m.media-amazon.com/images/I/61eiAeYQo0L._AC_SY450_.jpg
esci-B07Q862MX4	1	https://m.media-amazon.com/images/I/61zPdu3NEmL._AC_SY450_.jpg
esci-B07Q867MRP	1	https://m.media-amazon.com/images/I/71bL6fdrgxL._AC_SX425_.jpg
esci-B07Q8DZ3CM	1	https://m.media-amazon.com/images/I/61Y7KeQxWUL._AC_SX679_.jpg
esci-B07Q9LVNRV	1	https://m.media-amazon.com/images/I/61Y0yWbQpUL._AC_SX679_.jpg
esci-B07Q9ZCKBM	1	https://m.media-amazon.com/images/I/81hKzXZ2i4L._AC_SX425_.jpg
esci-B07QD5F3TV	1	https://m.media-amazon.com/images/I/61vPYcn6yjL._AC_SX679_.jpg
esci-B07QDTDHGS	1	https://m.media-amazon.com/images/I/61O6lmzAgHL._AC_SX569_.jpg
esci-B07QG19QMQ	1	https://m.media-amazon.com/images/I/61IF0--tYtL._AC_SX679_.jpg
esci-B07QG5P2MG	1	https://m.media-amazon.com/images/I/71WEEaZj6ZL._AC_SX425_.jpg
esci-B07QGDFMVY	1	https://m.media-amazon.com/images/I/51yIyWnO-yL._AC_SX425_.jpg
esci-B07QGQ42VN	1	https://m.media-amazon.com/images/I/61Gw9CB+4ML._AC_SX679_.jpg
esci-B07QGRWZNB	1	https://m.media-amazon.com/images/I/81lFLOANwYL._AC_SX425_.jpg
esci-B07QHSKGMH	1	https://m.media-amazon.com/images/I/51xl5Zut9SL._AC_SX425_.jpg
esci-B07QJ1621D	1	https://m.media-amazon.com/images/I/71ZnaOp7U7L._AC_SX679_.jpg
esci-B07QJ3XC7J	1	https://m.media-amazon.com/images/I/61tvoPrCjrL._AC_SX385_PIbundle-2,TopRight,0,0_SH20_.jpg
esci-B07QJ97BHQ	1	https://m.media-amazon.com/images/I/81mTU7LwomL._AC_SX679_.jpg
esci-B07QK7XXLV	1	https://m.media-amazon.com/images/I/813puWkbEvL._AC_SX679_.jpg
esci-B07QKGW18K	1	https://m.media-amazon.com/images/I/51zN6FWT18L._AC_SX385_PIbundle-4,TopRight,0,0_SH20_.jpg
esci-B07QKN3SFN	1	https://m.media-amazon.com/images/I/51zN6FWT18L._AC_SX385_PIbundle-4,TopRight,0,0_SH20_.jpg
esci-B07QKPJR9W	1	https://m.media-amazon.com/images/I/61IuJt70ulL._AC_SX679_.jpg
esci-B07QKVD3HL	1	https://m.media-amazon.com/images/I/71JR8nXwEZL._AC_SX679_PIbundle-25,TopRight,0,0_SH20_.jpg
esci-B07QL833HL	1	https://m.media-amazon.com/images/I/51cfPtTCCkL._AC_SX679_.jpg
esci-B07QM3T3LF	1	https://m.media-amazon.com/images/I/81AAN+UkfWL._AC_SX425_.jpg
esci-B07QMRJS5C	1	https://m.media-amazon.com/images/I/710sehXJ8nL._AC_SX679_PIbundle-3,TopRight,0,0_SH20_.jpg
esci-B07QNQ5TXZ	1	https://m.media-amazon.com/images/I/71Rvg+o1SNL._AC_SX679_.jpg
esci-B07QNWHRXZ	1	https://m.media-amazon.com/images/I/51xkm-mVEaL._AC_SX679_.jpg
esci-B07QPPYBWY	1	https://m.media-amazon.com/images/I/51jnN1RXr2L._SX522_.jpg
esci-B07QQ46VP3	1	https://m.media-amazon.com/images/I/71ftxcBI2IL._AC_SX385_PIbundle-12,TopRight,0,0_SH20_.jpg
esci-B07QQRB9YD	1	https://m.media-amazon.com/images/I/61YI6uXsgHS._AC_SX679_.jpg
esci-B07QR4KTYY	1	https://m.media-amazon.com/images/I/81luGsLAItL._AC_SX679_.jpg
esci-B07QRH8VS2	1	https://m.media-amazon.com/images/I/71P9qtTbE7L._SX385_.jpg
esci-B07QV87BJK	1	https://m.media-amazon.com/images/I/51T6tPRKrLL._AC_SX569_.jpg
esci-B07QV9PDJQ	1	https://m.media-amazon.com/images/I/31YQyHgjFHL.jpg
esci-B07QVKTG9P	1	https://m.media-amazon.com/images/I/816gtx2z6jL._AC_SX679_.jpg
esci-B07QVMMWYH	1	https://m.media-amazon.com/images/I/71AHTevlP8L._AC_SX679_.jpg
esci-B07QX4Z59G	1	https://m.media-amazon.com/images/I/51V3aQ4ZIUL._AC_SX425_.jpg
esci-B07QXQG73M	1	https://m.media-amazon.com/images/I/51JoBXv7+5L._AC_SX425_.jpg
esci-B07QXX5V5J	1	https://m.media-amazon.com/images/I/61Q4rwbSt+L._AC_SX425_PIbundle-12,TopRight,0,0_SH20_.jpg
esci-B07QZBS57B	1	https://m.media-amazon.com/images/I/714zRsJ4M6L._SX522_.jpg
esci-B07R28HSZK	1	https://m.media-amazon.com/images/I/51dbxC41DxL._AC_SX425_.jpg
esci-B07R3H6KQL	1	https://m.media-amazon.com/images/I/71a97g3NykL._AC_SX679_.jpg
esci-B07R4B58M6	1	https://m.media-amazon.com/images/I/41-+2UjL30L._AC_SX679_.jpg
esci-B07R5556MW	1	https://m.media-amazon.com/images/I/01RmK+J4pJL._AC_.gif
esci-B07R5NZG6D	1	https://m.media-amazon.com/images/I/61rqJ6t8eoL._AC_SY450_.jpg
esci-B07R5T3X2G	1	https://m.media-amazon.com/images/I/613k4kK7n2L._AC_SX679_.jpg
esci-B07R64B6ZF	1	https://m.media-amazon.com/images/I/31cLlFXrHmL.__AC_SY445_SX342_QL70_FMwebp_.jpg
esci-B07R6KH2NG	1	https://m.media-amazon.com/images/I/71gCafiVXXL._AC_SX679_.jpg
esci-B07R6Y1CS1	1	https://m.media-amazon.com/images/I/6188QjVvU8L._AC_SX679_.jpg
esci-B07R76THZ7	1	https://m.media-amazon.com/images/I/61D3540MCwL._SX522_.jpg
esci-B07R77WZ2R	1	https://m.media-amazon.com/images/I/71uXNNN2k2S._AC_SX425_.jpg
esci-B07R8BQ2G9	1	https://m.media-amazon.com/images/I/61Hsavq5hUL._AC_SX522_.jpg
esci-B07R95DQ39	1	https://m.media-amazon.com/images/I/8124x2ojhlL._AC_SY450_.jpg
esci-B07R96M9VW	1	https://m.media-amazon.com/images/I/515LTuFVY0L._AC_SX679_.jpg
esci-B07RBC86ZD	1	https://m.media-amazon.com/images/I/611SjnRpX9S._AC_SX425_.jpg
esci-B07RBN66ZG	1	https://m.media-amazon.com/images/I/71Bx5uNJWJL._AC_SX425_.jpg
esci-B07RC6KP19	1	https://m.media-amazon.com/images/I/61XM7Ye9a4L._AC_SX425_PIbundle-2,TopRight,0,0_SH20_.jpg
esci-B07RD9VKC7	1	https://m.media-amazon.com/images/I/61Cf2IxrSnL._SX385_.jpg
esci-B07RDGN4HD	1	https://m.media-amazon.com/images/I/61DxwyklbuL._AC_SX425_.jpg
esci-B07RDHNDY1	1	https://m.media-amazon.com/images/I/61nX0aJL2xL._AC_SX425_.jpg
esci-B07RDPMZ4Y	1	https://m.media-amazon.com/images/I/81wT9yVRKPL._SX425_.jpg
esci-B07RFJXFVL	1	https://m.media-amazon.com/images/I/51byFk5TzpL._AC_SX425_.jpg
esci-B07RFTCCJ8	1	https://m.media-amazon.com/images/I/81Qh0ZB3VUL._AC_SX425_.jpg
esci-B07RGHGLD5	1	https://m.media-amazon.com/images/I/51Kj6t-onGL._AC_SX425_.jpg
esci-B07RGHHBJR	1	https://m.media-amazon.com/images/I/61ZMLfOZOiL._AC_SX425_.jpg
esci-B07RGN9DY9	1	https://m.media-amazon.com/images/I/51CnqNQS5cL._SX342_.jpg
esci-B07RHMRVW3	1	https://m.media-amazon.com/images/I/71IhBYye8JL._AC_SX679_.jpg
esci-B07RJX41K6	1	https://m.media-amazon.com/images/I/71B1Nb9pWWL._SX385_.jpg
esci-B07RKT28ND	1	https://m.media-amazon.com/images/I/61tBGbQbUlL._AC_SX425_.jpg
esci-B07RKTYXZV	1	https://m.media-amazon.com/images/I/61nnC8P7ASL._AC_SX679_.jpg
esci-B07RLLCV3P	1	https://m.media-amazon.com/images/I/51GzOnHD3RL._AC_SX425_.jpg
esci-B07RLMNW19	1	https://m.media-amazon.com/images/I/61GzOQFKT6L._SX425_.jpg
esci-B07RM5D9C3	1	https://m.media-amazon.com/images/I/71rN9TYJK+L._AC_SX425_.jpg
esci-B07RNP6KYG	1	https://m.media-amazon.com/images/I/513zKzBV5nL._AC_SX425_PIbundle-2,TopRight,0,0_SH20_.jpg
esci-B07RP84PFP	1	https://m.media-amazon.com/images/I/31dkHgJc6ML._AC_.jpg
esci-B07RPCN84J	1	https://m.media-amazon.com/images/I/41C0axg+blL._AC_SX425_.jpg
esci-B07RPW69HF	1	https://m.media-amazon.com/images/I/610tp3hgDLL._AC_SX425_.jpg
esci-B07RQXXBFZ	1	https://m.media-amazon.com/images/I/81is9xjjx4L._AC_SX425_PIbundle-4,TopRight,0,0_SH20_.jpg
esci-B07RRNNCPH	1	https://m.media-amazon.com/images/I/6168+3QaLXL._AC_SX466_.jpg
esci-B07RSTWX85	1	https://m.media-amazon.com/images/I/61WbXQ1PPpL._AC_SX450_.jpg
esci-B07RSYXLZP	1	https://m.media-amazon.com/images/I/71-2ByE5gnL._AC_SX679_.jpg
esci-B07RT238HM	1	https://m.media-amazon.com/images/I/615TDWtV3hL._AC_SX425_.jpg
esci-B07RT8WG5B	1	https://m.media-amazon.com/images/I/71oreS46J7L._AC_SX385_.jpg
esci-B07RTMKQD7	1	https://m.media-amazon.com/images/I/81Ld1p8OmyL._AC_SX425_.jpg
esci-B07RV6RQQR	1	https://m.media-amazon.com/images/I/71HeHIybyrL._AC_SX450_.jpg
esci-B07RX6N12J	1	https://m.media-amazon.com/images/I/718u8M7ImjL._AC_SX679_.jpg
esci-B07RX711LF	1	https://m.media-amazon.com/images/I/41u7wSBh5gL._AC_.jpg
esci-B07RXP7FXN	1	https://m.media-amazon.com/images/I/61SEAhlYCAL._AC_SX425_.jpg
esci-B07RXR1Y6M	1	https://m.media-amazon.com/images/I/51+yEpC4xRL._AC_SX425_.jpg
esci-B07RXYPRR8	1	https://m.media-amazon.com/images/I/51tq4y7jBML._AC_SX425_.jpg
esci-B07RY5XWVG	1	https://m.media-amazon.com/images/I/71ixQ15PhxL._AC_SX425_.jpg
esci-B07RYCX1X6	1	https://m.media-amazon.com/images/I/71rO9o-iuPS._AC_SX679_.jpg
esci-B07RYVBFWJ	1	https://m.media-amazon.com/images/I/61miRehYocL._AC_SX425_.jpg
esci-B07RZQWTLG	1	https://m.media-amazon.com/images/I/71gPUH54ESL._AC_SX679_.jpg
esci-B07RZV2DW8	1	https://m.media-amazon.com/images/I/71gC5MhPWWL._AC_SX425_.jpg
esci-B07RZV64M8	1	https://m.media-amazon.com/images/I/71QOaFV5pDL._AC_SX679_.jpg
esci-B07S11DQG6	1	https://m.media-amazon.com/images/I/71J0uk0O6CL._AC_SX425_.jpg
esci-B07S19ZQG4	1	https://m.media-amazon.com/images/I/91Kzz6YyamL._AC_SX679_.jpg
esci-B07S1DYPT5	1	https://m.media-amazon.com/images/I/61tfzLnB+AL._SX425_.jpg
esci-B07S1MXRRK	1	https://m.media-amazon.com/images/I/715SBye+Y5L._AC_SX425_.jpg
esci-B07S1RGH78	1	https://m.media-amazon.com/images/I/81P0GSSQqZL._AC_SX679_.jpg
esci-B07S2R4BB5	1	https://m.media-amazon.com/images/I/41ktEwh0-1L.jpg
esci-B07S2RM95K	1	https://m.media-amazon.com/images/I/61eUusRDRAL._SX342_.jpg
esci-B07S31S21B	1	https://m.media-amazon.com/images/I/61DfV2zaT8L._AC_SX425_.jpg
esci-B07S3GYZRX	1	https://m.media-amazon.com/images/I/71F68rsO1eL._AC_SX679_.jpg
esci-B07S4GS3LC	1	https://m.media-amazon.com/images/I/6126g-qcFFL._AC_SX425_.jpg
esci-B07S599X4Z	1	https://m.media-amazon.com/images/I/71H1qCpofGL._AC_SX679_.jpg
esci-B07S5KQTRG	1	https://m.media-amazon.com/images/I/71IJkaTQ41L._AC_SX425_.jpg
esci-B07S5Y3HN9	1	https://m.media-amazon.com/images/I/71IJkaTQ41L._AC_SX425_.jpg
esci-B07S5Z8HZC	1	https://m.media-amazon.com/images/I/61gcEGvLPIL._AC_SX679_.jpg
esci-B07S5ZVKW5	1	https://m.media-amazon.com/images/I/71H0D3u3vPL._AC_SX425_.jpg
esci-B07S61WT16	1	https://m.media-amazon.com/images/I/91vxi5KRapL._AC_SX425_.jpg
esci-B07S7313BQ	1	https://m.media-amazon.com/images/I/51eKs+BIXqL._AC_SY879_.jpg
esci-B07S7T3DS6	1	https://m.media-amazon.com/images/I/61ot36LXqIL._SX522_.jpg
esci-B07S83QBK2	1	https://m.media-amazon.com/images/I/71T4xDVixmL._AC_SX679_.jpg
esci-B07SB1MS7W	1	https://m.media-amazon.com/images/I/71xPFWzqvKL._AC_SX679_.jpg
esci-B07SBRR1HD	1	https://m.media-amazon.com/images/I/51jycvspEiL._AC_SX466_.jpg
esci-B07SC1DWDT	1	https://m.media-amazon.com/images/I/71SlgS1U8-L._AC_SX679_.jpg
esci-B07SC6D3PZ	1	https://m.media-amazon.com/images/I/71cyj6VsaWL._AC_SX425_.jpg
esci-B07SCB188C	1	https://m.media-amazon.com/images/I/81BqQim453L._AC_SX425_.jpg
esci-B07SFD8L1S	1	https://m.media-amazon.com/images/I/615Abrb5D0L._AC_SX679_.jpg
esci-B07SG23DT1	1	https://m.media-amazon.com/images/I/61j44NzvmlL._SX522_.jpg
esci-B07SG55MGC	1	https://m.media-amazon.com/images/I/61jMh3Cdo5L._AC_SX425_.jpg
esci-B07SHB3MXB	1	https://m.media-amazon.com/images/I/71KZY2vHoOL._AC_SX679_.jpg
esci-B07SHJTPMY	1	https://m.media-amazon.com/images/I/618H5EYLsFL._AC_SY450_.jpg
esci-B07SHLS639	1	https://m.media-amazon.com/images/I/81THgD001tL._SX385_.jpg
esci-B07SJZ9X6J	1	https://m.media-amazon.com/images/I/61jccp1XM1L._AC_SX679_.jpg
esci-B07SKNN6VV	1	https://m.media-amazon.com/images/I/51InJ9roMFL._AC_SX425_.jpg
esci-B07SL98Q6B	1	https://m.media-amazon.com/images/I/61BpoTnkPbL._AC_SX679_PIbundle-2,TopRight,0,0_SH20_.jpg
esci-B07SPR2HPT	1	https://m.media-amazon.com/images/I/81S5euv7YmL._AC_SX425_.jpg
esci-B07SPSXBSC	1	https://m.media-amazon.com/images/I/51wzwX56zLL._AC_SX425_.jpg
esci-B07SQ4RVLZ	1	https://m.media-amazon.com/images/I/71PsWFGGvLL._AC_SX679_.jpg
esci-B07SQ6Y74W	1	https://m.media-amazon.com/images/I/51pSnEVljIL._AC_SX679_.jpg
esci-B07SQQ56TB	1	https://m.media-amazon.com/images/I/81a+ozE6QvL._AC_SX679_.jpg
esci-B07SQQHHSQ	1	https://m.media-amazon.com/images/I/71-KHcnlSpL._AC_SY450_.jpg
esci-B07SQYX2FH	1	https://m.media-amazon.com/images/I/71+-0YYInpL._AC_SX679_.jpg
esci-B07SR14M1N	1	https://m.media-amazon.com/images/I/61sBmUt4nwL._AC_SX425_.jpg
esci-B07SS58234	1	https://m.media-amazon.com/images/I/61PfxBnWGYL._SX522_.jpg
esci-B07SSFYLS6	1	https://m.media-amazon.com/images/I/61fiCl8quoL._AC_SX385_PIbundle-4,TopRight,0,0_SH20_.jpg
esci-B07SSN3X15	1	https://m.media-amazon.com/images/I/61Rk76zDCIL._SX522_.jpg
esci-B07SSYVWTJ	1	https://m.media-amazon.com/images/I/71VZAfA1UPL._AC_SX679_.jpg
esci-B07SSZHQ27	1	https://m.media-amazon.com/images/I/71--h7U0OVL._AC_SX679_.jpg
esci-B07STF3TJT	1	https://m.media-amazon.com/images/I/714vn0ElmbL._AC_SX679_.jpg
esci-B07STT35FF	1	https://m.media-amazon.com/images/I/71FdgGo+mnL._SX385_.jpg
esci-B07STVZFDT	1	https://m.media-amazon.com/images/I/71RlRyKtZLL._SX522_.jpg
esci-B07SW3GKJ1	1	https://m.media-amazon.com/images/I/51zf1F9f2-L._AC_SX425_.jpg
esci-B07SWBHPYL	1	https://m.media-amazon.com/images/I/81x1qjjtPiL._AC_SX425_.jpg
esci-B07SX27HWW	1	https://m.media-amazon.com/images/I/61PHCZTVxRL._AC_SX679_.jpg
esci-B07SZSR9SX	1	https://m.media-amazon.com/images/I/613JKR1U2TL._AC_SX679_.jpg
esci-B07SZTP2DS	1	https://m.media-amazon.com/images/I/81ZMXZT+keS._AC_SX679_.jpg
esci-B07T13NBG5	1	https://m.media-amazon.com/images/I/71OQBT0A94L._AC_SX425_.jpg
esci-B07T154792	1	https://m.media-amazon.com/images/I/51zDhI5F3kL.jpg
esci-B07T2CKSL8	1	https://m.media-amazon.com/images/I/71tMtpisAXL._AC_SX679_.jpg
esci-B07T3L1T8S	1	https://m.media-amazon.com/images/I/81YbqGKLoTL._AC_SX679_.jpg
esci-B07T3WHCRH	1	https://m.media-amazon.com/images/I/81XEbWHRLrL._AC_SX679_.jpg
esci-B07T3ZB1JX	1	https://m.media-amazon.com/images/I/71OoOV1p9IL._AC_SX425_.jpg
esci-B07T45WJ9T	1	https://m.media-amazon.com/images/I/51lY6p3MXuL._AC_SX679_.jpg
esci-B07T664HCT	1	https://m.media-amazon.com/images/I/71pD-6-vVWL._AC_SX569_.jpg
esci-B07T7KRWWH	1	https://m.media-amazon.com/images/I/61cAz+hn-kL._AC_SX425_.jpg
esci-B07T8DJD45	1	https://m.media-amazon.com/images/I/71vwkQe+1AL._AC_SX425_.jpg
esci-B07T8HSH25	1	https://m.media-amazon.com/images/I/51Dv7fTVtdL._AC_SX425_.jpg
esci-B07T9NGMZ4	1	https://m.media-amazon.com/images/I/818QZ3zkBAL._AC_SX679_.jpg
esci-B07TB1MGTQ	1	https://m.media-amazon.com/images/I/61-TB531kGL._AC_SX425_.jpg
esci-B07TCC444F	1	https://m.media-amazon.com/images/I/61A+MBVqggL._AC_SX425_.jpg
esci-B07TCDZG2R	1	https://m.media-amazon.com/images/I/61h2yHmlEdL._AC_SX679_.jpg
esci-B07TDCHR74	1	https://m.media-amazon.com/images/I/519R0-oQ2cL._AC_SX425_.jpg
esci-B07TFCCQ1C	1	https://m.media-amazon.com/images/I/6151sF6hUsL._AC_SX679_.jpg
esci-B07TFLN5WF	1	https://m.media-amazon.com/images/I/61+XFUnZglL._AC_SX679_.jpg
esci-B07TGBGKHX	1	https://m.media-amazon.com/images/I/71uePVfINPL._SX425_.jpg
esci-B07TGCGQNB	1	https://images-cn.ssl-images-amazon.cn/images/I/61ogtKLOrvL._AC_SX385_.jpg
esci-B07TGTDJL3	1	https://m.media-amazon.com/images/I/810fdQWA0PL._AC_SX679_.jpg
esci-B07THF8JQG	1	https://m.media-amazon.com/images/I/71fWz4AYegL._AC_SX425_.jpg
esci-B07THMY1F8	1	https://m.media-amazon.com/images/I/7150S67r1TL._AC_SX425_.jpg
esci-B07THXQGST	1	https://m.media-amazon.com/images/I/51h2YUo4E+L._AC_SX385_.jpg
esci-B07TJNN93B	1	https://m.media-amazon.com/images/I/61YQK3zQPhS._AC_SX425_.jpg
esci-B07TMCMKS8	1	https://m.media-amazon.com/images/I/61pftBBujkL._AC_SX679_.jpg
esci-B07TMLR4M2	1	https://m.media-amazon.com/images/I/71dNtmqQUIL._AC_SX679_.jpg
esci-B07TMYM7V6	1	https://m.media-amazon.com/images/I/51o5S-F+RjL._AC_SX466_.jpg
esci-B07TN4NF7V	1	https://m.media-amazon.com/images/I/51RPqEdAxWL._AC_SX679_.jpg
esci-B07TNJ2KH2	1	https://m.media-amazon.com/images/I/515G-Q-NKmL._AC_SX425_.jpg
esci-B07TNQB9W9	1	https://m.media-amazon.com/images/I/51z6I0MeuHL._AC_SX679_.jpg
esci-B07TP72HWW	1	https://m.media-amazon.com/images/I/717L1Ib9wcL._SX522_.jpg
esci-B07TP9FB7W	1	https://m.media-amazon.com/images/I/61UbOjhVGdL._AC_SX425_.jpg
esci-B07TPSKZX4	1	https://m.media-amazon.com/images/I/71yV7IozuDL._AC_SX425_.jpg
esci-B07TRM9F43	1	https://m.media-amazon.com/images/I/81gUV3DRDeL._SX385_.jpg
esci-B07TS796ZS	1	https://m.media-amazon.com/images/I/61OyBaAbJrL._AC_SX679_.jpg
esci-B07TSN384X	1	https://m.media-amazon.com/images/I/71FNBqQTvqL._AC_SX679_PIbundle-15,TopRight,0,0_SH20_.jpg
esci-B07TT3TNSL	1	https://m.media-amazon.com/images/I/61ZHfkH1ESL._AC_SX679_.jpg
esci-B07TT4JTX6	1	https://m.media-amazon.com/images/I/81L8Lz377eL._AC_SX679_.jpg
esci-B07TTW47YZ	1	https://m.media-amazon.com/images/I/71Qn5JoCJTL._AC_SX679_PIbundle-8,TopRight,0,0_SH20_.jpg
esci-B07TW5FVVP	1	https://m.media-amazon.com/images/I/81wIJdxsK+L._AC_SX425_.jpg
esci-B07TW7DZQZ	1	https://m.media-amazon.com/images/I/61uzKAXVdbL._AC_SX425_PIbundle-2,TopRight,0,0_SH20_.jpg
esci-B07TWQSWQ9	1	https://m.media-amazon.com/images/I/61IkD+dRkYL._AC_SX679_.jpg
esci-B07TWZ9MLJ	1	https://m.media-amazon.com/images/I/71CA8OSFTLL._SX385_.jpg
esci-B07TXCT19N	1	https://m.media-amazon.com/images/I/613h6jrJvBL._AC_SX425_.jpg
esci-B07TXD9RXT	1	https://m.media-amazon.com/images/I/71x6VvDAKpL._AC_SX679_.jpg
esci-B07TXGPDSB	1	https://m.media-amazon.com/images/I/61yI91DAVyL._AC_SX679_.jpg
esci-B07TY13NW1	1	https://m.media-amazon.com/images/I/71QUAkfsksL._AC_SX425_.jpg
esci-B07TY4SJL2	1	https://m.media-amazon.com/images/I/713F-tOzGzL._AC_SX679_.jpg
esci-B07TYS4B8K	1	https://m.media-amazon.com/images/I/91G-bRxC0jL._AC_SX679_.jpg
esci-B07TZ3BMKW	1	https://m.media-amazon.com/images/I/61O-PPVd1gL._AC_SX425_.jpg
esci-B07TZM3JQB	1	https://m.media-amazon.com/images/I/81bnu1TvFFL._AC_SX425_.jpg
esci-B07V29WVZG	1	https://m.media-amazon.com/images/I/519hVZnZDrL._AC_SX425_.jpg
esci-B07V2MQJRC	1	https://m.media-amazon.com/images/I/71vNBu34A5L._AC_SX425_.jpg
esci-B07V32974F	1	https://m.media-amazon.com/images/I/51x5ClrosdL._AC_SX425_.jpg
esci-B07V32PJ59	1	https://m.media-amazon.com/images/I/61PPt+Q+i4L._AC_SY450_.jpg
esci-B07V334HP1	1	https://m.media-amazon.com/images/I/511N5+SgWfL._AC_SX425_.jpg
esci-B07V3H46ZG	1	https://m.media-amazon.com/images/I/81mNqz8K+wL._AC_SX522_.jpg
esci-B07V3HMLKT	1	https://m.media-amazon.com/images/I/61pCr3QPwuL._AC_SX466_.jpg
esci-B07V3JN57X	1	https://m.media-amazon.com/images/I/71I-olbSoBL._AC_SX425_.jpg
esci-B07V571J15	1	https://m.media-amazon.com/images/I/51vscL4UXKL._AC_SX679_PIbundle-7,TopRight,0,0_SH20_.jpg
esci-B07V5TZ7HR	1	https://m.media-amazon.com/images/I/81CiidpicaL._AC_SX679_.jpg
esci-B07V5VTZSS	1	https://m.media-amazon.com/images/I/518rRAY2fIL._AC_SY450_.jpg
esci-B07V69KBKK	1	https://m.media-amazon.com/images/I/41Msz7bgdtL._AC_.jpg
esci-B07V6LK6WK	1	https://m.media-amazon.com/images/I/71vwmVz3ykL._AC_SX679_.jpg
esci-B07V84WJRG	1	https://m.media-amazon.com/images/I/61iwoHyZFuL._AC_SX679_.jpg
esci-B07V8FQ2V7	1	https://m.media-amazon.com/images/I/712iWw+BajL._AC_SX425_.jpg
esci-B07V9LMN5P	1	https://m.media-amazon.com/images/I/61MiIVTF2xL._SX385_.jpg
esci-B07V9Q18V1	1	https://m.media-amazon.com/images/I/61XFiHpcteS._SX522_.jpg
esci-B07VB8GP8L	1	https://m.media-amazon.com/images/I/71SKs3JPHCL._AC_SX679_.jpg
esci-B07VC5634K	1	https://m.media-amazon.com/images/I/61HlIhC7XAL._AC_SY450_.jpg
esci-B07VCS93T5	1	https://m.media-amazon.com/images/I/51ep1HsEzfL._AC_SX385_.jpg
esci-B07VD4LN4C	1	https://m.media-amazon.com/images/I/61G7-MUL9pL._AC_SX425_.jpg
esci-B07VDC8VST	1	https://m.media-amazon.com/images/I/61CsQ9Y1LgL._AC_SX679_.jpg
esci-B07VDK5ZGW	1	https://m.media-amazon.com/images/I/61u43yX9PAL._AC_SX425_.jpg
esci-B07VFHM175	1	https://m.media-amazon.com/images/I/61H0DAQ1xfL._AC_SX385_.jpg
esci-B07VGFJ76Q	1	https://m.media-amazon.com/images/I/61imxN-BYAL._AC_SX425_.jpg
esci-B07VGH8286	1	https://m.media-amazon.com/images/I/611RTEBRdVL._AC_SX425_.jpg
esci-B07VH468XL	1	https://m.media-amazon.com/images/I/61H-8gGjnpL._AC_SX679_PIbundle-10,TopRight,0,0_SH20_.jpg
esci-B07VH7ZQGC	1	https://m.media-amazon.com/images/I/81UZTwOz-vL._AC_SX425_.jpg
esci-B07VHB7RJT	1	https://m.media-amazon.com/images/I/61jHlLGFB+L._AC_SX679_.jpg
esci-B07VHJTHBP	1	https://m.media-amazon.com/images/I/61AR5ne30jL._AC_SX679_.jpg
esci-B07VJF7SBD	1	https://m.media-amazon.com/images/I/51KLUhzDRQL._AC_SX385_.jpg
esci-B07VK4TM67	1	https://m.media-amazon.com/images/I/61tzCM0OXYL._AC_SY450_.jpg
esci-B07VKJHMWC	1	https://m.media-amazon.com/images/I/81dBCoS9jRL._AC_SX466_.jpg
esci-B07VKJXDG9	1	https://m.media-amazon.com/images/I/61QwYEvzd2L._AC_SX385_.jpg
esci-B07VLVQVG3	1	https://m.media-amazon.com/images/I/71HWX3BkynL._AC_SY450_.jpg
esci-B07VLWCG3N	1	https://m.media-amazon.com/images/I/51wCykXNRkL._AC_SX679_.jpg
esci-B07VM49TR2	1	https://m.media-amazon.com/images/I/619KuTUF+CL._AC_SX679_.jpg
esci-B07VNCWZBF	1	https://m.media-amazon.com/images/I/81lbSXZIsUL._AC_SY445_PIbundle-2,TopRight,0,0_SH20_.jpg
esci-B07VPHN7MB	1	https://m.media-amazon.com/images/I/713cZQukfOS._SX342_.jpg
esci-B07VQCJDGL	1	https://m.media-amazon.com/images/I/5193KsfFwgL._AC_SX679_PIbundle-47,TopRight,0,0_SH20_.jpg
esci-B07VRCLSLF	1	https://m.media-amazon.com/images/I/81KjBGA3wKL._AC_SX425_.jpg
esci-B07VRX2HQJ	1	https://m.media-amazon.com/images/I/71Gey7SlpOL._AC_SX679_PIbundle-10,TopRight,0,0_SH20_.jpg
esci-B07VRZS44Z	1	https://m.media-amazon.com/images/I/61rcC8TcRGL._AC_SX679_.jpg
esci-B07VSMJZ3J	1	https://m.media-amazon.com/images/I/71-DN2cNnfL._AC_SX679_.jpg
esci-B07VSVMWTJ	1	https://m.media-amazon.com/images/I/51qd2J5z6RL._SX385_.jpg
esci-B07VVPNZ5R	1	https://m.media-amazon.com/images/I/71LnSZGUcdL._AC_SX425_.jpg
esci-B07VW8XJLX	1	https://m.media-amazon.com/images/I/71JPzBVMi+L._AC_SX425_.jpg
esci-B07VWWQ5VR	1	https://m.media-amazon.com/images/I/71PWUjYUZNL._AC_SX425_.jpg
esci-B07VXFTVH9	1	https://m.media-amazon.com/images/I/71EzN93Z0PL._AC_SX425_PIbundle-6,TopRight,0,0_SH20_.jpg
esci-B07VYLSYQ6	1	https://m.media-amazon.com/images/I/51wewJBNZyL._AC_SX425_.jpg
esci-B07VZBVX9G	1	https://m.media-amazon.com/images/I/61RTV+DI4AL._AC_SX679_.jpg
esci-B07VZSVWWR	1	https://m.media-amazon.com/images/I/81aYnRzgYsL._AC_SX425_.jpg
esci-B07VZYF1FL	1	https://m.media-amazon.com/images/I/716nNBggSuL._AC_SX679_.jpg
esci-B07W14255M	1	https://m.media-amazon.com/images/I/71CZxzT22TL._AC_SY450_PIbundle-9,TopRight,0,0_SH20_.jpg
esci-B07W1W2V9M	1	https://m.media-amazon.com/images/I/613I1BXcH6L._AC_SX679_.jpg
esci-B07W3M7G35	1	https://m.media-amazon.com/images/I/71ZKAu774ML.__AC_SY445_SX342_QL70_FMwebp_.jpg
esci-B07W3MTBY2	1	https://m.media-amazon.com/images/I/71ZgCXqO9gL._AC_SX679_.jpg
esci-B07W3YQ4SS	1	https://m.media-amazon.com/images/I/41S6OFnPrqL._AC_SX425_.jpg
esci-B07W4H57ZN	1	https://m.media-amazon.com/images/I/710aTX3koNL._AC_SX679_.jpg
esci-B07W4Z2KMP	1	https://m.media-amazon.com/images/I/71jEalFSK5L._AC_SX679_.jpg
esci-B07W5T3WJN	1	https://m.media-amazon.com/images/I/71UTncDxRGL._AC_SX425_.jpg
esci-B07W627T28	1	https://m.media-amazon.com/images/I/91m8BJIarAL._AC_SX679_PIbundle-12,TopRight,0,0_SH20_.jpg
esci-B07W6KB2JB	1	https://m.media-amazon.com/images/I/71oHJSCmQNL._AC_SX425_PIbundle-2,TopRight,0,0_SH20_.jpg
esci-B07W6KRH9R	1	https://m.media-amazon.com/images/I/71mjoGgeiTL._AC_SX679_PIbundle-10,TopRight,0,0_SH20_.jpg
esci-B07W6NQ43F	1	https://m.media-amazon.com/images/I/61VDnew1KEL._AC_SX385_.jpg
esci-B07W6P7LMH	1	https://m.media-amazon.com/images/I/61JaUgDVkTL._AC_SX679_.jpg
esci-B07W7PZK6D	1	https://m.media-amazon.com/images/I/81b6YzJFkjL._AC_SX425_.jpg
esci-B07W8HQ773	1	https://m.media-amazon.com/images/I/61LB7H1FeEL._AC_SX679_.jpg
esci-B07W8HRS55	1	https://m.media-amazon.com/images/I/71JVWrY8AaL._AC_SX679_.jpg
esci-B07W95GVSD	1	https://m.media-amazon.com/images/I/71IbyDWhhNL._AC_SX679_.jpg
esci-B07W9KHFS4	1	https://m.media-amazon.com/images/I/41qMvt2iBBL.jpg
esci-B07W9LPHR4	1	https://m.media-amazon.com/images/I/51aT8R9uCDL._AC_SX466_.jpg
esci-B07WC7RBGF	1	https://m.media-amazon.com/images/I/41WqmSi2lfL._AC_SX355_.jpg
esci-B07WD6G42D	1	https://m.media-amazon.com/images/I/71EsFC+KgaL._AC_SX425_.jpg
esci-B07WDCBJ1G	1	https://m.media-amazon.com/images/I/71oLhse6LmL._AC_SX425_PIbundle-6,TopRight,0,0_SH20_.jpg
esci-B07WDTYDSX	1	https://m.media-amazon.com/images/I/51AbdoHID7L._AC_SX425_.jpg
esci-B07WDVV6C2	1	https://m.media-amazon.com/images/I/61t5ObGt7TL._AC_SX425_.jpg
esci-B07WF1217Z	1	https://m.media-amazon.com/images/I/71gsV8xiyoL._AC_SX466_.jpg
esci-B07WF6KZBX	1	https://m.media-amazon.com/images/I/81HL1G1ABeL._AC_SX425_.jpg
esci-B07WFFG9LR	1	https://m.media-amazon.com/images/I/61i-2GuhijL._AC_SX679_.jpg
esci-B07WFM7CJB	1	https://m.media-amazon.com/images/I/617bDJh5TNL._AC_SX425_.jpg
esci-B07WG1ZGGQ	1	https://m.media-amazon.com/images/I/615y8UmlBRL._AC_SX425_.jpg
esci-B07WGFF4K4	1	https://m.media-amazon.com/images/I/71ctCUN1p3L._SX385_.jpg
esci-B07WKH13FW	1	https://m.media-amazon.com/images/I/71pAQO5kPFL._AC_SX679_.jpg
esci-B07WKL6688	1	https://m.media-amazon.com/images/I/713WZgKJsPL._AC_SX425_.jpg
esci-B07WMQWFJY	1	https://m.media-amazon.com/images/I/71NlIIrswML._AC_SY450_.jpg
esci-B07WN12Z5W	1	https://m.media-amazon.com/images/I/6179f-KU7TL._AC_SX679_.jpg
esci-B07WNCVJD8	1	https://m.media-amazon.com/images/I/713KiQSF-pL._AC_SX425_.jpg
esci-B07WND8R5S	1	https://m.media-amazon.com/images/I/71AQ0YSigfL._AC_SX679_.jpg
esci-B07WNP1FPQ	1	https://m.media-amazon.com/images/I/610CWacUHTL._AC_SX679_.jpg
esci-B07WNTXPQ4	1	https://m.media-amazon.com/images/I/7173PhSH30L._AC_SX679_.jpg
esci-B07WP4165D	1	https://m.media-amazon.com/images/I/71HOVTfoB4L._AC_SX425_.jpg
esci-B07WPYSQK2	1	https://m.media-amazon.com/images/I/31hoQ7gqUlL._AC_SX425_.jpg
esci-B07WR1YXT8	1	https://m.media-amazon.com/images/I/61Ph3P710nL._AC_SX425_.jpg
esci-B07WR7NK89	1	https://m.media-amazon.com/images/I/61jpfVLUuFL._AC_SX679_.jpg
esci-B07WRH1LKY	1	https://m.media-amazon.com/images/I/519rrO5BjFL._AC_SX679_.jpg
esci-B07WRYR4KZ	1	https://m.media-amazon.com/images/I/618HDZdVYQL._AC_SX425_.jpg
esci-B07WS3CJ7G	1	https://m.media-amazon.com/images/I/51kHyKuzKYL._AC_SX425_.jpg
esci-B07WS3DC1Z	1	https://m.media-amazon.com/images/I/511a26nXcIL._AC_SX425_.jpg
esci-B07WS5C378	1	https://m.media-amazon.com/images/I/71y2r5kGSQL._SX385_.jpg
esci-B07WS5MXBK	1	https://m.media-amazon.com/images/I/51RHEBtbseL._AC_SX679_.jpg
esci-B07WS9KW27	1	https://m.media-amazon.com/images/I/71NkegyQg7L._AC_SX679_.jpg
esci-B07WSMR5PG	1	https://m.media-amazon.com/images/I/61krQpz8tML._AC_SX679_.jpg
esci-B07WST2VKP	1	https://m.media-amazon.com/images/I/61ZbuX477CL._AC_SX679_.jpg
esci-B07WTSTDMM	1	https://m.media-amazon.com/images/I/61exScmWDqS._AC_SX679_.jpg
esci-B07WV2TDTP	1	https://m.media-amazon.com/images/I/71+UnfOlT5L._AC_SX679_.jpg
esci-B07WW2D7TF	1	https://m.media-amazon.com/images/I/61nnbLWQksL._AC_SX679_.jpg
esci-B07WZDVPV3	1	https://m.media-amazon.com/images/I/71RlJGYSKSL._AC_SX679_.jpg
esci-B07X134Z5Y	1	https://m.media-amazon.com/images/I/61KWodZP37L._AC_SX425_.jpg
esci-B07X1Q7M39	1	https://m.media-amazon.com/images/I/61TiI73-0mL._AC_SX425_.jpg
esci-B07X1S4SRM	1	https://m.media-amazon.com/images/I/71Ci49X7JUL._AC_SX425_.jpg
esci-B07X2F3LSD	1	https://m.media-amazon.com/images/I/61tIjP0KG0L._AC_SX425_.jpg
esci-B07X2HH3SF	1	https://m.media-amazon.com/images/I/717VhMmcpSL._AC_SX425_.jpg
esci-B07X2TJH8Q	1	https://m.media-amazon.com/images/I/81ndV7EtrIL._AC_SX425_.jpg
esci-B07X37XMX3	1	https://m.media-amazon.com/images/I/71aTrrKR16L._AC_SX425_.jpg
esci-B07X39HH4S	1	https://m.media-amazon.com/images/I/71O-z7RFfWL._AC_SX679_.jpg
esci-B07X3S3JLY	1	https://m.media-amazon.com/images/I/71HDe7NP-rL._AC_SX425_.jpg
esci-B07X45XC3Z	1	https://m.media-amazon.com/images/I/61lLd5bp2AL._AC_SX425_.jpg
esci-B07X4VG1F6	1	https://m.media-amazon.com/images/I/71lPZcmaxwL._SX466_.jpg
esci-B07X53YWF3	1	https://m.media-amazon.com/images/I/5151FTUVl0L._AC_SX425_.jpg
esci-B07X5DPCNL	1	https://m.media-amazon.com/images/I/61vlx1ojw1L._AC_SX679_.jpg
esci-B07X5JHWSV	1	https://m.media-amazon.com/images/I/61Su+goFnKL._AC_SX679_.jpg
esci-B07X6Q1JRY	1	https://m.media-amazon.com/images/I/71s9MGpQ-LL._AC_SX425_.jpg
esci-B07X8519KR	1	https://m.media-amazon.com/images/I/6149i4XDTHL._AC_SX679_.jpg
esci-B07XB3W845	1	https://m.media-amazon.com/images/I/61VOABq5pOL._AC_SX425_.jpg
esci-B07XB7L2JY	1	https://m.media-amazon.com/images/I/614NPKiB8sL._AC_SX679_.jpg
esci-B07XBCNC96	1	https://m.media-amazon.com/images/I/51SJ7OKe8tL._SX385_.jpg
esci-B07XC6DGJ4	1	https://m.media-amazon.com/images/I/71VQp-9V11L._AC_SX425_.jpg
esci-B07XCCXJMB	1	https://m.media-amazon.com/images/I/61irjUME97L._AC_SX679_.jpg
esci-B07XD9LFN6	1	https://m.media-amazon.com/images/I/61XR+6MLkwL._AC_SX679_.jpg
esci-B07XDBJ3M4	1	https://m.media-amazon.com/images/I/614NPKiB8sL._AC_SX679_.jpg
esci-B07XF9WVCC	1	https://m.media-amazon.com/images/I/71R28btVOrL._AC_SX425_.jpg
esci-B07XFLTBQL	1	https://m.media-amazon.com/images/I/61NYJqy3ZHS._AC_SX679_.jpg
esci-B07XG621CQ	1	https://m.media-amazon.com/images/I/71FuubDYDAL._AC_SX425_.jpg
esci-B07XGH2NP5	1	https://m.media-amazon.com/images/I/61ODymMh02L._AC_SX679_PIbundle-2,TopRight,0,0_SH20_.jpg
esci-B07XGKZ2RC	1	https://m.media-amazon.com/images/I/61kpXlpBO6L._AC_SX425_.jpg
esci-B07XHKJK3Q	1	https://m.media-amazon.com/images/I/71nikr1NYZL._AC_SX425_.jpg
esci-B07XJHH4BQ	1	https://m.media-amazon.com/images/I/61DgbQinxiL._AC_SX425_.jpg
esci-B07XJHND3T	1	https://m.media-amazon.com/images/I/71znPfJ1teL._AC_SX385_PIbundle-6,TopRight,0,0_SH20_.jpg
esci-B07XJK5S6F	1	https://m.media-amazon.com/images/I/61L2jVh7OLL._AC_SX425_.jpg
esci-B07XJM9JRD	1	https://m.media-amazon.com/images/I/712-kxmzwCL._AC_SX425_.jpg
esci-B07XJN27NZ	1	https://m.media-amazon.com/images/I/61PWchSxT+L._AC_SX385_.jpg
esci-B07XJRNHD1	1	https://m.media-amazon.com/images/I/61vVbOQx3xL._AC_SX425_.jpg
esci-B07XKZVG8Z	1	https://m.media-amazon.com/images/I/81A7Md6MP8L._AC_SX679_.jpg
esci-B07XL24KR8	1	https://m.media-amazon.com/images/I/61vAKRNasML._AC_SX679_.jpg
esci-B07XLF6QHV	1	https://m.media-amazon.com/images/I/81vKhsDf8RL._AC_SX385_PIbundle-2,TopRight,0,0_SH20_.jpg
esci-B07XLJXMXL	1	https://m.media-amazon.com/images/I/51HOuIOCwjS._AC_SX679_.jpg
esci-B07XNQK8R3	1	https://m.media-amazon.com/images/I/71YLirQDHLL._AC_SX679_.jpg
esci-B07XP4TMVW	1	https://m.media-amazon.com/images/I/61NrMbYsuBL._AC_SX679_.jpg
esci-B07XP7L9ZY	1	https://m.media-amazon.com/images/I/8141Js8pAPL._AC_SX679_.jpg
esci-B07XPJHFKM	1	https://m.media-amazon.com/images/I/51yCWDN03FL._AC_SX679_.jpg
esci-B07XQ178GZ	1	https://m.media-amazon.com/images/I/71tv7f4ZqwL._AC_SX679_.jpg
esci-B07XQCJXNY	1	https://m.media-amazon.com/images/I/51ZyDxJeMGL._AC_SX679_.jpg
esci-B07XQHS473	1	https://m.media-amazon.com/images/I/61OAkBDrMoS.__AC_SX300_SY300_QL70_FMwebp_.jpg
esci-B07XQL97VG	1	https://m.media-amazon.com/images/I/61Vt9Nqo5uL._AC_SX679_.jpg
esci-B07XQRYN2P	1	https://m.media-amazon.com/images/I/61BfsR450OL._AC_SX466_.jpg
esci-B07XRRK5TX	1	https://m.media-amazon.com/images/I/719OVpxFl8L._AC_SX679_.jpg
esci-B07XSFGDCN	1	https://m.media-amazon.com/images/I/81L6i553M1L._AC_SX679_.jpg
esci-B07XT4W8QY	1	https://m.media-amazon.com/images/I/51zsVfEiC9L._AC_SX425_.jpg
esci-B07XT5PJ5D	1	https://m.media-amazon.com/images/I/61ztFnFH9HL._AC_SX679_.jpg
esci-B07XT8T3GH	1	https://m.media-amazon.com/images/I/71HO-4U7WDL._AC_SX679_.jpg
esci-B07XT9X7PL	1	https://m.media-amazon.com/images/I/716jFyB8A-L._AC_SX679_.jpg
esci-B07XY396GT	1	https://m.media-amazon.com/images/I/81ZIQfKCafL._AC_SX679_PIbundle-6,TopRight,0,0_SH20_.jpg
esci-B07Y1PF49S	1	https://m.media-amazon.com/images/I/616tbK7ETIL.__AC_SX300_SY300_QL70_FMwebp_.jpg
esci-B07Y1PY9RW	1	https://m.media-amazon.com/images/I/71NQ1UAuCxL._AC_SX679_.jpg
esci-B07Y33KYXZ	1	https://m.media-amazon.com/images/I/71WLd9n0haL._AC_SX466_.jpg
esci-B07Y3TYSL6	1	https://m.media-amazon.com/images/I/713HL51g1KL._AC_SX679_.jpg
esci-B07Y5V15SY	1	https://m.media-amazon.com/images/I/81cQsOTh8lL._AC_SX679_.jpg
esci-B07Y6B2S1F	1	https://m.media-amazon.com/images/I/81AtVOgaWJL._AC_SX679_PIbundle-25,TopRight,0,0_SH20_.jpg
esci-B07Y6D6RPX	1	https://m.media-amazon.com/images/I/614gKEZJxvL._AC_SX679_.jpg
esci-B07Y6TTYCR	1	https://m.media-amazon.com/images/I/61BKirRECML._AC_SX679_.jpg
esci-B07Y7YN1HB	1	https://m.media-amazon.com/images/I/71NRdylgd4L._AC_SX569_.jpg
esci-B07Y88PL8L	1	https://m.media-amazon.com/images/I/81eYJuqwIKL._AC_SX679_.jpg
esci-B07Y8PV9MZ	1	https://m.media-amazon.com/images/I/91EJZ0EbimL._AC_SX679_.jpg
esci-B07Y9HVW4J	1	https://m.media-amazon.com/images/I/81+9gjgSiqL._AC_SX679_.jpg
esci-B07YBKP4T3	1	https://m.media-amazon.com/images/I/51pxCyp8uRL._SY500_.jpg
esci-B07YBSM43V	1	https://m.media-amazon.com/images/I/81KFy3nEQVL._AC_SX679_.jpg
esci-B07YBTRGJ9	1	https://m.media-amazon.com/images/I/81QWntUatxL._AC_SX679_.jpg
esci-B07YD12Q74	1	https://m.media-amazon.com/images/I/617O5g6eDRL._AC_.jpg
esci-B07YD15B87	1	https://m.media-amazon.com/images/I/71LEFY7amoL._AC_SX679_.jpg
esci-B07YD6LWBP	1	https://m.media-amazon.com/images/I/51FGl6FQU4L._AC_SX425_.jpg
esci-B07YDZ16Z5	1	https://m.media-amazon.com/images/I/615MJF+kh2L._AC_SX425_.jpg
esci-B07YF7QS3W	1	https://m.media-amazon.com/images/I/51bwrmq2ZVL._AC_SX679_.jpg
esci-B07YM1TV71	1	https://m.media-amazon.com/images/I/81NnXvz4VYL._AC_SX679_.jpg
esci-B07YNDHSR7	1	https://m.media-amazon.com/images/I/81viEuojagL._AC_SX569_.jpg
esci-B07YNTD6W1	1	https://m.media-amazon.com/images/I/61weIDtWOHL._AC_SX679_.jpg
esci-B07YPY31FL	1	https://m.media-amazon.com/images/I/51ugqdGM-3L._AC_SY450_.jpg
esci-B07YRPX74G	1	https://m.media-amazon.com/images/I/71QumxxXHRL._AC_SX679_.jpg
esci-B07YRVNLL6	1	https://m.media-amazon.com/images/I/81imGRBXHXL._AC_SX679_.jpg
esci-B07YRZXZ6L	1	https://m.media-amazon.com/images/I/51RSXIbxwTL._AC_SX679_.jpg
esci-B07YTPQGYS	1	https://m.media-amazon.com/images/I/81A-tp-3qkL._AC_SX679_.jpg
esci-B07YV7J1MJ	1	https://m.media-amazon.com/images/I/61vVbOQx3xL._AC_SX679_.jpg
esci-B07YW4H6FC	1	https://m.media-amazon.com/images/I/71zP-VrY-uL._AC_SX679_.jpg
esci-B07YWJCZRJ	1	https://m.media-amazon.com/images/I/61-BfFpDKqL._AC_SX425_.jpg
esci-B07YWLNBMS	1	https://m.media-amazon.com/images/I/61gWomYnwPL._AC_SY450_.jpg
esci-B07YXTZRJF	1	https://m.media-amazon.com/images/I/61wkwt9FWAL._AC_SX679_.jpg
esci-B07YYP362Y	1	https://m.media-amazon.com/images/I/61aSG3l7MTL._AC_SX679_.jpg
esci-B07YYPJBSD	1	https://m.media-amazon.com/images/I/61MS8B4eFvL._SX385_.jpg
esci-B07YYQL7WJ	1	https://m.media-amazon.com/images/I/71ou9StFe3L._AC_SX679_.jpg
esci-B07YYWQ99X	1	https://m.media-amazon.com/images/I/71Ewbk4twNL._AC_SX679_.jpg
esci-B07YZV57KZ	1	https://m.media-amazon.com/images/I/71MPNYN9qAL._AC_SX466_.jpg
esci-B07Z1QNCZH	1	https://m.media-amazon.com/images/I/61LtjUDEp8L._AC_SX425_.jpg
esci-B07Z1T3S8B	1	https://m.media-amazon.com/images/I/714tQ7d+gJL._AC_SX425_.jpg
esci-B07Z38T6XD	1	https://m.media-amazon.com/images/I/71HFxTuyEbL._AC_SX679_.jpg
esci-B07Z398YWF	1	https://m.media-amazon.com/images/I/81cZSSAZ60L._SX522_.jpg
esci-B07Z3RGL3Y	1	https://m.media-amazon.com/images/I/61LXFhYTOpL._AC_SX425_.jpg
esci-B07Z4QLWFX	1	https://m.media-amazon.com/images/I/61omqudpT8L._AC_SX679_.jpg
esci-B07Z5R1WRX	1	https://m.media-amazon.com/images/I/714I0KD+-cL._AC_SX425_.jpg
esci-B07Z68CGK9	1	https://m.media-amazon.com/images/I/71KBuL-K4gL._AC_SX679_PIbundle-3,TopRight,0,0_SH20_.jpg
esci-B07Z7QPYVN	1	https://m.media-amazon.com/images/I/811vHSDy8lL._AC_SX385_.jpg
esci-B07Z8YC1DK	1	https://m.media-amazon.com/images/I/61tPhdQ9mRL._AC_SX679_.jpg
esci-B07Z91QWXM	1	https://m.media-amazon.com/images/I/71oFkJ0NGaL._AC_SY575_.jpg
esci-B07Z95QFT2	1	https://m.media-amazon.com/images/I/61c59bJ8FyL._AC_SX679_.jpg
esci-B07ZCZ67G1	1	https://m.media-amazon.com/images/I/61jSLu5BKJL._AC_SX679_.jpg
esci-B07ZFC3JQF	1	https://m.media-amazon.com/images/I/51tYwBTSqnL._AC_SX679_.jpg
esci-B07ZG4VPZT	1	https://m.media-amazon.com/images/I/61KvSnftRGL._AC_SX679_PIbundle-3,TopRight,0,0_SH20_.jpg
esci-B07ZGGS75W	1	https://m.media-amazon.com/images/I/81WUNgKn6DL._AC_SX679_.jpg
esci-B07ZGJC52B	1	https://m.media-amazon.com/images/I/51z592anpFL._SX522_.jpg
esci-B07ZJ9HBSW	1	https://m.media-amazon.com/images/I/619Mslm8BIL._AC_SX679_PIbundle-4,TopRight,0,0_SH20_.jpg
esci-B07ZJS3L5Y	1	https://m.media-amazon.com/images/I/61BoOYBJ6TL._AC_SX466_.jpg
esci-B07ZK6K4MZ	1	https://m.media-amazon.com/images/I/71hhqCZfVxL._AC_SX425_.jpg
esci-B07ZKCHW16	1	https://m.media-amazon.com/images/I/81RNailGeTL._AC_SX679_.jpg
esci-B07ZKVQ9L4	1	https://m.media-amazon.com/images/I/718AkSGFNbS._AC_SX679_.jpg
esci-B07ZNW1K93	1	https://m.media-amazon.com/images/I/71Cb3CmtjDL._AC_SX679_.jpg
esci-B07ZPRN3TX	1	https://m.media-amazon.com/images/I/81uyXVRp-dL._SX466_.jpg
esci-B07ZPRTSS1	1	https://m.media-amazon.com/images/I/81GzmeYz+-L._AC_SX679_.jpg
esci-B07ZQ6LCK8	1	https://m.media-amazon.com/images/I/71qnUOTBrUL._AC_SX425_.jpg
esci-B07ZQFLNYC	1	https://m.media-amazon.com/images/I/51uJj0Dwx7L._AC_SX679_.jpg
esci-B07ZQM5BKY	1	https://m.media-amazon.com/images/I/61ceDYWMkwL._AC_SX679_.jpg
esci-B07ZQZ7N6Y	1	https://m.media-amazon.com/images/I/61NxCWXr-vL._AC_SX522_.jpg
esci-B07ZRDGF6Y	1	https://m.media-amazon.com/images/I/51XvgYwfNoL._AC_SX425_.jpg
esci-B07ZRFSC67	1	https://m.media-amazon.com/images/I/61FednxSCFL._AC_SX679_.jpg
esci-B07ZRX7661	1	https://m.media-amazon.com/images/I/61nnbLWQksL._AC_SX679_.jpg
esci-B07ZRZPDPJ	1	https://m.media-amazon.com/images/I/51Dh+M0Mc2L._AC_SX679_.jpg
esci-B07ZSC6TNB	1	https://m.media-amazon.com/images/I/61XT-WF0dAL._AC_SX385_PIbundle-2,TopRight,0,0_SH20_.jpg
esci-B07ZSF554H	1	https://m.media-amazon.com/images/I/61aGF1AO6-L._SX522_.jpg
esci-B07ZST2K32	1	https://m.media-amazon.com/images/I/61OkR0DdLnL._AC_SX679_.jpg
esci-B07ZVVB1QT	1	https://m.media-amazon.com/images/I/61QerMpfxFL._AC_SX679_.jpg
esci-B07ZX5WXN8	1	https://m.media-amazon.com/images/I/61PYZpSYQ7L._AC_SX679_.jpg
esci-B0811GHS2M	1	https://m.media-amazon.com/images/I/61xefUx+coL._SX522_.jpg
esci-B0811JT4WW	1	https://m.media-amazon.com/images/I/61TF1T8JSEL._AC_SX679_.jpg
esci-B08134WTLB	1	https://m.media-amazon.com/images/I/81rPEDKCyNL._AC_SX679_.jpg
esci-B0813N2ZC6	1	https://m.media-amazon.com/images/I/71H7PQR-gdL._SX522_.jpg
esci-B0815R9RP9	1	https://m.media-amazon.com/images/I/715Vs8huaEL._AC_SX679_PIbundle-2,TopRight,0,0_SH20_.jpg
esci-B0816GSRV9	1	https://m.media-amazon.com/images/I/81gmvyHcY2L._AC_SX679_.jpg
esci-B08173SK4Y	1	https://m.media-amazon.com/images/I/61kOQ9OIi+L._SX466_.jpg
esci-B0817P7284	1	https://m.media-amazon.com/images/I/61GqnsaJr4L._AC_SX679_.jpg
esci-B08185FNDZ	1	https://m.media-amazon.com/images/I/71zM91ivsbL._AC_SX679_PIbundle-108,TopRight,0,0_SH20_.jpg
esci-B0819QGTQH	1	https://m.media-amazon.com/images/I/51lvN3KZo9L._SX522_.jpg
esci-B0819ZH85H	1	https://m.media-amazon.com/images/I/5155HUydjPL._AC_SX679_.jpg
esci-B081C12GLQ	1	https://m.media-amazon.com/images/I/71RP3ETsbEL._AC_SX679_.jpg
esci-B081C5TY2J	1	https://m.media-amazon.com/images/I/71mXM2m5SjL._AC_SX679_.jpg
esci-B081CCZ9LC	1	https://m.media-amazon.com/images/I/61ygcK2hCYL._AC_SX679_.jpg
esci-B081CF2123	1	https://m.media-amazon.com/images/I/41WmToIh8yL._AC_.jpg
esci-B081CNWN44	1	https://m.media-amazon.com/images/I/710rW0H9acL._AC_SX569_.jpg
esci-B081D4JZHT	1	https://m.media-amazon.com/images/I/51DG+b+FuVS._AC_SX679_.jpg
esci-B081GCYRSH	1	https://m.media-amazon.com/images/I/81SuSMtK+-L._AC_SX679_.jpg
esci-B081H9YWYB	1	https://m.media-amazon.com/images/I/71A42+jJ0fL._AC_SX679_.jpg
esci-B081J29V6T	1	https://m.media-amazon.com/images/I/61JAWiJ4p8L._AC_SX425_.jpg
esci-B081LNF6VF	1	https://m.media-amazon.com/images/I/51ucrxvEE9L._AC_SX679_.jpg
esci-B081M6NMRX	1	https://m.media-amazon.com/images/I/71yshdrlaqL._AC_SX679_.jpg
esci-B081NXMKZP	1	https://m.media-amazon.com/images/I/51sz3SdfgrL._AC_SX679_.jpg
esci-B081PXSP1K	1	https://m.media-amazon.com/images/I/71oLW6flS2L._AC_SX679_PIbundle-7,TopRight,0,0_SH20_.jpg
esci-B081Q2PF2K	1	https://m.media-amazon.com/images/I/511-sYh-rhL._AC_SX425_.jpg
esci-B081RFY5L3	1	https://m.media-amazon.com/images/I/61Rn9xdrRFL._AC_SX679_.jpg
esci-B081RLT2N7	1	https://m.media-amazon.com/images/I/71mWifEir1S._AC_SX679_.jpg
esci-B081SVK95V	1	https://m.media-amazon.com/images/I/51MfEOP2RQL._AC_SX679_.jpg
esci-B081TT7FB1	1	https://m.media-amazon.com/images/I/61E2O94D2NL._AC_SX679_.jpg
esci-B081W45183	1	https://m.media-amazon.com/images/I/81CBWnH+NsL._AC_SX679_.jpg
esci-B081W7N978	1	https://m.media-amazon.com/images/I/61y-pXceBkL._AC_SX679_.jpg
esci-B081W9LGL2	1	https://m.media-amazon.com/images/I/71qngyqEVHL._AC_SX425_.jpg
esci-B081YDWM7M	1	https://m.media-amazon.com/images/I/61Tl5+q0W2L._AC_SX679_.jpg
esci-B081YYWYBC	1	https://m.media-amazon.com/images/I/61fg3PMCOtL._AC_SX679_.jpg
esci-B082291LFQ	1	https://m.media-amazon.com/images/I/6165MNu--gL._AC_SX679_.jpg
esci-B0822G58YZ	1	https://m.media-amazon.com/images/I/71Ef92ElYLL._AC_SX679_.jpg
esci-B0823HT5FP	1	https://m.media-amazon.com/images/I/71-p4tisJXL._AC_SX679_.jpg
esci-B0823K1FY1	1	https://m.media-amazon.com/images/I/61gXnblAvkL._AC_SX679_.jpg
esci-B0823X5X15	1	https://m.media-amazon.com/images/I/71Xe5buNS8L._AC_SX679_.jpg
esci-B0823XGRGB	1	https://m.media-amazon.com/images/I/71OFslLVMhL._AC_SX679_.jpg
esci-B08241KCMD	1	https://m.media-amazon.com/images/I/71FipArp9jL._AC_SX679_.jpg
esci-B08265KZYH	1	https://m.media-amazon.com/images/I/71D5ZAq6rDL._AC_SX679_.jpg
esci-B0828KVM9L	1	https://m.media-amazon.com/images/I/61Rfo6tCG4L._AC_SX679_.jpg
esci-B0829FBWSD	1	https://m.media-amazon.com/images/I/61S1UT2PS0L._AC_SX679_.jpg
esci-B0829VHGKJ	1	https://m.media-amazon.com/images/I/71NkD8MN4tL._AC_SX425_.jpg
esci-B0829Y3XN8	1	https://m.media-amazon.com/images/I/51nIZXKfV4L._AC_SX679_.jpg
esci-B082BHW6K2	1	https://m.media-amazon.com/images/I/71sOXPqclML._AC_SX679_PIbundle-24,TopRight,0,0_SH20_.jpg
esci-B082CYHPJP	1	https://m.media-amazon.com/images/I/71F-5715MUS._AC_SX425_.jpg
esci-B082CZZMPN	1	https://m.media-amazon.com/images/I/81rbNj8rPjL._AC_SX679_.jpg
esci-B082FP35M8	1	https://m.media-amazon.com/images/I/61KfPa6RN5L._AC_SX679_PIbundle-7,TopRight,0,0_SH20_.jpg
esci-B082GGSSB8	1	https://m.media-amazon.com/images/I/91JAr79CNLL._AC_SX679_.jpg
esci-B082GM4RFC	1	https://m.media-amazon.com/images/I/71I5vCl-4kL._SX522_.jpg
esci-B082HDMBXF	1	https://m.media-amazon.com/images/I/81IVjFZBWCL._SX522_.jpg
esci-B082HLL674	1	https://m.media-amazon.com/images/I/71vGza-iL3L._AC_SX679_.jpg
esci-B082J4BPK8	1	https://m.media-amazon.com/images/I/91MmquYkQeL._AC_SX679_.jpg
esci-B082KQZZZF	1	https://m.media-amazon.com/images/I/61iXDX7mFjL._AC_SX679_.jpg
esci-B082NPC31D	1	https://m.media-amazon.com/images/I/61y+SjzyKBL._AC_SX679_.jpg
esci-B082SMZHL9	1	https://m.media-amazon.com/images/I/71gjGGd7IyL._AC_SX679_.jpg
esci-B082TNJYYF	1	https://m.media-amazon.com/images/I/61Uns4bSVfL._AC_SX679_.jpg
esci-B082TX2R46	1	https://m.media-amazon.com/images/I/81eqd7KqkRL._AC_SX425_.jpg
esci-B082TYF8RJ	1	https://m.media-amazon.com/images/I/91czb+i5N5L._AC_SX679_.jpg
esci-B082VRFWB8	1	https://m.media-amazon.com/images/I/610REMZ78qL._AC_SX569_.jpg
esci-B082VT9R3Y	1	https://m.media-amazon.com/images/I/81o8ASgfNFL._AC_SX679_.jpg
esci-B082WQS6JF	1	https://m.media-amazon.com/images/I/81x+iV289LL._AC_SX679_.jpg
esci-B082X38C7G	1	https://m.media-amazon.com/images/I/81KcYlHfD2L._AC_SX679_.jpg
esci-B082X4QTKJ	1	https://m.media-amazon.com/images/I/61vS3sd5BGL._AC_SX679_.jpg
esci-B082XX8XYJ	1	https://m.media-amazon.com/images/I/71kklAqRJdL._AC_SX679_PIbundle-2,TopRight,0,0_SH20_.jpg
esci-B082YD1BHK	1	https://m.media-amazon.com/images/I/71a2HRNdawL._AC_SX679_.jpg
esci-B082YDRWFR	1	https://images-cn.ssl-images-amazon.cn/images/I/61i+jpYnurL._AC_SX425_.jpg
esci-B0831HXMJJ	1	https://m.media-amazon.com/images/I/61Ez9iT69oL._AC_SX679_.jpg
esci-B0831QZQP8	1	https://m.media-amazon.com/images/I/61jj96+hTWL._AC_SX679_.jpg
esci-B0832LCD1G	1	https://m.media-amazon.com/images/I/71xkxYOcmDS._AC_SX679_.jpg
esci-B0832ZMYCN	1	https://m.media-amazon.com/images/I/71CA6GJnr6L._AC_SX679_.jpg
esci-B0833YCWX2	1	https://m.media-amazon.com/images/I/81ijjDkvWIL._AC_SX679_.jpg
esci-B0837MGZNY	1	https://m.media-amazon.com/images/I/71d3jgZV2dL._AC_SX679_.jpg
esci-B08391TDR9	1	https://m.media-amazon.com/images/I/613vShFJvYL._SX522_.jpg
esci-B083BG2MJ8	1	https://m.media-amazon.com/images/I/61JK5Q4OGSL._AC_SX679_.jpg
esci-B083BNGNT8	1	https://m.media-amazon.com/images/I/A1aPxOZh0DS._AC_SX679_.jpg
esci-B083DDQVBM	1	https://m.media-amazon.com/images/I/61hXyAx4ybL._AC_SX679_.jpg
esci-B083DPH2MJ	1	https://m.media-amazon.com/images/I/7136TWQWIQL._AC_SX679_PIbundle-6,TopRight,0,0_SH20_.jpg
esci-B083DQP5H5	1	https://m.media-amazon.com/images/I/61dbL51QnWL._AC_SX679_.jpg
esci-B083F4BWCN	1	https://m.media-amazon.com/images/I/612qB0sVPdL._AC_SX679_.jpg
esci-B083FHF91M	1	https://m.media-amazon.com/images/I/811K0vI7ttL._AC_SY879_.jpg
esci-B083FNGLTV	1	https://m.media-amazon.com/images/I/81Nqcwk5-fL._AC_SX679_PIbundle-2,TopRight,0,0_SH20_.jpg
esci-B083FV2LT8	1	https://m.media-amazon.com/images/I/61R9HPOJ09L._AC_SX679_.jpg
esci-B083FXFCY5	1	https://m.media-amazon.com/images/I/71wALCF8W2L._SX522_.jpg
esci-B083HDJS7X	1	https://m.media-amazon.com/images/I/81ANR4-xXAL._AC_SX679_.jpg
esci-B083HZSPCN	1	https://m.media-amazon.com/images/I/61CgmAz9lSL._SX522_.jpg
esci-B083JQ49KS	1	https://m.media-amazon.com/images/I/412J3wGWcdL._AC_SX679_.jpg
esci-B083K5B2QM	1	https://m.media-amazon.com/images/I/51uu-IzcbIL._AC_SX679_.jpg
esci-B083LLM6QJ	1	https://m.media-amazon.com/images/I/61JS5FB0VGL._AC_SX679_.jpg
esci-B083LN47G5	1	https://m.media-amazon.com/images/I/71iDZwQTQxL._AC_SX679_.jpg
esci-B083NPLG93	1	https://m.media-amazon.com/images/I/51iqafLj7nL._AC_SX679_.jpg
esci-B083NPXWMT	1	https://m.media-amazon.com/images/I/61rslEyiTiL._AC_SX679_.jpg
esci-B083QGMV2Q	1	https://m.media-amazon.com/images/I/71JEPfjkDML._AC_SX466_.jpg
esci-B083QJ2BB7	1	https://m.media-amazon.com/images/I/81JDeAvGaqL._AC_SX425_.jpg
esci-B083RBJ6F6	1	https://m.media-amazon.com/images/I/719td+iB34L._AC_SX679_.jpg
esci-B083RCBTYJ	1	https://m.media-amazon.com/images/I/61NY8DhcMxL._AC_SX425_.jpg
esci-B083RTH2JT	1	https://m.media-amazon.com/images/I/71usA-ALSJS._AC_SX679_.jpg
esci-B083SD74R1	1	https://m.media-amazon.com/images/I/51GEP9nx4DS._AC_SX466_.jpg
esci-B083SGDKRH	1	https://m.media-amazon.com/images/I/81QSD4HeEjL._AC_SX425_.jpg
esci-B083SHZP7J	1	https://m.media-amazon.com/images/I/61a7owLCEML._AC_SX679_.jpg
esci-B083XBTWQN	1	https://m.media-amazon.com/images/I/81ECL9x4LhL._AC_SX679_.jpg
esci-B083XMQ41G	1	https://m.media-amazon.com/images/I/81ECL9x4LhL._AC_SX679_.jpg
esci-B083XQMK8H	1	https://m.media-amazon.com/images/I/718MobmfWAL._AC_SX679_.jpg
esci-B083XX7K3X	1	https://m.media-amazon.com/images/I/61ujCSODf1L._AC_SX679_.jpg
esci-B0842QDW95	1	https://m.media-amazon.com/images/I/716ZcAlqsvL._AC_SX425_.jpg
esci-B0847SP37T	1	https://m.media-amazon.com/images/I/511L8dAi57L._AC_SX679_.jpg
esci-B084DDY94W	1	https://m.media-amazon.com/images/I/21bHqg-nAZS._AC_.jpg
esci-B084DHGWW1	1	https://m.media-amazon.com/images/I/71C+pgOxWvL._AC_SX679_.jpg
esci-B084DHR6BC	1	https://m.media-amazon.com/images/I/713XIiycV5L._AC_SX679_.jpg
esci-B084G38NJB	1	https://m.media-amazon.com/images/I/81yc2DVWzxL._AC_SX679_.jpg
esci-B084H3ZTZS	1	https://m.media-amazon.com/images/I/81ANOGg2yVL._AC_SX679_.jpg
esci-B084H7VWWF	1	https://m.media-amazon.com/images/I/715Sr1klPLL._AC_SX679_.jpg
esci-B084MC9QN3	1	https://m.media-amazon.com/images/I/81Ww2plldbL._AC_SX679_.jpg
esci-B084RJ9P7Q	1	https://m.media-amazon.com/images/I/811YRSlLqkL._AC_SX425_.jpg
esci-B084SWPYRK	1	https://m.media-amazon.com/images/I/51-wU8+MM+L._AC_SX679_.jpg
esci-B084TJDDL1	1	https://m.media-amazon.com/images/I/81JZbtF9GSL._AC_UX385_.jpg
esci-B084VJDX36	1	https://m.media-amazon.com/images/I/51AtDlmAEJL._AC_SX679_.jpg
esci-B084VJFX9M	1	https://m.media-amazon.com/images/I/71d79lQk6kL._AC_SX679_.jpg
esci-B084XYVP4F	1	https://m.media-amazon.com/images/I/619KuTUF+CL._AC_SX679_.jpg
esci-B084ZZ3W49	1	https://m.media-amazon.com/images/I/71BRam0ZWJL._SX385_.jpg
esci-B0854BZJ67	1	https://m.media-amazon.com/images/I/711DbQTlpbL._AC_SX679_PIbundle-2,TopRight,0,0_SH20_.jpg
esci-B08576CGVH	1	https://m.media-amazon.com/images/I/81KkRVfd6jL._AC_SX679_.jpg
esci-B08577Y9ZC	1	https://m.media-amazon.com/images/I/81t8DGDOoqL._AC_SX679_.jpg
esci-B0858ZG46K	1	https://m.media-amazon.com/images/I/61uuTXKQ+cL._AC_SX466_.jpg
esci-B0859379X7	1	https://m.media-amazon.com/images/I/71muSBwLYyL._AC_SX679_.jpg
esci-B0859T43CM	1	https://m.media-amazon.com/images/I/815C6w7g8RL._AC_SX425_.jpg
esci-B085BK2GSD	1	https://m.media-amazon.com/images/I/61G6wT0MtBL._AC_SY879_.jpg
esci-B085BLR3N1	1	https://m.media-amazon.com/images/I/6136qofn2RL._AC_SX679_.jpg
esci-B085D85V9K	1	https://m.media-amazon.com/images/I/51Xmvu7Q3CL._AC_SX679_.jpg
esci-B085DPG9NG	1	https://m.media-amazon.com/images/I/71jkyi2sf3L._AC_SX679_.jpg
esci-B085G9R6HD	1	https://m.media-amazon.com/images/I/71NVuL+83bL._AC_SX679_.jpg
esci-B085KC6X57	1	https://m.media-amazon.com/images/I/713hfuG0k7L._AC_SX679_.jpg
esci-B085MBLSM5	1	https://m.media-amazon.com/images/I/71LWn9avXGL._AC_SX679_.jpg
esci-B085MGHVB3	1	https://m.media-amazon.com/images/I/61RG152zNmL._AC_SX679_PIbundle-50,TopRight,0,0_SH20_.jpg
esci-B085NHVG5Z	1	https://m.media-amazon.com/images/I/61kfDndN6pL._AC_SX679_PIbundle-8,TopRight,0,0_SH20_.jpg
esci-B085RQXL94	1	https://m.media-amazon.com/images/I/711D8iGcfcL._AC_SX679_.jpg
esci-B085VJ9SSW	1	https://m.media-amazon.com/images/I/71qYCrawm4L._AC_SX679_.jpg
esci-B085Y9Z2F6	1	https://m.media-amazon.com/images/I/71rYgrYmqdL._AC_SX425_PIbundle-50,TopRight,0,0_SH20_.jpg
esci-B085ZT74MC	1	https://m.media-amazon.com/images/I/61RjCNxUfQL._AC_SX679_.jpg
esci-B085ZYCGSF	1	https://m.media-amazon.com/images/I/21IOg-RqJaL._AC_.jpg
esci-B0863NB55Z	1	https://m.media-amazon.com/images/I/71AtgKFxcpL._AC_SY879_.jpg
esci-B0866XHMQB	1	https://m.media-amazon.com/images/I/61xeA42ev9L._AC_SX679_PIbundle-4,TopRight,0,0_SH20_.jpg
esci-B08679X5W2	1	https://m.media-amazon.com/images/I/31axwe9tFVL._AC_.jpg
esci-B086B8747Z	1	https://m.media-amazon.com/images/I/51kOaAajMBL._SX679_.jpg
esci-B086BYYNSZ	1	https://m.media-amazon.com/images/I/81oA0oeFVTL._AC_SX679_.jpg
esci-B086C2681Y	1	https://m.media-amazon.com/images/I/51WsUiGJU3L._AC_SX425_.jpg
esci-B086JL48P1	1	https://m.media-amazon.com/images/I/51knjTpFnkL._AC_SY450_.jpg
esci-B086JLR6FH	1	https://m.media-amazon.com/images/I/51knjTpFnkL._AC_SY450_.jpg
esci-B086L8WTNN	1	https://m.media-amazon.com/images/I/71RjrtceJ+L._AC_SX679_.jpg
esci-B086M946Q4	1	https://m.media-amazon.com/images/I/51B-OOQgtcL._AC_SX425_.jpg
esci-B086SZH1QG	1	https://m.media-amazon.com/images/I/81MHVWkdi8L._SX679_.jpg
esci-B086W7Q1TY	1	https://m.media-amazon.com/images/I/71mIx28NoVL._AC_SX425_.jpg
esci-B086WB2R7J	1	https://m.media-amazon.com/images/I/71tgiIUnZgL._AC_SX679_.jpg
esci-B086WJGGYL	1	https://m.media-amazon.com/images/I/31Q+3KaInsL._SX385_.jpg
esci-B086X5S5G4	1	https://m.media-amazon.com/images/I/71B056RZEPL._AC_SX425_.jpg
esci-B086XGNF7N	1	https://m.media-amazon.com/images/I/81HVj0bBBAL._AC_SX679_.jpg
esci-B086Z3V1C1	1	https://m.media-amazon.com/images/I/51OOQIE20CL._AC_SX679_.jpg
esci-B086Z7KZYH	1	https://m.media-amazon.com/images/I/71iRHPr53AL._AC_SX679_.jpg
esci-B086ZWD5JX	1	https://m.media-amazon.com/images/I/61wX6obBVlL._SX425_.jpg
esci-B0871ZRMSN	1	https://m.media-amazon.com/images/I/41jOrAOKrJL._AC_SX425_.jpg
esci-B0872TDGXC	1	https://m.media-amazon.com/images/I/71PPieLIgEL._AC_SX679_.jpg
esci-B0872V3L8M	1	https://m.media-amazon.com/images/I/71lJ98pm5JL._AC_SX425_.jpg
esci-B087389XXZ	1	https://m.media-amazon.com/images/I/713oolKeDPL._AC_SX679_.jpg
esci-B08738P493	1	https://m.media-amazon.com/images/I/713oolKeDPL._AC_SX385_.jpg
esci-B08746G2XX	1	https://m.media-amazon.com/images/I/51RCxRsf29L._SX385_.jpg
esci-B08749NM1S	1	https://m.media-amazon.com/images/I/71unvPot8CS._AC_SX679_.jpg
esci-B0874CH4RM	1	https://m.media-amazon.com/images/I/81AJz72iq4L._AC_SX679_.jpg
esci-B0874Y5NXR	1	https://m.media-amazon.com/images/G/03/baby/babywishlist/sponsorship2021/Picture_1500X150.jpg
esci-B0875M69XJ	1	https://m.media-amazon.com/images/I/41DeTV2GJlL._AC_SX425_.jpg
esci-B0875TVZD8	1	https://m.media-amazon.com/images/I/716SbILgRtL._AC_SX679_PIbundle-4,TopRight,0,0_SH20_.jpg
esci-B08771WZBY	1	https://m.media-amazon.com/images/I/61Hqgw-3kFL._AC_SX679_.jpg
esci-B087832Y16	1	https://m.media-amazon.com/images/I/71Vnvp6nO1L._AC_SX679_.jpg
esci-B0879DKWJW	1	https://m.media-amazon.com/images/I/718k2fGtI-S._AC_SX425_.jpg
esci-B087BM42LQ	1	https://m.media-amazon.com/images/I/51dMaWLuqkL._AC_SX425_.jpg
esci-B087C2JYJS	1	https://m.media-amazon.com/images/I/61jwvGvO-jL._AC_SX425_.jpg
esci-B087CQT69R	1	https://m.media-amazon.com/images/I/51wPgQdfyQL._AC_SX679_.jpg
esci-B087D8W65K	1	https://m.media-amazon.com/images/I/61Ki7+AAOWL._AC_SX450_PIbundle-20,TopRight,0,0_SH20_.jpg
esci-B087GDP4QW	1	https://m.media-amazon.com/images/I/51yAoVZWbML._AC_SX679_.jpg
esci-B087GKPMVG	1	https://m.media-amazon.com/images/I/61DLTXo3YML._AC_SX425_PIbundle-2,TopRight,0,0_SH20_.jpg
esci-B087HX9BHL	1	https://m.media-amazon.com/images/I/71YD25cIbTL._AC_SX425_.jpg
esci-B087L75SYQ	1	https://m.media-amazon.com/images/I/71V8Gnbuo6L._SX522_.jpg
esci-B087M1QWR3	1	https://m.media-amazon.com/images/I/71jI4HE5k6L._AC_SX425_.jpg
esci-B087NRVW37	1	https://m.media-amazon.com/images/I/81FC11X1HhL._AC_SX679_.jpg
esci-B087Q663CM	1	https://m.media-amazon.com/images/I/81OHZGf4IGL._SX522_.jpg
esci-B087R2MBZJ	1	https://m.media-amazon.com/images/I/61ytANROZGL._AC_SX679_.jpg
esci-B087R6DC97	1	https://m.media-amazon.com/images/I/71OV932lyWL._AC_SX466_PIbundle-38,TopRight,0,0_SH20_.jpg
esci-B087WY4L9R	1	https://m.media-amazon.com/images/I/914AWpwFEGL._AC_SX679_.jpg
esci-B087WZYVNQ	1	https://m.media-amazon.com/images/I/61Pd1SsbrzL._AC_SX425_.jpg
esci-B0882TV6JM	1	https://m.media-amazon.com/images/I/71edwBaKvAL._AC_SX425_PIbundle-50,TopRight,0,0_SH20_.jpg
esci-B088415QPJ	1	https://m.media-amazon.com/images/I/815YrVwfJ1L._SX522_.jpg
esci-B0884JSKKZ	1	https://m.media-amazon.com/images/I/81t85sFcRFL._AC_SX679_.jpg
esci-B0886F8C5R	1	https://m.media-amazon.com/images/I/419R9hyDw9L._AC_SX355_.jpg
esci-B0886G4TT1	1	https://m.media-amazon.com/images/I/41+Ap7mpFIL._AC_SX679_.jpg
esci-B08882W8X7	1	https://m.media-amazon.com/images/I/71oDE6TID2L._SX385_.jpg
esci-B0888351XH	1	https://m.media-amazon.com/images/I/81BUhgsV81L._AC_SX569_.jpg
esci-B088BSCFK8	1	https://m.media-amazon.com/images/I/718OxKWPvcL._AC_SX425_.jpg
esci-B088BZ6QF5	1	https://m.media-amazon.com/images/I/51DWD4h-4JL._AC_SX569_.jpg
esci-B088CMWGWF	1	https://m.media-amazon.com/images/I/61Ygk5cGZPL._AC_SX466_.jpg
esci-B088F1LH7B	1	https://m.media-amazon.com/images/I/61nTIHfnWiL._AC_SX679_.jpg
esci-B088FDPWSN	1	https://m.media-amazon.com/images/I/71OB8Y+n0wL._AC_SX679_.jpg
esci-B088FPHZJJ	1	https://m.media-amazon.com/images/I/51yGzJMqnfL._AC_SX679_.jpg
esci-B088FRL3SK	1	https://m.media-amazon.com/images/I/71GIpGqK5qL._AC_SX425_.jpg
esci-B088JL9G5Q	1	https://m.media-amazon.com/images/I/919SkrUu2HL._AC_SX679_.jpg
esci-B088JPKNHT	1	https://m.media-amazon.com/images/I/61lnQnAFuyL._AC_SX679_.jpg
esci-B088K11GJS	1	https://m.media-amazon.com/images/I/61arZ8seunL._AC_SX679_.jpg
esci-B088K5WFBS	1	https://m.media-amazon.com/images/I/61UiXeEkApL._AC_SX425_.jpg
esci-B088L99Y7Y	1	https://m.media-amazon.com/images/I/61cUhEPpugL._SY500_.jpg
esci-B088M1QFS6	1	https://m.media-amazon.com/images/I/71XeU5Lw-YL._SX522_.jpg
esci-B088NGYT9T	1	https://m.media-amazon.com/images/I/61gv35BJ6ZL._AC_SX679_.jpg
esci-B088P928P1	1	https://m.media-amazon.com/images/I/61TJTajmo7L._SX466_.jpg
esci-B088TPB6XJ	1	https://m.media-amazon.com/images/I/61Zw3myH+OL._AC_SX679_.jpg
esci-B088VKCJ6K	1	https://m.media-amazon.com/images/I/41t-wtotKqL._AC_SX679_PIbundle-2,TopRight,0,0_SH20_.jpg
esci-B088W1SS9P	1	https://m.media-amazon.com/images/I/81Nw-OnglJL._AC_SX425_PIbundle-50,TopRight,0,0_SH20_.jpg
esci-B088WWR6MC	1	https://m.media-amazon.com/images/I/51Pg5oBYwRL._AC_SX425_PIbundle-20,TopRight,0,0_SH20_.jpg
esci-B088ZYPNPV	1	https://m.media-amazon.com/images/I/71q4iY+FnBL._SX522_.jpg
esci-B0891QBMBP	1	https://m.media-amazon.com/images/I/71RzB26vPxL._AC_SX679_.jpg
esci-B0891QP41T	1	https://m.media-amazon.com/images/I/41ju18-rQPL._SX522_.jpg
esci-B0891ZJH3Y	1	https://m.media-amazon.com/images/I/712PSokZkdL._AC_SX679_.jpg
esci-B0895QVCYC	1	https://m.media-amazon.com/images/I/61ybRiR3ukL._AC_SX425_.jpg
esci-B0895Z7BZY	1	https://m.media-amazon.com/images/I/41kp-KMuEuL._AC_SY450_.jpg
esci-B0897BPMMZ	1	https://m.media-amazon.com/images/I/91pmOTv8VtL._AC_SX679_.jpg
esci-B0897FLQBV	1	https://m.media-amazon.com/images/I/61wpzWpeo1L._SX679_.jpg
esci-B089CJQDVS	1	https://m.media-amazon.com/images/I/71LXyRHBv1L._AC_SX679_.jpg
esci-B089CXZMB4	1	https://m.media-amazon.com/images/I/61HYNzJ-XAL._AC_SX679_.jpg
esci-B089GN66BH	1	https://m.media-amazon.com/images/I/61q2Un-gheL._AC_SX679_.jpg
esci-B089GND2HV	1	https://m.media-amazon.com/images/I/51JsKL3PMJL._AC_SX679_.jpg
esci-B089K1HS2W	1	https://m.media-amazon.com/images/I/61WBzs+uQgL._AC_SX679_.jpg
esci-B089KTZR4J	1	https://m.media-amazon.com/images/I/71XUYV32HQL._AC_SX679_.jpg
esci-B089PR3BST	1	https://m.media-amazon.com/images/I/51THnHmiPpL._AC_SX425_.jpg
esci-B089R85GPH	1	https://m.media-amazon.com/images/I/61hGa+x7U1L._AC_SX425_.jpg
esci-B089YTNQTZ	1	https://m.media-amazon.com/images/I/61QXdZ+D+4L._AC_SX385_.jpg
esci-B08B11H36N	1	https://m.media-amazon.com/images/I/71jopgSI4dL._AC_SX679_.jpg
esci-B08B4722W4	1	https://m.media-amazon.com/images/I/71W1fjscOKL._AC_SX679_.jpg
esci-B08B4LQTDL	1	https://m.media-amazon.com/images/I/61rqKwCZHzL._SX522_.jpg
esci-B08B5WSVDF	1	https://m.media-amazon.com/images/I/61v65JFqsxL._AC_SX679_.jpg
esci-B08B5XG8DB	1	https://m.media-amazon.com/images/I/61Du9kaO9NL._AC_SX425_.jpg
esci-B08BBC3MJ4	1	https://m.media-amazon.com/images/I/61M+GqHWPsL._AC_SX425_.jpg
esci-B08BCK2XP9	1	https://m.media-amazon.com/images/I/51X4M1cveKL._AC_SX425_.jpg
esci-B08BCPCYX3	1	https://m.media-amazon.com/images/I/61yCfIg4v-L._AC_SX679_.jpg
esci-B08BCQXZY8	1	https://m.media-amazon.com/images/I/61-BUkXCO+L._AC_SX425_.jpg
esci-B08BFY226M	1	https://m.media-amazon.com/images/I/71McxwaQdYL._AC_SX679_PIbundle-20,TopRight,0,0_SH20_.jpg
esci-B08BHL15LL	1	https://m.media-amazon.com/images/I/619Jh1dRksL._AC_SX385_.jpg
esci-B08BJ2G2X6	1	https://m.media-amazon.com/images/I/71ValM3b5cL._SX522_.jpg
esci-B08BJ7S8L5	1	https://m.media-amazon.com/images/I/81FC11X1HhL._AC_SX679_.jpg
esci-B08BLF4SBZ	1	https://m.media-amazon.com/images/I/81crc0n0z1L._AC_SX679_.jpg
esci-B08BQL1QHN	1	https://m.media-amazon.com/images/I/81rbtJ699WL._AC_SX679_PIbundle-50,TopRight,0,0_SH20_.jpg
esci-B08BYTKLC9	1	https://m.media-amazon.com/images/I/61CNSkYTIQL._AC_SX679_.jpg
esci-B08BZ8PHHM	1	https://m.media-amazon.com/images/I/61VtPMHifLL._AC_SX569_.jpg
esci-B08BZH9PHY	1	https://m.media-amazon.com/images/I/61XWuhFAEzL._AC_SX425_.jpg
esci-B08BZPG7ZM	1	https://m.media-amazon.com/images/I/61pzFYOyGHS._AC_SX679_.jpg
esci-B08BZTPMW1	1	https://m.media-amazon.com/images/I/714aM23IzoL._AC_SX425_.jpg
esci-B08C26VB9M	1	https://m.media-amazon.com/images/I/61lETs9I1PL._AC_SX425_.jpg
esci-B08C2JN26S	1	https://m.media-amazon.com/images/I/61oQBbu-t9S._AC_SX425_.jpg
esci-B08C34VY4L	1	https://m.media-amazon.com/images/I/31vFcLNDdzL._AC_.jpg
esci-B08C568DSX	1	https://m.media-amazon.com/images/I/61kZFJ30gaL._AC_SX679_.jpg
esci-B08C6GQKQW	1	https://m.media-amazon.com/images/I/41xuXU0-TSL._AC_SX385_.jpg
esci-B08C7J7LDS	1	https://m.media-amazon.com/images/I/61ZqpzFuO1L._SX679_.jpg
esci-B08C7YV4DC	1	https://m.media-amazon.com/images/I/51RaKSlO-jL._SX385_.jpg
esci-B08C9RNNCP	1	https://m.media-amazon.com/images/I/71G2LN7qHdL._AC_SX425_.jpg
esci-B08C9YGBS2	1	https://m.media-amazon.com/images/I/71-XA3Oku7L._AC_SX425_.jpg
esci-B08CC1T7P8	1	https://m.media-amazon.com/images/I/81V-lZttLjL._AC_SX679_.jpg
esci-B08CC37BH7	1	https://m.media-amazon.com/images/I/61g8uqmPC4L._AC_SX425_.jpg
esci-B08CCL8SC8	1	https://m.media-amazon.com/images/I/51BLigE+m3L._AC_SX679_.jpg
esci-B08CD99PWL	1	https://m.media-amazon.com/images/I/814TGHjWSnL._SX522_.jpg
esci-B08CDNVY2S	1	https://m.media-amazon.com/images/I/91w0rcJS+nL._AC_SX679_.jpg
esci-B08CKGCRWS	1	https://m.media-amazon.com/images/I/71NIK04tcqL._AC_SX679_.jpg
esci-B08CR757TT	1	https://m.media-amazon.com/images/I/71Rtd9eyqRL._SX522_.jpg
esci-B08CRSYCQS	1	https://m.media-amazon.com/images/I/81UaeieiRZL._SX522_.jpg
esci-B08CS5MRVL	1	https://m.media-amazon.com/images/I/61YJl9RMGEL._SX385_.jpg
esci-B08CTHF7JZ	1	https://m.media-amazon.com/images/I/51kMHh4Dl6L._AC_SX425_.jpg
esci-B08CX9NDS5	1	https://m.media-amazon.com/images/I/61y5Tk09YSL._AC_SX679_.jpg
esci-B08CXCHFYC	1	https://m.media-amazon.com/images/I/61Gf-1RhP2L._AC_SX385_PIbundle-2,TopRight,0,0_SH20_.jpg
esci-B08CXFBK41	1	https://m.media-amazon.com/images/I/71LLEw0MVrL._AC_SX679_.jpg
esci-B08CXXKKW5	1	https://m.media-amazon.com/images/I/51f13uCPJxL._AC_SX425_.jpg
esci-B08CZB92Z3	1	https://m.media-amazon.com/images/I/71YGCZM7n-L._AC_SX679_.jpg
esci-B08D3X9ZTB	1	https://m.media-amazon.com/images/I/51kbECj3HCL._AC_SX522_.jpg
esci-B08D6LC8DR	1	https://m.media-amazon.com/images/I/71cpF-6NL5L._AC_SX425_.jpg
esci-B08D91PRJX	1	https://m.media-amazon.com/images/I/71orzvwf--L._AC_SX679_.jpg
esci-B08D9SQ4N8	1	https://m.media-amazon.com/images/I/81LAv1G4xZL._SX522_.jpg
esci-B08DDCV7FD	1	https://m.media-amazon.com/images/I/51IkSi5HDEL._AC_SX679_.jpg
esci-B08DG3QM86	1	https://m.media-amazon.com/images/I/71VSUVjh4iL._AC_SX679_.jpg
esci-B08DHKF8MJ	1	https://m.media-amazon.com/images/I/61H2kU3UDBL._AC_SX679_.jpg
esci-B08DJ2W7SC	1	https://m.media-amazon.com/images/I/71OsFm9b+UL._AC_SX385_.jpg
esci-B08DK1Q57V	1	https://m.media-amazon.com/images/I/71t5UeV0peL._AC_SX679_.jpg
esci-B08DKP7GLT	1	https://m.media-amazon.com/images/I/6129MHsUpvL._AC_SX425_.jpg
esci-B08DRQ79LH	1	https://m.media-amazon.com/images/I/815wosPRNBL._AC_SX679_.jpg
esci-B08DXD8LSR	1	https://m.media-amazon.com/images/I/61+Kcb+xRoL._AC_SX425_.jpg
esci-B08F3FFR1C	1	https://m.media-amazon.com/images/I/81+w1j3FzrL._AC_SX679_.jpg
esci-B08F9C8G5L	1	https://m.media-amazon.com/images/I/61lkg1u-LaL._AC_SX679_.jpg
esci-B08FCDN1J6	1	https://m.media-amazon.com/images/I/71WGR1t2BtL._SX522_.jpg
esci-B08FCF6VTJ	1	https://m.media-amazon.com/images/I/61uOmphXXxL._AC_SX679_.jpg
esci-B08FCGGW6S	1	https://m.media-amazon.com/images/I/71nCBuY9eWL._AC_SX679_.jpg
esci-B08FG4JWF1	1	https://m.media-amazon.com/images/I/815-fdDGPCL._AC_SX679_.jpg
esci-B08FJ24265	1	https://m.media-amazon.com/images/I/615bnowOD5L._AC_SX425_.jpg
esci-B08FMLMX4V	1	https://m.media-amazon.com/images/I/61VBxQvWeAL._AC_SX679_.jpg
esci-B08FRMJ9LK	1	https://m.media-amazon.com/images/I/7127y0+wPqL._AC_SX425_.jpg
esci-B08FSVTP2J	1	https://m.media-amazon.com/images/I/517mc2mDhNL._AC_SX425_.jpg
esci-B08FT6GSQS	1	https://m.media-amazon.com/images/I/31zt67jCwIL._AC_.jpg
esci-B08FX7JXF5	1	https://m.media-amazon.com/images/I/61ioqZuHdfL._SX522_.jpg
esci-B08FYKWQZK	1	https://m.media-amazon.com/images/I/61InJ2rzDeL._AC_SX425_.jpg
esci-B08G15T97K	1	https://m.media-amazon.com/images/I/61weXOjRmSL._AC_SX425_.jpg
esci-B08G1CPGZJ	1	https://m.media-amazon.com/images/I/81kV7QDdG1S._AC_SX425_.jpg
esci-B08GFSR5KB	1	https://m.media-amazon.com/images/I/81dVAr5FgQL._AC_SX425_.jpg
esci-B08GKF4YVR	1	https://m.media-amazon.com/images/I/61RJ4byfxAL._SX385_.jpg
esci-B08GL9F23T	1	https://m.media-amazon.com/images/I/81OTfi676QL._AC_SX425_.jpg
esci-B08GPJK8TZ	1	https://m.media-amazon.com/images/I/61K-+Qst4PL._AC_SX385_.jpg
esci-B08GQ3RBM1	1	https://m.media-amazon.com/images/I/71yq9MN6PfL._AC_SX425_.jpg
esci-B08GX6BYMW	1	https://m.media-amazon.com/images/I/617R+RTHfgL._AC_SX679_.jpg
esci-B08H1VVJX8	1	https://m.media-amazon.com/images/I/61fr-wy5ukL._AC_SX679_.jpg
esci-B08H75X3GC	1	https://m.media-amazon.com/images/I/51HUB1yhAnL._AC_SX679_.jpg
esci-B08H861Y67	1	https://m.media-amazon.com/images/I/81+d501mICL._AC_SX679_.jpg
esci-B08HC9C42C	1	https://m.media-amazon.com/images/I/71FZeRVs0rL._AC_SX425_.jpg
esci-B08HQHNJW7	1	https://m.media-amazon.com/images/I/81WzI7oYxjL._AC_SX679_.jpg
esci-B08HQHNTSG	1	https://m.media-amazon.com/images/I/61ZdMuXFaaL._AC_SX425_.jpg
esci-B08HQKDQKF	1	https://m.media-amazon.com/images/I/51be7BeA+8L._AC_SX425_.jpg
esci-B08HV4G8K2	1	https://m.media-amazon.com/images/I/61iyWmeEAIL._AC_SX425_.jpg
esci-B08HVCYXV5	1	https://m.media-amazon.com/images/I/61mTjlm0dlL._AC_SX385_PIbundle-3,TopRight,0,0_SH20_.jpg
esci-B08HY2W9F1	1	https://m.media-amazon.com/images/I/61lf2QsEL2L._SX385_.jpg
esci-B08J1THV9G	1	https://m.media-amazon.com/images/I/71mBCdI1LML._SX385_.jpg
esci-B08J5T342L	1	https://m.media-amazon.com/images/I/31vBhkCC4CL._AC_.jpg
esci-B08J7X9CWZ	1	https://m.media-amazon.com/images/I/71LuCrfH-AS._AC_SX679_.jpg
esci-B08J816VJG	1	https://m.media-amazon.com/images/I/81u7hUqIp2L._AC_SX679_PIbundle-100,TopRight,0,0_SH20_.jpg
esci-B08JCJ7LD6	1	https://m.media-amazon.com/images/I/81elqDoBQIL._AC_SX679_.jpg
esci-B08JCZDTKZ	1	https://m.media-amazon.com/images/I/81cK1FflDZL._AC_SX679_.jpg
esci-B08JG9J1BY	1	https://m.media-amazon.com/images/I/611ENr5tnmL._AC_SX679_.jpg
esci-B08JMD69N3	1	https://m.media-amazon.com/images/I/61z+9cHo6JL._AC_SX385_.jpg
esci-B08JQN25FR	1	https://m.media-amazon.com/images/I/71p82xmgl3L._SX385_.jpg
esci-B08JRD37MV	1	https://m.media-amazon.com/images/I/71osjdU0GsL._SX385_.jpg
esci-B08JRXGP45	1	https://m.media-amazon.com/images/I/61tPtx--p8L._AC_SX522_.jpg
esci-B08JTMW9PH	1	https://m.media-amazon.com/images/I/81fPOjAeHeL._AC_SX466_.jpg
esci-B08JVCLQWG	1	https://m.media-amazon.com/images/I/51QlvyulJPL._AC_SX679_.jpg
esci-B08JZL41H8	1	https://m.media-amazon.com/images/I/51ydrp+zL8S._SX679_.jpg
esci-B08K2P4YY7	1	https://m.media-amazon.com/images/I/61aSGIKf35L._AC_SX679_.jpg
esci-B08K43TPD8	1	https://m.media-amazon.com/images/I/71Ebl+hvFbL._AC_SX679_.jpg
esci-B08K4M7NDX	1	https://m.media-amazon.com/images/I/71JqStChgfL._AC_SX385_PIbundle-2,TopRight,0,0_SH20_.jpg
esci-B08K6V36T7	1	https://m.media-amazon.com/images/I/61rHRzL8oiL._AC_SX425_.jpg
esci-B08K7MSY4Y	1	https://m.media-amazon.com/images/I/61a101WBRUS._AC_SX425_.jpg
esci-B08KD72RW6	1	https://m.media-amazon.com/images/I/81KGqPfcRAL._AC_SX569_.jpg
esci-B08KF62W6F	1	https://m.media-amazon.com/images/I/81VeMY7Vq1L._AC_SX679_.jpg
esci-B08KFNNJF5	1	https://m.media-amazon.com/images/I/513IU-yNZ-L._AC_SX425_.jpg
esci-B08KHV1BWB	1	https://m.media-amazon.com/images/I/5119HbtewxL._AC_SX679_.jpg
esci-B08KWDV1WX	1	https://m.media-amazon.com/images/I/51FTidZR8fL._AC_SX679_.jpg
esci-B08KWPNBJ9	1	https://m.media-amazon.com/images/I/51g6nXLz6mL._AC_SX425_.jpg
esci-B08KZJBB6V	1	https://m.media-amazon.com/images/I/71mnmDiWf6L._AC_SX425_.jpg
esci-B08L4PQRJP	1	https://m.media-amazon.com/images/I/61-5TViccYL._AC_SX679_.jpg
esci-B08L4RJN5Q	1	https://m.media-amazon.com/images/I/61GRDFm-hBL._AC_SX679_.jpg
esci-B08L4TTHML	1	https://m.media-amazon.com/images/I/71gPVQcXUTL._AC_SX425_.jpg
esci-B08L4ZZZCD	1	https://m.media-amazon.com/images/I/61VJao0+Q5L._AC_SX679_.jpg
esci-B08L51FKKG	1	https://m.media-amazon.com/images/I/61adH+Ass2L._AC_SX679_.jpg
esci-B08L66BT5N	1	https://m.media-amazon.com/images/I/714QWIRw1lL._AC_SX425_.jpg
esci-B08L8CGXVD	1	https://m.media-amazon.com/images/I/61MeIayc8hL._AC_SX425_.jpg
esci-B08L92R3VF	1	https://m.media-amazon.com/images/I/71EbGZGkrGL._SX385_.jpg
esci-B08LHDYTPG	1	https://m.media-amazon.com/images/I/61n4zMEPgfL._AC_SX679_PIbundle-3,TopRight,0,0_SH20_.jpg
esci-B08LMXQ22V	1	https://m.media-amazon.com/images/I/81KyS6CsUOL._AC_SX679_.jpg
esci-B08LNC2J77	1	https://m.media-amazon.com/images/I/71xTl9+UBlL._AC_SX425_.jpg
esci-B08LPM44QC	1	https://m.media-amazon.com/images/I/71aXxhycjqL._AC_SX425_PIbundle-60,TopRight,0,0_SH20_.jpg
esci-B08LVBZW36	1	https://m.media-amazon.com/images/I/61BFgU5j9BL._AC_SX679_.jpg
esci-B08LVP3FY1	1	https://m.media-amazon.com/images/I/71j4NPOC+0L._AC_SX385_PIbundle-2,TopRight,0,0_SH20_.jpg
esci-B08LZZN5QZ	1	https://m.media-amazon.com/images/I/61kdQVlic+L._SX522_.jpg
esci-B08M4CPZCM	1	https://m.media-amazon.com/images/I/81i3ez9sNeL._AC_UX385_.jpg
esci-B08M5JRZFB	1	https://m.media-amazon.com/images/I/5187YZSF+UL._AC_SX425_.jpg
esci-B08M619BDN	1	https://m.media-amazon.com/images/I/71q7K0O86fL._AC_SX425_.jpg
esci-B08M6DC4BG	1	https://m.media-amazon.com/images/I/516aGscXQnL._AC_SX679_.jpg
esci-B08M6GWRGL	1	https://m.media-amazon.com/images/I/71zCT3uf+TL._SX385_.jpg
esci-B08M8XTSQP	1	https://m.media-amazon.com/images/I/615EjfKVNNL._AC_SX385_.jpg
esci-B08M9H6RZG	1	https://m.media-amazon.com/images/I/61uBMAnlPxL._AC_SX385_.jpg
esci-B08ML1MZNC	1	https://m.media-amazon.com/images/I/612jDEqxCNL._AC_SX679_.jpg
esci-B08MPZ9BLN	1	https://m.media-amazon.com/images/I/71QkQ7OCtXL._AC_SX425_.jpg
esci-B08MQ4CLZB	1	https://m.media-amazon.com/images/I/61N5xYfJcjL._AC_SX385_.jpg
esci-B08MVKQKYL	1	https://m.media-amazon.com/images/I/71f42LKBCNL._AC_SX569_.jpg
esci-B08MYY7RZZ	1	https://m.media-amazon.com/images/I/71gdeGsBvQL._AC_SX679_.jpg
esci-B08MZTZY57	1	https://m.media-amazon.com/images/I/719wouP3RZL._AC_SX679_.jpg
esci-B08N4Q3NV2	1	https://m.media-amazon.com/images/I/61AOg4ishXL._AC_SX385_PIbundle-2,TopRight,0,0_SH20_.jpg
esci-B08N4QRXT9	1	https://m.media-amazon.com/images/I/61qAqDh5opL._AC_SX679_.jpg
esci-B08N9VLZH6	1	https://m.media-amazon.com/images/I/71Jgb-WQFtL._AC_SX679_.jpg
esci-B08NDQJ4PC	1	https://m.media-amazon.com/images/I/61iiRda6buL._AC_SX679_.jpg
esci-B08NFB8GQZ	1	https://m.media-amazon.com/images/I/712MX76Xo9L._AC_SX679_.jpg
esci-B08NGHXJSK	1	https://m.media-amazon.com/images/I/61q93knYfJL._AC_SX679_.jpg
esci-B08NP54CSJ	1	https://m.media-amazon.com/images/I/51VxHYmHPcL._AC_SX679_.jpg
esci-B08NPKVCJG	1	https://m.media-amazon.com/images/I/71EDfhHvR6L._SX425_.jpg
esci-B08NPR7WF2	1	https://m.media-amazon.com/images/I/71aFDV6dFxL._SX385_.jpg
esci-B08NPSB6W2	1	https://m.media-amazon.com/images/I/71Inz8iVTfL._SX385_.jpg
esci-B08NPSFTLR	1	https://m.media-amazon.com/images/I/71tojWMwUNL._SX425_.jpg
esci-B08NPXHRL2	1	https://m.media-amazon.com/images/I/71z944q8CLL._SX425_.jpg
esci-B08NSFRQXR	1	https://m.media-amazon.com/images/I/61DxgtqEXAL._AC_SX522_.jpg
esci-B08NTD3YLT	1	https://m.media-amazon.com/images/I/71MEF7GiIPL._AC_SX425_.jpg
esci-B08NVDFB3R	1	https://m.media-amazon.com/images/I/61hMK5MhAsL._SX385_.jpg
esci-B08NVPSNGF	1	https://m.media-amazon.com/images/I/71lJH0Nj73L._AC_SX425_.jpg
esci-B08NW6JHRH	1	https://m.media-amazon.com/images/I/51p95jbiGUL._AC_SX679_.jpg
esci-B08NX4FZFB	1	https://m.media-amazon.com/images/I/61kz7TkI9mL._AC_SX425_.jpg
esci-B08NX6FW9F	1	https://m.media-amazon.com/images/I/7109sr4bMRL._AC_SX425_.jpg
esci-B08NX8SC6G	1	https://m.media-amazon.com/images/I/61c4BNjMgxL._SX385_.jpg
esci-B08P2DM2TW	1	https://m.media-amazon.com/images/I/41x-5Cxv2dL._AC_SY450_.jpg
esci-B08P31KSYP	1	https://m.media-amazon.com/images/I/61ScI5I+BuL._AC_SX679_.jpg
esci-B08P3LNTP6	1	https://m.media-amazon.com/images/I/61ISW5HM9XL._SX385_.jpg
esci-B08P4V42HP	1	https://m.media-amazon.com/images/I/71TRNpfbe1S._AC_SX425_.jpg
esci-B08P5PSXVK	1	https://m.media-amazon.com/images/I/71UMOn4Q9IL._AC_SX679_.jpg
esci-B08PBMZH4H	1	https://m.media-amazon.com/images/I/6128tKcGXAL._AC_SX425_.jpg
esci-B08PFCY477	1	https://m.media-amazon.com/images/I/71IWKIT+1xL._AC_SX425_PIbundle-20,TopRight,0,0_SH20_.jpg
esci-B08PFLNJHR	1	https://m.media-amazon.com/images/I/61Cl6sQvqtL._AC_SX679_.jpg
esci-B08PMTQ1DR	1	https://m.media-amazon.com/images/I/31f2W3lwemL._AC_.jpg
esci-B08PP2NTMC	1	https://m.media-amazon.com/images/I/61D0ZXstpTL._AC_SX679_.jpg
esci-B08PQLMBFZ	1	https://m.media-amazon.com/images/I/61ICFlTzWNL._AC_SX425_.jpg
esci-B08PSM3DN3	1	https://m.media-amazon.com/images/I/51KYymRDydL._AC_SX679_.jpg
esci-B08PVBX1TS	1	https://m.media-amazon.com/images/I/81OeeS0ZaCL._SX385_.jpg
esci-B08Q7QW5H4	1	https://m.media-amazon.com/images/I/71r1a3eS+NL._AC_SX425_.jpg
esci-B08Q8197RF	1	https://m.media-amazon.com/images/I/71GoK16u-wL._AC_SX679_PIbundle-16,TopRight,0,0_SH20_.jpg
esci-B08Q8HKCTW	1	https://m.media-amazon.com/images/I/71oZVbomWmL._AC_SX425_PIbundle-50,TopRight,0,0_SH20_.jpg
esci-B08Q8MTTKJ	1	https://m.media-amazon.com/images/I/713NUHvjeuL._AC_SX425_PIbundle-50,TopRight,0,0_SH20_.jpg
esci-B08QJ6WZ64	1	https://m.media-amazon.com/images/I/71n39rcwjNL._AC_SX679_PIbundle-4,TopRight,0,0_SH20_.jpg
esci-B08QJS8MV8	1	https://m.media-amazon.com/images/I/61EwuMmUphL._AC_SX679_.jpg
esci-B08QN5HGKD	1	https://m.media-amazon.com/images/I/612pzmJtUmL._AC_SX679_.jpg
esci-B08QN63LFS	1	https://m.media-amazon.com/images/I/61ovyJzJGfL._AC_SX385_.jpg
esci-B08QTRV2QF	1	https://m.media-amazon.com/images/I/71eDacFJUyL._AC_SX466_.jpg
esci-B08QTX78PT	1	https://m.media-amazon.com/images/I/81Rg70+A2JL._AC_SX679_.jpg
esci-B08QV9TQL2	1	https://m.media-amazon.com/images/I/71CmQ9IidXL._AC_SX425_.jpg
esci-B08QVP4QY6	1	https://m.media-amazon.com/images/I/71IVWMhvRNL._AC_SX679_.jpg
esci-B08QYJMJQ3	1	https://m.media-amazon.com/images/I/71TN1iKEI1L._AC_SX679_.jpg
esci-B08R7JG2F4	1	https://m.media-amazon.com/images/I/81B4WvIdkPL._AC_SX679_.jpg
esci-B08R82TCXB	1	https://m.media-amazon.com/images/I/71DrAi8AT8L._AC_SX425_.jpg
esci-B08R8D6D7C	1	https://m.media-amazon.com/images/I/71ltSLtH3QL._AC_SX679_.jpg
esci-B08R8D8WPG	1	https://m.media-amazon.com/images/I/71d9AIwwJoL._AC_SX679_.jpg
esci-B08R9MRRZD	1	https://m.media-amazon.com/images/I/715SZuvnoqL._SX385_.jpg
esci-B08RJHKFS9	1	https://m.media-amazon.com/images/I/81ljntZgFmL._AC_SX425_.jpg
esci-B08RNF7T8P	1	https://m.media-amazon.com/images/I/713jVEksZ0L._SX385_.jpg
esci-B08RRP3292	1	https://m.media-amazon.com/images/I/71JzcAnFDtL._SX385_.jpg
esci-B08RYSZ3QC	1	https://m.media-amazon.com/images/I/81oLn7i9AzL._AC_SX679_.jpg
esci-B08SK2DSNK	1	https://m.media-amazon.com/images/I/61rjFOMRefS._SX522_.jpg
esci-B08SLSMSDB	1	https://m.media-amazon.com/images/I/61zeX5+sHeL._AC_SX425_.jpg
esci-B08SQT5GWY	1	https://m.media-amazon.com/images/I/81iWqKnFz7L._AC_SX385_PIbundle-2,TopRight,0,0_SH20_.jpg
esci-B08T1YGG9K	1	https://m.media-amazon.com/images/I/611BK+G12hL._AC_SX425_.jpg
esci-B08T3V9F8K	1	https://m.media-amazon.com/images/I/71Ok75KzZcL._AC_SX679_.jpg
esci-B08T3VZR9Z	1	https://m.media-amazon.com/images/I/71Ln1tm4YqL.__AC_SX300_SY300_QL70_FMwebp_.jpg
esci-B08T5NCZ15	1	https://m.media-amazon.com/images/I/71KeQgsGaNL._AC_SX679_.jpg
esci-B08TBCL5GH	1	https://m.media-amazon.com/images/I/51HP0qK40HL._AC_SX425_.jpg
esci-B08TMBL7FW	1	https://m.media-amazon.com/images/I/61aiXeN25qL._AC_SX679_.jpg
esci-B08TMLDRTT	1	https://m.media-amazon.com/images/I/81+TqXNCW+L._AC_SX679_.jpg
esci-B08TT5BXLM	1	https://m.media-amazon.com/images/I/813HfcsUi-S._SX385_.jpg
esci-B08TTVB8KD	1	https://m.media-amazon.com/images/I/81mNwnRGYcL._AC_SX385_.jpg
esci-B08TW63FY2	1	https://m.media-amazon.com/images/I/81ZMsdQFS2L._AC_SX425_.jpg
esci-B08TWC3H36	1	https://m.media-amazon.com/images/I/61YhcrlwH-L._AC_SX425_.jpg
esci-B08V51HLD7	1	https://m.media-amazon.com/images/I/6142KxlyaTL._AC_SX679_.jpg
esci-B08V8M6ZYG	1	https://m.media-amazon.com/images/I/61sZ7nfTASL._SX385_.jpg
esci-B08VDKC1KG	1	https://m.media-amazon.com/images/I/614ZS3lfU+L._AC_SX425_.jpg
esci-B08VJ7PTQ7	1	https://m.media-amazon.com/images/I/71Cul7-oaEL._SX522_.jpg
esci-B08VNNV8CV	1	https://m.media-amazon.com/images/I/511zo9TrVBL._AC_SX679_.jpg
esci-B08VNRJ9KP	1	https://m.media-amazon.com/images/I/81Mud0rJrrL._AC_SX425_.jpg
esci-B08VRSJBJQ	1	https://images-cn.ssl-images-amazon.cn/images/I/11RGjrCdvsL._AC_.gif
esci-B08VVMMKPB	1	https://m.media-amazon.com/images/I/71bIH-suGaL._SX385_.jpg
esci-B08W42CWZN	1	https://m.media-amazon.com/images/I/71aQLHqxtqL._SX522_.jpg
esci-B08W52CN9J	1	https://m.media-amazon.com/images/I/713ZM9GmwZS._AC_SX425_PIbundle-20,TopRight,0,0_SH20_.jpg
esci-B08WZ5FWJ4	1	https://m.media-amazon.com/images/I/41MFdfr4EtL._AC_SX679_.jpg
esci-B08X4BZ8SR	1	https://m.media-amazon.com/images/I/81Cg5eMd--L._AC_SX425_.jpg
esci-B08X4DJQ4Q	1	https://m.media-amazon.com/images/I/91jHLCPTEqS._AC_SX425_.jpg
esci-B08X4FMWJ4	1	https://m.media-amazon.com/images/I/619mgXcWVlL._AC_SX425_.jpg
esci-B08X6PCMC6	1	https://m.media-amazon.com/images/I/51n+7TtfclL._AC_SX679_.jpg
esci-B08X6ZZKP8	1	https://m.media-amazon.com/images/I/61969t8+1dL._AC_SX679_.jpg
esci-B08XJXDDS9	1	https://m.media-amazon.com/images/I/71GwuqL3uAL._AC_SX342_.jpg
esci-B08XLQXR5H	1	https://m.media-amazon.com/images/I/71b02BBb+NL._AC_SX425_.jpg
esci-B08XQ9H7YC	1	https://m.media-amazon.com/images/I/91tKIzbG5iS._AC_SX679_.jpg
esci-B08XWJYHXF	1	https://m.media-amazon.com/images/I/81W4W2EKBZL._AC_SX425_.jpg
esci-B08XWS1YW2	1	https://m.media-amazon.com/images/I/71XCUEf-62L._AC_SX679_.jpg
esci-B08XWXK32N	1	https://m.media-amazon.com/images/I/71Q74YSDXaL._AC_SX679_.jpg
esci-B08XXM3X4J	1	https://m.media-amazon.com/images/I/81Ep9zYAi9L._AC_SX425_.jpg
esci-B08XZMWJZ2	1	https://m.media-amazon.com/images/I/81XsKpp1lpL._AC_SX385_.jpg
esci-B08Y1JYB99	1	https://m.media-amazon.com/images/I/71DePc3iAhL._AC_SX679_.jpg
esci-B08Y5YFSZN	1	https://m.media-amazon.com/images/I/71UBHlvBFxL._AC_SX679_.jpg
esci-B08Y7X3W4R	1	https://m.media-amazon.com/images/I/41lGCewK8yL.jpg
esci-B08Y8P7HL1	1	https://m.media-amazon.com/images/I/81QllUUla1L._AC_SX679_.jpg
esci-B08YCYV3CQ	1	https://m.media-amazon.com/images/I/61oQBbu-t9S._AC_SX425_.jpg
esci-B08YDL7WPW	1	https://m.media-amazon.com/images/I/61oQBbu-t9S._AC_SX425_.jpg
esci-B08YHD4XBR	1	https://m.media-amazon.com/images/I/71lzkE5GKJS._AC_SX385_.jpg
esci-B08YNDWTQ7	1	https://m.media-amazon.com/images/I/71CZIEzSogL._AC_SX522_.jpg
esci-B08YRBPCM9	1	https://m.media-amazon.com/images/I/61HIsKN4BAL._AC_SX679_.jpg
esci-B08YS4958R	1	https://m.media-amazon.com/images/I/7158+abPblS._SX385_.jpg
esci-B08YWKWKMH	1	https://m.media-amazon.com/images/I/51A1peOCv5S._AC_SX425_.jpg
esci-B08YWXPH8J	1	https://m.media-amazon.com/images/I/51Ty52emGrS._AC_SX425_.jpg
esci-B08YX17GWX	1	https://m.media-amazon.com/images/I/71DpFb8cOjL._AC_SX679_.jpg
esci-B08YYGF3RW	1	https://m.media-amazon.com/images/I/61-ZAee7uKS._AC_SX679_.jpg
esci-B08ZCL4VD3	1	https://m.media-amazon.com/images/I/71X3QDFfAmL._AC_SX679_.jpg
esci-B08ZK6CNMD	1	https://m.media-amazon.com/images/I/71RFQpjUyjS._AC_SX522_.jpg
esci-B08ZN3LT5Y	1	https://m.media-amazon.com/images/I/81VK2D0jDqS._AC_SX522_.jpg
esci-B08ZY2YVTM	1	https://m.media-amazon.com/images/I/71My3PB9JHL._SX522_.jpg
esci-B0917TVZGD	1	https://m.media-amazon.com/images/I/51w8w2UHYPL._SX522_.jpg
esci-B0919F8GVB	1	https://m.media-amazon.com/images/I/71kaG7Ja-5S._SX522_.jpg
esci-B0919GDYN2	1	https://m.media-amazon.com/images/I/716+e2dX-8L._AC_SX679_.jpg
esci-B091DRVVKJ	1	https://m.media-amazon.com/images/I/51b6yjNW+6L._SX522_.jpg
esci-B091Q73JD5	1	https://m.media-amazon.com/images/I/61KEboKlp0L._AC_SX425_.jpg
esci-B091TGWH67	1	https://m.media-amazon.com/images/I/81slEeGb9zL._AC_SX425_.jpg
esci-B091TN31PQ	1	https://m.media-amazon.com/images/I/61lEYd2j1hL._AC_SX679_.jpg
esci-B091Y3BJ9V	1	https://m.media-amazon.com/images/I/51712SPDZWS._AC_SX385_.jpg
esci-B091YHSB3F	1	https://m.media-amazon.com/images/I/813r1P-4ucL._AC_SX679_.jpg
esci-B0922CKKG7	1	https://m.media-amazon.com/images/I/51hRClbqPsS._AC_SX425_.jpg
esci-B0922YSPVM	1	https://m.media-amazon.com/images/I/61BupccjcPL._AC_SX679_.jpg
esci-B0923P5413	1	https://m.media-amazon.com/images/I/61EgT+nvwWL._AC_SX425_.jpg
esci-B0923ZSMMK	1	https://m.media-amazon.com/images/I/61j0tExCzoS._AC_SX425_.jpg
esci-B0924BFG3Z	1	https://m.media-amazon.com/images/I/71cwQqOOBoL._SX522_.jpg
esci-B0928K4S8C	1	https://m.media-amazon.com/images/I/61yff6CMbdL._AC_SX679_.jpg
esci-B0928LFJTC	1	https://m.media-amazon.com/images/I/810ZjfgURrS._AC_SX679_.jpg
esci-B092CQSW1Y	1	https://m.media-amazon.com/images/I/8152mrhpSHS._AC_SX679_.jpg
esci-B092D645T7	1	https://m.media-amazon.com/images/I/61-l3tB6HuS._AC_SX425_.jpg
esci-B092HN397S	1	https://m.media-amazon.com/images/I/71StRdeQ52L._AC_SX679_.jpg
esci-B092HN4RR9	1	https://m.media-amazon.com/images/I/71sg8O6noZL._AC_SX425_PIbundle-4,TopRight,0,0_SH20_.jpg
esci-B092HZLXPD	1	https://m.media-amazon.com/images/I/7154E3TizmL._AC_SX679_.jpg
esci-B092MH3GKD	1	https://m.media-amazon.com/images/I/61otHa8rQ9L._AC_SX679_.jpg
esci-B092YY45P6	1	https://m.media-amazon.com/images/I/71a7QWTJZPL._AC_SX425_.jpg
esci-B092ZHH6LM	1	https://m.media-amazon.com/images/I/71+HvzJ8xIS._AC_SX425_PIbundle-2,TopRight,0,0_SH20_.jpg
esci-B093161C6V	1	https://m.media-amazon.com/images/I/71F-PRYzFyL._AC_SX679_.jpg
esci-B0932PR753	1	https://m.media-amazon.com/images/I/61JnNtVFfNS._AC_SX679_.jpg
esci-B0933FH4HQ	1	https://m.media-amazon.com/images/I/71ItH1SnRLL._SX385_.jpg
esci-B09372NCMF	1	https://m.media-amazon.com/images/I/81ZX-NgwAOS._AC_SX522_.jpg
esci-B0939YR618	1	https://m.media-amazon.com/images/I/61FTeFNDrLL._AC_SY450_.jpg
esci-B093FLSD29	1	https://m.media-amazon.com/images/I/71etuDvrKyS._SX522_.jpg
esci-B093KDDGMJ	1	https://m.media-amazon.com/images/I/610xNdYd1YL._AC_SX425_.jpg
esci-B093PTGRGF	1	https://m.media-amazon.com/images/I/91bJM-uVEQL._AC_SX679_.jpg
esci-B093Q352WP	1	https://m.media-amazon.com/images/I/61leme4dI3L._AC_SX679_.jpg
esci-B093RZNGYH	1	https://m.media-amazon.com/images/I/81qRbdUzSiL._AC_SX679_.jpg
esci-B093Y3FYGN	1	https://m.media-amazon.com/images/I/6122fFcueFS._AC_SX679_.jpg
esci-B0946YGWR7	1	https://m.media-amazon.com/images/I/41Pn-OZYWcS._AC_SX679_.jpg
esci-B09474CXWR	1	https://m.media-amazon.com/images/I/718fvB-uB-L._AC_SX425_.jpg
esci-B094CBPHGZ	1	https://m.media-amazon.com/images/I/71j70qZOJNL._AC_SX385_.jpg
esci-B094FFF4VT	1	https://m.media-amazon.com/images/I/61FnHK4WWEL._AC_SX385_.jpg
esci-B094H29ZHQ	1	https://m.media-amazon.com/images/I/71w1dH2Iw4S._AC_SX679_.jpg
esci-B094W1WWNN	1	https://m.media-amazon.com/images/I/61eqMm1hBSS._AC_SX679_.jpg
esci-B09533Q88X	1	https://m.media-amazon.com/images/I/71L97w5xWSL.__AC_SX300_SY300_QL70_FMwebp_.jpg
esci-B095H5C9WV	1	https://m.media-amazon.com/images/I/51UNAW0I2HS._AC_SX679_.jpg
esci-B095JR7PYM	1	https://m.media-amazon.com/images/I/81Jcs3FYkIL._AC_SX679_.jpg
esci-B095PQNSSK	1	https://m.media-amazon.com/images/I/614fOAykIBS._AC_SX679_.jpg
esci-B095RWRTVP	1	https://m.media-amazon.com/images/I/71CGgRs7S3L._AC_SX679_.jpg
esci-B095SXC1SZ	1	https://m.media-amazon.com/images/I/61cbJCc21pS._AC_SX385_.jpg
esci-B0963BRMRY	1	https://m.media-amazon.com/images/I/51zlKSEJLtS._AC_SX679_.jpg
esci-B09685Z33G	1	https://m.media-amazon.com/images/I/61KZ8uOQwXL._AC_SX679_.jpg
esci-B0971PBMVG	1	https://m.media-amazon.com/images/I/71WiUfPF8XL._AC_SX425_PIbundle-60,TopRight,0,0_SH20_.jpg
esci-B09785MPYQ	1	https://m.media-amazon.com/images/I/810CLq2dUuS._AC_SX679_.jpg
esci-B097BF2FRZ	1	https://m.media-amazon.com/images/I/71If+TVm0+L._AC_SX425_.jpg
esci-B097CX5FQM	1	https://m.media-amazon.com/images/I/61jqxS1OWnS._AC_SX679_.jpg
esci-B097RPZDTV	1	https://m.media-amazon.com/images/I/71UVHX2n4jL._AC_SX679_.jpg
esci-B09832ZKGW	1	https://m.media-amazon.com/images/I/51etHlcnkOS._AC_SX679_.jpg
esci-B0989FVF3V	1	https://m.media-amazon.com/images/I/81miQNgng9S._AC_SX679_.jpg
esci-B098JLDZ3D	1	https://m.media-amazon.com/images/I/712iyNvOKRL._AC_SX679_.jpg
esci-B098JPVGDR	1	https://m.media-amazon.com/images/I/71GjvguTm4L._AC_SX679_.jpg
esci-B098NBXTFW	1	https://m.media-amazon.com/images/I/61YFHFUOnfL._AC_SX425_.jpg
esci-B098NLVC3C	1	https://m.media-amazon.com/images/I/61dHZRTTy2L._AC_SX679_.jpg
esci-B0995QBMV8	1	https://m.media-amazon.com/images/I/81ac84irgTS._AC_SX679_.jpg
esci-B099J82WWB	1	https://m.media-amazon.com/images/I/513FKwSzYjL._SX522_.jpg
esci-B09B3HJJ9G	1	https://m.media-amazon.com/images/I/61MWBe3qN4L._AC_SX679_PIbundle-4,TopRight,0,0_SH20_.jpg
esci-B09B8Q81J7	1	https://m.media-amazon.com/images/I/51HG6UgSDKL._AC_SX569_.jpg
esci-B09BN7VHZQ	1	https://m.media-amazon.com/images/I/81-5blpK0iS._AC_SX679_.jpg
esci-B09BQS9NVH	1	https://m.media-amazon.com/images/I/61y7TRgAaeL._AC_SX679_.jpg
esci-B09C8X78B6	1	https://m.media-amazon.com/images/I/61VOn--L-7L._AC_SX679_.jpg
esci-B09CG3JFJM	1	https://m.media-amazon.com/images/I/71TtMyV5drL._AC_SX679_.jpg
esci-B09CL7HW1R	1	https://m.media-amazon.com/images/I/71tviBALCLL._SX522_.jpg
